"basisOfRecord","brackish","catalogNumber","class","classid","collectionCode","collectionID","continent","coordinateUncertaintyInMeters","country","dateIdentified","date_end","date_mid","date_start","date_year","day","decimalLatitude","decimalLongitude","eventDate","family","familyid","fieldNumber","genus","genusid","geodeticDatum","georeferenceRemarks","higherClassification","higherGeography","identifiedBy","infraclass","infraclassid","infraorder","infraorderid","institutionCode","institutionID","kingdom","kingdomid","language","license","locality","locationID","marine","month","nomenclaturalCode","occurrenceID","occurrenceRemarks","order","orderid","phylum","phylumid","preparations","recordedBy","scientificName","scientificNameAuthorship","species","speciesid","specificEpithet","startDayOfYear","stateProvince","subclass","subclassid","subterclass","subterclassid","superdomain","superdomainid","superfamily","superfamilyid","superorder","superorderid","taxonRank","type","verbatimLatitude","verbatimLongitude","year","id","dataset_id","node_id","dropped","absence","originalScientificName","aphiaID","flags","bathymetry","shoredistance","sst","sss","associatedReferences","bibliographicCitation","depth","gigaclass","gigaclassid","individualCount","infraphylum","infraphylumid","maximumDepthInMeters","minimumDepthInMeters","parvphylum","parvphylumid","scientificNameID","subfamily","subfamilyid","subphylum","subphylumid","superclass","superclassid","unaccepted","waterBody","wrims","eventRemarks","typeStatus","verbatimEventDate","modified","otherCatalogNumbers","countryCode","datasetName","eventTime","identificationID","occurrenceStatus","references","rightsHolder","taxonID","verbatimLocality","endDayOfYear","section","sectionid","suborder","suborderid","subsection","subsectionid","accessRights","ownerInstitutionCode","recordNumber","verbatimDepth","georeferenceProtocol","parvorder","parvorderid","habitat","dynamicProperties","informationWithheld","lifeStage","sex","vitality","megaclass","megaclassid","island","islandGroup","materialSampleID","previousIdentifications","identificationRemarks","tribe","tribeid","category","samplingProtocol","degreeOfEstablishment","georeferencedBy","georeferencedDate","locationAccordingTo","verbatimCoordinateSystem","verbatimCoordinates","coordinatePrecision","footprintWKT","vernacularName","datasetID","fieldNotes","subgenus","subgenusid","georeferenceSources","locationRemarks","identificationQualifier"
"PreservedSpecimen","false","103701","Gastropoda","101","IZ","https://www.gbif.org/grscicoll/collection/5d4a63d3-e994-4b19-b592-e853a8e3b470","Asia","5729","Philippines","1995-03-04","794275200000","794275200000","794275200000","1995","4","14.170135","120.575502","1995-03-04","Phyllidiidae","23093","046509","Phyllidiopsis","138348","WGS 84","[needs verification] Hamilo Bay. Placed marker near Hamilo Point.","Animalia, Mollusca, Gastropoda, Heterobranchia, Euthyneura, Ringipleura, Nudipleura, Nudibranchia, Doridina, Doridoidei, Phyllidioidea, Phyllidiidae","Asia, North Pacific Ocean, Philippines, Luzon Island","T.M. Gosliner","Euthyneura","1057247","Doridoidei","246038","CAS","http://grscicoll.org/institution/california-academy-sciences","Animalia","2","en","https://creativecommons.org/publicdomain/zero/1.0/","Hamilo Bay, Pinnacle Rock","062799b5-2598-11ed-aace-005056be1b7a","true","3","ICZN","urn:catalog:CAS:IZ:103701","original label erroneously reads ""ST 40"".","Doridida","1829294","Mollusca","51","Fluid-75% EtOH(1)","T.M. Gosliner","Phyllidiopsis striata","Bergh, 1889","Phyllidiopsis striata","536722","striata","63","Batangas Province","Heterobranchia","14712","Ringipleura","1057249","Biota","1","Phyllidioidea","412563","Nudipleura","411966","species","Physical Object","14.170135","120.575502","1995","02336494-333a-4753-b396-f8ab8b2b62a7","aa16d305-d413-4c4a-90be-b1ec3298d58d","[""b7c47783-a020-4173-b390-7b57c4fa1426""]","false","false","Phyllidiopsis striata","536722","[""NO_DEPTH""]","-21","78","28.48","31.91","","","","","","","","","","","","","","","","","","","","","","","","","","","","","","","","","","","","","","","","","","","","","","","","","","","","","","","","","","","","","","","","","","","","","","","","","","","","","","","","","","",""
"PreservedSpecimen","false","171462.5271945","Teleostei","293496","Vertebrate Zoology; Fishes","","","","Philippines","","-1921708800000","-1921708800000","-1921708800000","1909","8","14.3000001907","120.699996948","1909-02-08T12:00:00Z","Apogonidae","125518","","Ostorhinchus","297317","","","","","","","","","","USNM","","Animalia","2","","","Corregidor Lt., N. 74 Degrees W., 6.9 Miles, Manila Bay","","true","2","","","","Kurtiformes","1517499","Chordata","1821","","","Ostorhinchus fasciatus","","Ostorhinchus fasciatus","712656","","","","","","","","","","","","","","","","","","1909","0283ab44-b1e8-4ed4-9e11-2cff048300aa","d6d6fe4c-425f-4ce7-bf28-7a6befaeb413","[""310922b4-9d0c-4de1-92d7-9b442d34765b""]","false","false","Apogon fasciatus","712656","[]","10","1370","28.48","31.6","National Museum of Natural History, Smithsonian Institution","Department of Vertebrate Zoology, Research and Collections Information System, NMNH, Smithsonian Institution","22","Actinopterygii","10194","9.0","Gnathostomata","1828","22","22","Osteichthyes","152352","urn:lsid:marinespecies.org:taxname:209342","Apogoninae","267079","Vertebrata","146419","Actinopteri","843664","209342","Pacific","true","","","","","","","","","","","","","","","","","","","","","","","","","","","","","","","","","","","","","","","","","","","","","","","","","","","","","","","","","","","","",""
"PreservedSpecimen","","103915","Octocorallia","1341","IZ","https://www.gbif.org/grscicoll/collection/5d4a63d3-e994-4b19-b592-e853a8e3b470","Asia","5729","Philippines","","794275200000","794275200000","794275200000","1995","4","14.170135","120.575502","1995-03-04","Plexauridae","125277","046286","","","WGS 84","[needs verification] Hamilo Cove. Placed marker near Hamilo Point.","Animalia, Cnidaria, Anthozoa, Octocorallia, Alcyonacea, Holaxonia, Plexauridae","Asia, North Pacific Ocean, Philippines, Luzon","","","","","","CAS","http://grscicoll.org/institution/california-academy-sciences","Animalia","2","en","https://creativecommons.org/publicdomain/zero/1.0/","Nasugbu, Hamilo Cove, 14deg-10'N, 120 deg,33'E,","062693ea-2598-11ed-aace-005056be1b7a","true","3","ICZN","urn:catalog:CAS:IZ:103915","","Malacalcyonacea","1609357","Cnidaria","1267","Fluid-75% EtOH(2)","G.C. Williams","Plexauridae","Gray, 1859","","","","63","Batangas Province","","","","","Biota","1","","","","","","Physical Object","14.170135","120.575502","1995","040dc348-a8ff-4b5b-a5a4-5a6d0c178cb0","aa16d305-d413-4c4a-90be-b1ec3298d58d","[""b7c47783-a020-4173-b390-7b57c4fa1426""]","false","false","Plexauridae","125277","[]","-21","78","28.48","31.91","","","12.19","","","","","","","12.19","","","","","","Anthozoa","1292","","","","","","Water temp: 78deg F, Visibility 25-30'","","","","","","","","","","","","","","","","","","","","","","","","","","","","","","","","","","","","","","","","","","","","","","","","","","","","","","","","","","","",""
"PreservedSpecimen","","103557","Gastropoda","101","IZ","https://www.gbif.org/grscicoll/collection/5d4a63d3-e994-4b19-b592-e853a8e3b470","Asia","5729","Philippines","1995-12-12","794275200000","794275200000","794275200000","1995","4","14.170135","120.575502","1995-03-04","Plakobranchidae","411960","046881","Thuridilla","137929","WGS 84","[needs verification] Hamilo Bay. Placed marker near Hamilo Point.","Animalia, Mollusca, Gastropoda, Heterobranchia, Euthyneura, Tectipleura, Sacoglossa, Plakobranchoidea, Plakobranchidae","Asia, North Pacific Ocean, Philippines, Luzon Island","T.M. Gosliner","Euthyneura","1057247","","","CAS","http://grscicoll.org/institution/california-academy-sciences","Animalia","2","en","https://creativecommons.org/publicdomain/zero/1.0/","Hamilo Bay, The Head","062912d9-2598-11ed-aace-005056be1b7a","true","3","ICZN","urn:catalog:CAS:IZ:103557","","","","Mollusca","51","Fluid-75% EtOH(1)","Mel Segarra","Thuridilla flavomaculata","Gosliner, 1995","Thuridilla flavomaculata","494493","flavomaculata","63","Batangas Province","Heterobranchia","14712","Tectipleura","1057250","Biota","1","Plakobranchoidea","411959","Sacoglossa","167","species","Physical Object","14.170135","120.575502","1995","0613d464-70df-4928-8b2e-6a2a8998d7b3","aa16d305-d413-4c4a-90be-b1ec3298d58d","[""b7c47783-a020-4173-b390-7b57c4fa1426""]","false","false","Thuridilla flavomaculata","494493","[]","-21","78","28.48","31.91","","","9","","","","","","","9","","","","","","","","","","","","","","HOLOTYPE","04 Mar 1995","","","","","","","","","","","","","","","","","","","","","","","","","","","","","","","","","","","","","","","","","","","","","","","","","","","","","","","","","",""
"PreservedSpecimen","false","105697","Gastropoda","101","IZ","https://www.gbif.org/grscicoll/collection/5d4a63d3-e994-4b19-b592-e853a8e3b470","Asia","5729","Philippines","1995-03-04","794275200000","794275200000","794275200000","1995","4","14.170135","120.575502","1995-03-04","Chromodorididae","23003","045955","Hypselodoris","137784","WGS 84","[needs verification] Hamilo Bay. Placed marker near Hamilo Point.","Animalia, Mollusca, Gastropoda, Heterobranchia, Euthyneura, Ringipleura, Nudipleura, Nudibranchia, Doridina, Doridoidei, Chromodoridoidea, Chromodorididae, Miamirinae","Asia, North Pacific Ocean, Philippines, Luzon Island","T.M. Gosliner","Euthyneura","1057247","Doridoidei","246038","CAS","http://grscicoll.org/institution/california-academy-sciences","Animalia","2","en","https://creativecommons.org/publicdomain/zero/1.0/","Hamilo Bay, The Head","062342d9-2598-11ed-aace-005056be1b7a","true","3","ICZN","urn:catalog:CAS:IZ:105697","original label erroneously reads ""ST 44"".","Doridida","1829294","Mollusca","51","Fluid-75% EtOH(2)","T.M. Gosliner","Hypselodoris emma","Rudman, 1977","Hypselodoris emma","209596","emma","63","Batangas Province","Heterobranchia","14712","Ringipleura","1057249","Biota","1","Chromodoridoidea","1370609","Nudipleura","411966","species","Physical Object","14.170135","120.575502","1995","06f2a737-294b-4e8c-929c-aaf2ddfc153f","aa16d305-d413-4c4a-90be-b1ec3298d58d","[""b7c47783-a020-4173-b390-7b57c4fa1426""]","false","false","Hypselodoris emma","209596","[""NO_DEPTH""]","-21","78","28.48","31.91","","","","","","","","","","","","","","Miamirinae","549835","","","","","","","","","","04 Mar 1995","","","","","","","","","","","","","","","","","","","","","","","","","","","","","","","","","","","","","","","","","","","","","","","","","","","","","","","","","",""
"PreservedSpecimen","","568411-Mollusca","Gastropoda","101","Invertebrate Zoology","","Asia","","Philippines","","-631152000000","-631152000000","-631152000000","1950","","14.4766","120.8795","1950-01-01","Naticidae","145","","Sinum","138244","","","","Philippines, Cavite Province","","","","","","UF","","Animalia","2","","","Cavite","c4c4c2a6-6771-42bb-bb84-86642f6407d4","true","","","40f1a46e-6d7b-4618-bffb-03d8413e41a2","","Littorinimorpha","382213","Mollusca","51","dry - 2","de Mesa, Pedro","Sinum planulatum","","Sinum planulatum","569948","planulatum","","Cavite Province","Caenogastropoda","224570","","","Biota","1","Naticoidea","14776","","","","","","","","0895db17-01cc-40eb-9438-41b5616384f6","c5687a17-e454-40f9-9a4b-d04b2c812d74","[""b7c47783-a020-4173-b390-7b57c4fa1426""]","false","false","Sinum planulatum","569948","[""NO_DEPTH""]","2","811","28.52","31.48","","","","","","","","","","","","","","Sininae","411696","","","","","","","","","","","2023-06-15 13:27:43","1174","","","","","","","","","","","","","","","","","","","","","","","","","","","","","","","","","","","","","","","","","","","","","","","","","","","","","","","",""
"HumanObservation","false","37678123","Teleostei","293496","Observations","","","8","","2020-01-17T12:36:12Z","1458691200000","1458691200000","1458691200000","2016","","14.120535323","120.6055988417","2016-03-23T18:35:00+00:00","Soleidae","125581","","Aseraggodes","268394","EPSG:4326","","","","Jim Greenfield","","","","","iNaturalist","","Animalia","2","","https://creativecommons.org/licenses/by-nc/4.0/","","","true","","","https://www.inaturalist.org/observations/37678123","","Pleuronectiformes","10331","Chordata","1821","","Jim Greenfield","Aseraggodes albidus","","Aseraggodes albidus","398685","","","Batangas","","","","","Biota","1","","","","","species","","","","","0ae2b285-f55f-4be1-bd52-13bc465d007c","eaea291a-1e1d-4382-b86f-ac3cc15b8d5a","[""f92d5d7f-47a6-4605-9fd0-a8538dfde3fd""]","false","false","Aseraggodes albidus","398685","[""NO_DEPTH""]","-19","35","28.43","31.84","","","","Actinopterygii","10194","","Gnathostomata","1828","","","Osteichthyes","152352","urn:lsid:marinespecies.org:taxname:398685","","","Vertebrata","146419","Actinopteri","843664","","","","","","2016/03/23 6:35 PM GMT","2026-05-04T09:07:43Z","","PH","iNaturalist research-grade observations","18:35:00+00:00","83978833","urn:lsid:marinespecies.org:taxname:398685","https://www.inaturalist.org/observations/37678123","Jim Greenfield","620959","Nasugbu, Batangas, Philippines","","","","","","","","","","","","","","","","","","","","","","","","","","","","","","","","","","","","","","","","","","","","","","",""
"PreservedSpecimen","true","444380","Malacostraca","1071","IZ","https://www.gbif.org/grscicoll/collection/5d4a63d3-e994-4b19-b592-e853a8e3b470","Asia","667","Philippines","","289526400000","289440000000","289353600000","1979","4","14.115468","120.612432","1979-03-04/06","Xanthidae","106769","003115","","","WGS 84","Placed marker near Maya-maya Club, Given coordinates are located inland.","Animalia, Arthropoda, Crustacea, Malacostraca, Eumalacostraca, Eucarida, Decapoda, Pleocyemata, Brachyura, Xanthoidea, Xanthidae","Asia, North Pacific Ocean, Philippines, Luzon","","","","Brachyura","106673","CAS","http://grscicoll.org/institution/california-academy-sciences","Animalia","2","en","https://creativecommons.org/publicdomain/zero/1.0/","Nasugbu, in front of the ""Maya-Maya Reef Club""","0573d53e-2598-11ed-aace-005056be1b7a","true","3","ICZN","urn:catalog:CAS:IZ:444380","","Decapoda","1130","Arthropoda","1065","Fluid-75% EtOH(2)","Antonio J. Ferreira","Xanthidae","MacLeay, 1838","","","","63","Batangas Province","Eumalacostraca","1086","","","Biota","1","Xanthoidea","106703","Eucarida","1089","","Physical Object","14.115468","120.612432","1979","0dca8368-3a74-48c3-99b4-8739e58d1819","aa16d305-d413-4c4a-90be-b1ec3298d58d","[""b7c47783-a020-4173-b390-7b57c4fa1426""]","false","false","Xanthidae","106769","[]","-3","15","28.43","31.84","","","0.61","","","","","","1.22","0","","","","","","Crustacea","1066","Multicrustacea","845959","","","true","Specimens in 2-8 oz. bottles and in very good condition.Original accession date 3 Apr 1979.","","4-6 Mar 1979","2023-02-15 09:25:23","","","","","","","","","","","65","Eubrachyura","106679","Pleocyemata","106670","Heterotremata","106680","","","","","","","","","","","","","","","","","","","","","","","","","","","","","","","","","","","","","","","",""
"PreservedSpecimen","true","57153","Teleostei","293496","I","72","","","Philippines","","","","","","11","14.433333","120.833333","","Apogonidae","125518","","Jaydia","206779","","","","","","","","","","KAUM","","Animalia","2","","(CC-BY NC) 4.0","","","true","10","","FN2[31561995]:KAUM-72[273074:57153]","","Kurtiformes","1517499","Chordata","1821","","","Jaydia poeciloptera","","Jaydia poeciloptera","1059799","","","","","","","","","","","","","","","Collection","","","2013","0fed35cf-dbcc-4a2f-884e-723d33f3c2f9","2891a788-9f30-4413-8f73-9e7686890e9d","[""dcb0c76d-46a1-4e07-9a69-98cf3fd67576""]","false","false","Apogon poecilopterus","1059799","[""NO_DEPTH""]","9","2199","28.52","31.38","","","","Actinopterygii","10194","","Gnathostomata","1828","","","Osteichthyes","152352","urn:lsid:marinespecies.org:taxname:273074","Apogoninae","267079","Vertebrata","146419","Actinopteri","843664","273074","","","","","","2016-03-14T23:18:42+09:00","","","KAUM","","","","","Tulane University","273074","","","","","","","","","Non-commercial use only","TU","30240531","0 meters","","","","","","","","","","","","","","","","","","","","","","","","","","","","","","","","","","","",""
"PreservedSpecimen","","192520","Gastropoda","101","IZ","https://www.gbif.org/grscicoll/collection/5d4a63d3-e994-4b19-b592-e853a8e3b470","Asia","667","Philippines","","289526400000","289440000000","289353600000","1979","4","14.115468","120.612432","1979-03-04/06","Turbinidae","503","003115","","","WGS 84","Placed marker near Maya-maya Club, Given coordinates are located inland.","Animalia, Mollusca, Gastropoda, Vetigastropoda, Trochida, Trochoidea, Turbinidae","Asia, North Pacific Ocean, Philippines, Luzon","","","","","","CAS","http://grscicoll.org/institution/california-academy-sciences","Animalia","2","en","https://creativecommons.org/publicdomain/zero/1.0/","Nasugbu, in front of the ""Maya-Maya Reef Club""","0573d53e-2598-11ed-aace-005056be1b7a","true","3","ICZN","urn:catalog:CAS:IZ:192520","","Trochida","1052448","Mollusca","51","Fluid-75% EtOH(1)","Antonio J. Ferreira","Turbinidae","Rafinesque, 1815","","","","63","Batangas Province","Vetigastropoda","156485","","","Biota","1","Trochoidea","156489","","","","Physical Object","14.115468","120.612432","1979","10020c02-a0ec-4d1b-9faa-0feb8b697dae","aa16d305-d413-4c4a-90be-b1ec3298d58d","[""b7c47783-a020-4173-b390-7b57c4fa1426""]","false","false","Turbinidae","503","[]","-3","15","28.43","31.84","","","0.61","","","","","","1.22","0","","","","","","","","","","","","true","Specimens in 2-8 oz. bottles and in very good condition.Original accession date 3 Apr 1979.","","4-6 Mar 1979","","","","","","","","","","","","65","","","","","","","","","","","","","","","","","","","","","","","","","","","","","","","","","","","","","","","","","","","","","",""
"PreservedSpecimen","false","93701","Gastropoda","101","IZ","https://www.gbif.org/grscicoll/collection/5d4a63d3-e994-4b19-b592-e853a8e3b470","Asia","5729","Philippines","1995-03-04","794275200000","794275200000","794275200000","1995","4","14.170135","120.575502","1995-03-04","Chromodorididae","23003","045955","Goniobranchus","558453","WGS 84","[needs verification] Hamilo Bay. Placed marker near Hamilo Point.","Animalia, Mollusca, Gastropoda, Heterobranchia, Euthyneura, Ringipleura, Nudipleura, Nudibranchia, Doridina, Doridoidei, Chromodoridoidea, Chromodorididae, Chromodoridinae","Asia, North Pacific Ocean, Philippines, Luzon Island","T.M. Gosliner","Euthyneura","1057247","Doridoidei","246038","CAS","http://grscicoll.org/institution/california-academy-sciences","Animalia","2","en","https://creativecommons.org/publicdomain/zero/1.0/","Hamilo Bay, The Head","062342d9-2598-11ed-aace-005056be1b7a","true","3","ICZN","urn:catalog:CAS:IZ:93701","formerly Chromodoris.","Doridida","1829294","Mollusca","51","Fluid-75% EtOH(1)|Image(s)(1)","T.M. Gosliner","Goniobranchus fidelis","(Kelaart, 1858)","Goniobranchus fidelis","597334","fidelis","63","Batangas Province","Heterobranchia","14712","Ringipleura","1057249","Biota","1","Chromodoridoidea","1370609","Nudipleura","411966","species","Physical Object","14.170135","120.575502","1995","11fb3814-5bab-4275-985c-f8fd7c698f2b","aa16d305-d413-4c4a-90be-b1ec3298d58d","[""b7c47783-a020-4173-b390-7b57c4fa1426""]","false","false","Goniobranchus fidelis","597334","[""NO_DEPTH""]","-21","78","28.48","31.91","","","","","","","","","","","","","","Chromodoridinae","1370610","","","","","","","","","","04 Mar 1995","","","","","","","","","","","","","","","","","","","","","","","","","","","","","","","","","","","","","","","","","","","","","","","","","","","","","","","","","",""
"PreservedSpecimen","","171492","Bivalvia","105","IZ","https://www.gbif.org/grscicoll/collection/5d4a63d3-e994-4b19-b592-e853a8e3b470","Asia","17050","Philippines","1965-07-01","-142128000000","-142128000000","-142128000000","1965","1","14.409493","120.838067","1965-07-01","Lucinidae","218","069621","","","WGS 84","[no precise location] Cavite Province. Placed marker at the coast of Cavite.","Animalia, Mollusca, Bivalvia, Autobranchia, Heteroconchia, Euheterodonta, Imparidentia, Lucinida, Lucinoidea, Lucinidae","Asia, North Pacific Ocean, Philippines, Luzon Island","P. de Mesa","Heteroconchia","1424949","","","CAS","http://grscicoll.org/institution/california-academy-sciences","Animalia","2","en","https://creativecommons.org/publicdomain/zero/1.0/","Cavite","0696bfb6-2598-11ed-aace-005056be1b7a","true","7","ICZN","urn:catalog:CAS:IZ:171492","","Lucinida","489106","Mollusca","51","Dry-dry(2)","P. de Mesa","Lucinidae","J. Fleming, 1828","","","","182","Cavite [Province]","Autobranchia","1424948","Euheterodonta","382296","Biota","1","Lucinoidea","14627","Imparidentia","869600","","Physical Object","14.409493","120.838067","1965","123e5218-942e-4a48-9152-f39212908ca0","aa16d305-d413-4c4a-90be-b1ec3298d58d","[""b7c47783-a020-4173-b390-7b57c4fa1426""]","false","false","Lucinidae","218","[]","2","560","","","","","3.5","","","","","","5","2","","","","","","","","","","","","true","","","01 Jul 1965","","","","","","","","","","","","","","","","","","","","","","","","","","","","","","","","","","","","","","","","","","","","","","","","","","","","","","","","","",""
"PreservedSpecimen","true","51977","Teleostei","293496","ICH","http://grscicoll.org/institutional-collection/cas-ichthyology","Pacific Ocean","24829","Philippines","","","","","","","14.358786","120.760205","","Nemipteridae","151459","VIII-49 MANILA","Nemipterus","205457","","Error covers Manila Bay off Cavite Province.","Animalia, Chordata, Actinopteri, Acanthuriformes, Nemipteridae","Pacific Ocean, Indo-West Pacific, Philippines","","","","","","CAS","http://grscicoll.org/institution/california-academy-sciences","Animalia","2","en","https://creativecommons.org/publicdomain/zero/1.0/","off Cavite Prov.","","true","","ICZN","urn:catalog:CAS:ICH:51977","","Eupercaria incertae sedis","1517577","Chordata","1821","alcohol-75% EtOH","","Nemipterus peronii","Valenciennes 1830","Nemipterus peronii","218520","tolu","","Cavite","","","","","Biota","1","","","","","species","Physical Object","14.358786°","120.760205°","","195da90c-d74e-423a-bef9-e412bcfeb92a","d6af0fac-8a21-4d77-8872-f10d471fc0cf","[""b7c47783-a020-4173-b390-7b57c4fa1426""]","false","false","Nemipterus tolu","218520","[""NO_DEPTH""]","8","2461","28.51","31.51","","","","Actinopterygii","10194","1","Gnathostomata","1828","","","Osteichthyes","152352","","","","Vertebrata","146419","Actinopteri","843664","311497","MANILA BAY","","","","","1995-04-13 00:00:00","UW 7756","","","","","","","","","","","","","","","","","","","","","FishNet Collaborative Georeferencing Project","","","","","","","","","","","","","","","","","","","","","","","","","","","","","","","","","","",""
"PreservedSpecimen","","104008","Octocorallia","1341","IZ","https://www.gbif.org/grscicoll/collection/5d4a63d3-e994-4b19-b592-e853a8e3b470","Asia","5729","Philippines","1995-04-01","794275200000","794275200000","794275200000","1995","4","14.170135","120.575502","1995-03-04","Plexauridae","125277","046288","","","WGS 84","[needs verification] Hamilo Cove. Placed marker near Hamilo Point.","Animalia, Cnidaria, Anthozoa, Octocorallia, Alcyonacea, Holaxonia, Plexauridae","Asia, North Pacific Ocean, Philippines, Luzon","G.C. Williams","","","","","CAS","http://grscicoll.org/institution/california-academy-sciences","Animalia","2","en","https://creativecommons.org/publicdomain/zero/1.0/","Nasugbu, Hamilo Cove, Hamilo Cove Point","06269608-2598-11ed-aace-005056be1b7a","true","3","ICZN","urn:catalog:CAS:IZ:104008","","Malacalcyonacea","1609357","Cnidaria","1267","Fluid-75% EtOH(2)","Gary C. Williams","Plexauridae","Gray, 1859","","","","63","Batangas Province","","","","","Biota","1","","","","","","Physical Object","14.170135","120.575502","1995","1e03ac9d-fb96-4aee-8e43-f403ec9287ce","aa16d305-d413-4c4a-90be-b1ec3298d58d","[""b7c47783-a020-4173-b390-7b57c4fa1426""]","false","false","Plexauridae","125277","[]","-21","78","28.48","31.91","","","12.190000000000001","","","","","","16.76","7.62","","","","","","Anthozoa","1292","","","","","","Water temp: 78deg F, Visibility 15', ""murky"" conditions; Eleutherobia collected at 45 ft; many gorgonians (plexaurids).","","4 Mar 1995","","","","","4 Mar 1995","","","","","","","","","","","","","","","","","","","","","","","","","","","","","","","","","","","","","","","","","","","","","","","","","","","","",""
"PreservedSpecimen","","103784","Gastropoda","101","IZ","https://www.gbif.org/grscicoll/collection/5d4a63d3-e994-4b19-b592-e853a8e3b470","Asia","5729","Philippines","1995-03-04","794275200000","794275200000","794275200000","1995","4","14.170135","120.575502","1995-03-04","Aglajidae","22981","046533","Odontoglaja","559046","WGS 84","[needs verification] Hamilo Bay. Placed marker near Hamilo Point.","Animalia, Mollusca, Gastropoda, Heterobranchia, Euthyneura, Tectipleura, Cephalaspidea, Philinoidea, Aglajidae","Asia, North Pacific Ocean, Philippines, Luzon Island","T.M. Gosliner","Euthyneura","1057247","","","CAS","http://grscicoll.org/institution/california-academy-sciences","Animalia","2","en","https://creativecommons.org/publicdomain/zero/1.0/","Hamilo Bay, Pinnacle Rock","0627b0de-2598-11ed-aace-005056be1b7a","true","3","ICZN","urn:catalog:CAS:IZ:103784","","Cephalaspidea","154","Mollusca","51","Fluid-75% EtOH(1)|Image(s)(1)","M.T. Ghiselin","Odontoglaja guamensis","Rudman, 1978","Odontoglaja guamensis","559047","guamensis","63","Batangas Province","Heterobranchia","14712","Tectipleura","1057250","Biota","1","Philinoidea","196322","","","species","Physical Object","14.170135","120.575502","1995","1e2135af-f30d-4c2e-b35e-64838c8b2c0d","aa16d305-d413-4c4a-90be-b1ec3298d58d","[""b7c47783-a020-4173-b390-7b57c4fa1426""]","false","false","Odontoglaja guamensis","559047","[]","-21","78","28.48","31.91","","","10","","","","","","","10","","","","","","","","","","","","","","","04 Mar 1995","","","","","","","","","","","","","","","","","","","","","","","","","","","","","","","","","","","","","","","","","","","","","","","","","","","","","","","","","",""
"PreservedSpecimen","false","105250","Malacostraca","1071","IZ","https://www.gbif.org/grscicoll/collection/5d4a63d3-e994-4b19-b592-e853a8e3b470","Asia","5729","Philippines","","794275200000","794275200000","794275200000","1995","4","14.170135","120.575502","1995-03-04","","","046288","","","WGS 84","[needs verification] Hamilo Cove. Placed marker near Hamilo Point.","Animalia, Arthropoda, Crustacea, Malacostraca, Eumalacostraca, Peracarida, Amphipoda, Caprellidea","Asia, North Pacific Ocean, Philippines, Luzon","","","","Corophiida","719474","CAS","http://grscicoll.org/institution/california-academy-sciences","Animalia","2","en","https://creativecommons.org/publicdomain/zero/1.0/","Nasugbu, Hamilo Cove, Hamilo Cove Point","06269608-2598-11ed-aace-005056be1b7a","true","3","ICZN","urn:catalog:CAS:IZ:105250","Split from the octocoral Acalycigorgia with sponge. GCW Field # 44.","Amphipoda","1135","Arthropoda","1065","Fluid-75% EtOH(1)","Gary C. Williams","Caprelloidea","Leach, 1814","","","","63","Batangas Province","Eumalacostraca","1086","","","Biota","1","Caprelloidea","196121","Peracarida","1090","","Physical Object","14.170135","120.575502","1995","2211e2ea-c2c3-4480-bfda-13574ee4a27c","aa16d305-d413-4c4a-90be-b1ec3298d58d","[""b7c47783-a020-4173-b390-7b57c4fa1426""]","false","false","Caprellidea","196121","[]","-21","78","28.48","31.91","","","12.190000000000001","","","","","","16.76","7.62","","","","","","Crustacea","1066","Multicrustacea","845959","1206","","true","Water temp: 78deg F, Visibility 15', ""murky"" conditions; Eleutherobia collected at 45 ft; many gorgonians (plexaurids).","","4 Mar 1995","","","","","4 Mar 1995","","","","","","","","","","Senticaudata","719424","","","","","","","","Caprellidira","719478","","","","","","","","","","","","","","","","","","","","","","","","","","","","","","","","",""
"PreservedSpecimen","false","455508","Gastropoda","101","IZ","https://www.gbif.org/grscicoll/collection/5d4a63d3-e994-4b19-b592-e853a8e3b470","Asia","17050","Philippines","","289267200000","289267200000","289267200000","1979","3","14.409493","120.838067","1979-03-03","Acmaeidae","114","003118","","","WGS 84","[no precise location] Cavite Province. Placed marker at the coast of Cavite.","Animalia, Mollusca, Gastropoda, Patellogastropoda, Lottioidea, Acmaeidae","Asia, North Pacific Ocean, Philippines, Luzon","","","","","","CAS","http://grscicoll.org/institution/california-academy-sciences","Animalia","2","en","https://creativecommons.org/publicdomain/zero/1.0/","55 km S of Manila, Ternate, from a small beach on cove near a river, at water's edge.","0573d704-2598-11ed-aace-005056be1b7a","true","3","ICZN","urn:catalog:CAS:IZ:455508","Determination is Group No. 36-1-1: Acmaeidae, Lottiidae or Eoacmaeidae.","","","Mollusca","51","Fluid-75% EtOH(1)","Antonio J. Ferreira","Acmaeidae","Forbes, 1850","","","","62","Cavite Province","Patellogastropoda","382158","","","Biota","1","Lottioidea","391063","","","","Physical Object","14.409493","120.838067","1979","22afe7ba-e302-40ed-80f2-2100e1031a4e","aa16d305-d413-4c4a-90be-b1ec3298d58d","[""b7c47783-a020-4173-b390-7b57c4fa1426""]","false","false","Acmaeidae","114","[]","2","560","","","","","0","","","","","","","0","","","","","","","","","","","","","Specimens in 1-8 oz. bottle and in very good condition. Ecological data: murky water, a few stones at water's edge.Original accession date 5 Apr 1979.","","3 Mar 1979","2024-08-29 12:23:37","","","","","","","","","","","","","","","","","","","","","","","","","rock","","","","","","","","","","","","","","","","","","","","","","","","","","","","","","","",""
"PreservedSpecimen","false","51976","Teleostei","293496","ICH","62","","24829","Philippines","","","","","","2","14.358786","120.760205","","Nemipteridae","151459","","Nemipterus","205457","","","","","","","","","","CAS","","Animalia","2","","(CC-BY NC) 4.0","","","true","10","","FN2[31210302]:CAS-62[278118:51976]","","Eupercaria incertae sedis","1517577","Chordata","1821","","","Nemipterus balinensis","","Nemipterus balinensis","278118","","","","","","","","","","","","","","","Collection","","","1947","2440495a-808f-4884-a3ee-bba45f8d072c","2891a788-9f30-4413-8f73-9e7686890e9d","[""dcb0c76d-46a1-4e07-9a69-98cf3fd67576""]","false","false","Nemipterus balinensis","278118","[""NO_DEPTH""]","8","2461","28.51","31.51","","","","Actinopterygii","10194","1","Gnathostomata","1828","","","Osteichthyes","152352","urn:lsid:marinespecies.org:taxname:278118","","","Vertebrata","146419","Actinopteri","843664","","","","","","","00:00.0","","","CAS","","","","","Tulane University","278118","","","","","","","","","Non-commercial use only","TU","31078147","","","","","","","","","","","","","","","","","","","","","","","","","","","","","","","","","","","","",""
"PreservedSpecimen","","104012","Octocorallia","1341","IZ","https://www.gbif.org/grscicoll/collection/5d4a63d3-e994-4b19-b592-e853a8e3b470","Asia","5729","Philippines","1995-04-01","794275200000","794275200000","794275200000","1995","4","14.170135","120.575502","1995-03-04","Plexauridae","125277","046288","","","WGS 84","[needs verification] Hamilo Cove. Placed marker near Hamilo Point.","Animalia, Cnidaria, Anthozoa, Octocorallia, Alcyonacea, Holaxonia, Plexauridae","Asia, North Pacific Ocean, Philippines, Luzon","G.C. Williams","","","","","CAS","http://grscicoll.org/institution/california-academy-sciences","Animalia","2","en","https://creativecommons.org/publicdomain/zero/1.0/","Nasugbu, Hamilo Cove, Hamilo Cove Point","06269608-2598-11ed-aace-005056be1b7a","true","3","ICZN","urn:catalog:CAS:IZ:104012","","Malacalcyonacea","1609357","Cnidaria","1267","Fluid-75% EtOH(1)","Gary C. Williams","Plexauridae","Gray, 1859","","","","63","Batangas Province","","","","","Biota","1","","","","","","Physical Object","14.170135","120.575502","1995","27010e20-cc38-4c0b-bda6-06a921364882","aa16d305-d413-4c4a-90be-b1ec3298d58d","[""b7c47783-a020-4173-b390-7b57c4fa1426""]","false","false","Plexauridae","125277","[]","-21","78","28.48","31.91","","","12.190000000000001","","","","","","16.76","7.62","","","","","","Anthozoa","1292","","","","","","Water temp: 78deg F, Visibility 15', ""murky"" conditions; Eleutherobia collected at 45 ft; many gorgonians (plexaurids).","","4 Mar 1995","","","","","4 Mar 1995","","","","","","","","","","","","","","","","","","","","","","","","","","","","","","","","","","","","","","","","","","","","","","","","","","","","",""
"PreservedSpecimen","","104009","Octocorallia","1341","IZ","https://www.gbif.org/grscicoll/collection/5d4a63d3-e994-4b19-b592-e853a8e3b470","Asia","5729","Philippines","1995-04-01","794275200000","794275200000","794275200000","1995","4","14.170135","120.575502","1995-03-04","Cladiellidae","1749530","046286","Cladiella","205863","WGS 84","[needs verification] Hamilo Cove. Placed marker near Hamilo Point.","Animalia, Cnidaria, Anthozoa, Octocorallia, Alcyonacea, Alcyoniina, Alcyoniidae","Asia, North Pacific Ocean, Philippines, Luzon","G.C. Williams","","","","","CAS","http://grscicoll.org/institution/california-academy-sciences","Animalia","2","en","https://creativecommons.org/publicdomain/zero/1.0/","Nasugbu, Hamilo Cove, 14deg-10'N, 120 deg,33'E,","062693ea-2598-11ed-aace-005056be1b7a","true","3","ICZN","urn:catalog:CAS:IZ:104009","","Malacalcyonacea","1609357","Cnidaria","1267","Fluid-75% EtOH(6)","G.C. Williams","Cladiella","Gray, 1869","","","","63","Batangas Province","","","","","Biota","1","","","","","","Physical Object","14.170135","120.575502","1995","28a00ae3-7421-4a58-b909-f1921351feaa","aa16d305-d413-4c4a-90be-b1ec3298d58d","[""b7c47783-a020-4173-b390-7b57c4fa1426""]","false","false","Cladiella","205863","[]","-21","78","28.48","31.91","","","12.19","","","","","","","12.19","","","","","","Anthozoa","1292","","","","","","Water temp: 78deg F, Visibility 25-30'","","","","","","","","","","","","","","","","","","","","","","","","","","","","","","","","","","","","","","","","","","","","","","","","","","","","","","","","","","","",""
"HumanObservation","","328594188","Hexacorallia","1340","Observations","","","30981","","2025-11-28T07:39:34Z","1489622400000","1489622400000","1489622400000","2017","","14.1242038871","120.6292283851","2017-03-16","Fungiidae","196100","","Heliofungia","206539","EPSG:4326","","","","Trizza Grail Sanchez","","","","","iNaturalist","","Animalia","2","","https://creativecommons.org/licenses/by-nc/4.0/","","","true","","","https://www.inaturalist.org/observations/328594188","","Scleractinia","1363","Cnidaria","1267","","Trizza Grail Sanchez","Heliofungia actiniformis","","Heliofungia actiniformis","207362","","","Batangas","","","","","Biota","1","","","","","species","","","","","29c0b698-752d-40e6-8422-c2a95ca372a0","eaea291a-1e1d-4382-b86f-ac3cc15b8d5a","[""f92d5d7f-47a6-4605-9fd0-a8538dfde3fd""]","false","false","Heliofungia actiniformis","207362","[""NO_DEPTH"",""ON_LAND""]","-87","-1355","28.43","31.84","","","","","","","","","","","","","urn:lsid:marinespecies.org:taxname:207362","","","Anthozoa","1292","","","","","","","","2017-03-16","2026-01-30T00:45:50Z","","PH","iNaturalist research-grade observations","","731739480","urn:lsid:marinespecies.org:taxname:207362","https://www.inaturalist.org/observations/328594188","Trizza Grail Sanchez","102420","Philippines","","","","Vacatina","1517259","","","","","","","","","","","{""evidenceOfPresence"":""organism""}","Coordinate uncertainty increased to 30981m to protect threatened taxon","adult","undetermined","alive","","","","","","","","","","","","","","","","","","","","","","","","","","",""
"PreservedSpecimen","","175890","Octocorallia","1341","IZ","https://www.gbif.org/grscicoll/collection/5d4a63d3-e994-4b19-b592-e853a8e3b470","Asia","5729","Philippines","","794275200000","794275200000","794275200000","1995","4","14.170135","120.575502","1995-03-04","Alcyoniidae","125269","046288","Eleutherobia","203986","WGS 84","[needs verification] Hamilo Cove. Placed marker near Hamilo Point.","Animalia, Cnidaria, Anthozoa, Octocorallia, Alcyonacea, Alcyoniina, Alcyoniidae","Asia, North Pacific Ocean, Philippines, Luzon","G.C. Williams","","","","","CAS","http://grscicoll.org/institution/california-academy-sciences","Animalia","2","en","https://creativecommons.org/publicdomain/zero/1.0/","Nasugbu, Hamilo Cove, Hamilo Cove Point","06269608-2598-11ed-aace-005056be1b7a","true","3","ICZN","urn:catalog:CAS:IZ:175890","","Malacalcyonacea","1609357","Cnidaria","1267","Fluid-75% EtOH(7)","Gary C. Williams","Eleutherobia","Pütter, 1900","","","","63","Batangas Province","","","","","Biota","1","","","","","","Physical Object","14.170135","120.575502","1995","2ae51968-d3a2-4bd4-b458-c0276d914d96","aa16d305-d413-4c4a-90be-b1ec3298d58d","[""b7c47783-a020-4173-b390-7b57c4fa1426""]","false","false","Eleutherobia","203986","[]","-21","78","28.48","31.91","","","12.190000000000001","","","","","","16.76","7.62","","","","","","Anthozoa","1292","","","","","","Water temp: 78deg F, Visibility 15', ""murky"" conditions; Eleutherobia collected at 45 ft; many gorgonians (plexaurids).","","4 Mar 1995","2026-08-17 12:40:06","","","","4 Mar 1995","","","","","","","","","","","","","","","","","","","","","","","","","","","","","","","","","","","","","","","","","","","","","","","","","","","","",""
"PreservedSpecimen","","103801","Octocorallia","1341","IZ","https://www.gbif.org/grscicoll/collection/5d4a63d3-e994-4b19-b592-e853a8e3b470","Asia","5729","Philippines","1995-04-01","794275200000","794275200000","794275200000","1995","4","14.170135","120.575502","1995-03-04","Carijoidae","1749523","046286","Carijoa","205447","WGS 84","[needs verification] Hamilo Cove. Placed marker near Hamilo Point.","Animalia, Cnidaria, Anthozoa, Octocorallia, Alcyonacea, Stolonifera, Clavulariidae","Asia, North Pacific Ocean, Philippines, Luzon","G.C. Williams","","","","","CAS","http://grscicoll.org/institution/california-academy-sciences","Animalia","2","en","https://creativecommons.org/publicdomain/zero/1.0/","Nasugbu, Hamilo Cove, 14deg-10'N, 120 deg,33'E,","062693ea-2598-11ed-aace-005056be1b7a","true","3","ICZN","urn:catalog:CAS:IZ:103801","","Malacalcyonacea","1609357","Cnidaria","1267","Fluid-75% EtOH(2)","G.C. Williams","Carijoa","Müller, 1867","","","","63","Batangas Province","","","","","Biota","1","","","","","","Physical Object","14.170135","120.575502","1995","2ae5dce9-1bf0-47a0-ba59-cd8b899c7fb1","aa16d305-d413-4c4a-90be-b1ec3298d58d","[""b7c47783-a020-4173-b390-7b57c4fa1426""]","false","false","Carijoa","205447","[]","-21","78","28.48","31.91","","","12.19","","","","","","","12.19","","","","Carijoinae","1792671","Anthozoa","1292","","","","","true","Water temp: 78deg F, Visibility 25-30'","","","","","","","","","","","","","","","","","","","","","","","","","","","","","","","","","","","","","","","","","","","","","","","","","","","","","","","","","","","",""
"HumanObservation","false","37678124","Teleostei","293496","Observations","","","2","","2020-01-17T12:36:13Z","1458691200000","1458691200000","1458691200000","2016","","14.1205213959","120.6056034126","2016-03-23T18:35:00+00:00","Soleidae","125581","","Aseraggodes","268394","EPSG:4326","","","","Jim Greenfield","","","","","iNaturalist","","Animalia","2","","https://creativecommons.org/licenses/by-nc/4.0/","","","true","","","https://www.inaturalist.org/observations/37678124","","Pleuronectiformes","10331","Chordata","1821","","Jim Greenfield","Aseraggodes albidus","","Aseraggodes albidus","398685","","","Batangas","","","","","Biota","1","","","","","species","","","","","2c81dff6-8578-44b6-b956-6c79e2638d1c","eaea291a-1e1d-4382-b86f-ac3cc15b8d5a","[""f92d5d7f-47a6-4605-9fd0-a8538dfde3fd""]","false","false","Aseraggodes albidus","398685","[""NO_DEPTH""]","-19","36","28.43","31.84","","","","Actinopterygii","10194","","Gnathostomata","1828","","","Osteichthyes","152352","urn:lsid:marinespecies.org:taxname:398685","","","Vertebrata","146419","Actinopteri","843664","","","","","","2016/03/23 6:35 PM GMT","2026-05-04T09:08:21Z","","PH","iNaturalist research-grade observations","18:35:00+00:00","83978834","urn:lsid:marinespecies.org:taxname:398685","https://www.inaturalist.org/observations/37678124","Jim Greenfield","620959","Nasugbu, Batangas, Philippines","","","","","","","","","","","","","","","","","","","","","","","","","","","","","","","","","","","","","","","","","","","","","","",""
"PreservedSpecimen","false","E4937.357429","Echinoidea","123082","Invertebrate Zoology: Echinoderms","","","","Philippines","","-1939852800000","-1939852800000","-1939852800000","1908","13","14.1669998169","120.583000183","1908-07-13T12:00:00Z","Echinometridae","179653","","Echinometra","179659","","","","","Clark, A. H.","Carinacea","510517","Echinidea","510534","USNM","","Animalia","2","","","Luzon Island, Hamilo Point","","true","7","","","","Camarodonta","510518","Echinodermata","1806","Dry","","Echinometra mathaei","(De Blainville)","Echinometra mathaei","213383","","","Batangas","Euechinoidea","149854","Echinacea","149855","","","Odontophora","510604","","","","","","","1908","2dc12851-7a12-4c0b-865a-8c361f076a55","89e23fc8-3f61-4480-9de3-358fe6eefe0b","[""310922b4-9d0c-4de1-92d7-9b442d34765b""]","false","false","Echinometra mathaei","213383","[""NO_DEPTH""]","-21","122","28.48","31.91","National Museum of Natural History, Smithsonian Institution","Department of Invertebrate Zoology, Research and Collections Information System, NMNH, Smithsonian Institution. See: http://www.mnh.si.edu/rc/db/collection_db_policy1.html, 05-14-2010","","","","1.0","","","","","","","urn:lsid:marinespecies.org:taxname:213383","","","Echinozoa","148744","","","","North Pacific Ocean","","","","","","","","","","","","","","","","","","","","","","","","","","","","","","","observedindividualcount=1;","","","","","","","","","","","","","","","","","","","","","","","","","","","","","","",""
"PreservedSpecimen","","104014","Octocorallia","1341","IZ","https://www.gbif.org/grscicoll/collection/5d4a63d3-e994-4b19-b592-e853a8e3b470","Asia","5729","Philippines","1995-04-01","794275200000","794275200000","794275200000","1995","4","14.170135","120.575502","1995-03-04","Plexauridae","125277","046288","","","WGS 84","[needs verification] Hamilo Cove. Placed marker near Hamilo Point.","Animalia, Cnidaria, Anthozoa, Octocorallia, Alcyonacea, Holaxonia, Plexauridae","Asia, North Pacific Ocean, Philippines, Luzon","G.C. Williams","","","","","CAS","http://grscicoll.org/institution/california-academy-sciences","Animalia","2","en","https://creativecommons.org/publicdomain/zero/1.0/","Nasugbu, Hamilo Cove, Hamilo Cove Point","06269608-2598-11ed-aace-005056be1b7a","true","3","ICZN","urn:catalog:CAS:IZ:104014","","Malacalcyonacea","1609357","Cnidaria","1267","Fluid-75% EtOH(1)","Gary C. Williams","Plexauridae","Gray, 1859","","","","63","Batangas Province","","","","","Biota","1","","","","","","Physical Object","14.170135","120.575502","1995","2ff500d7-4135-4a75-a854-260279c83ce4","aa16d305-d413-4c4a-90be-b1ec3298d58d","[""b7c47783-a020-4173-b390-7b57c4fa1426""]","false","false","Plexauridae","125277","[]","-21","78","28.48","31.91","","","12.190000000000001","","","","","","16.76","7.62","","","","","","Anthozoa","1292","","","","","","Water temp: 78deg F, Visibility 15', ""murky"" conditions; Eleutherobia collected at 45 ft; many gorgonians (plexaurids).","","4 Mar 1995","","","","","4 Mar 1995","","","","","","","","","","","","","","","","","","","","","","","","","","","","","","","","","","","","","","","","","","","","","","","","","","","","",""
"PreservedSpecimen","true","57155","Teleostei","293496","I","72","","","Philippines","","","","","","11","14.433333","120.833333","","Apogonidae","125518","","Jaydia","206779","","","","","","","","","","KAUM","","Animalia","2","","(CC-BY NC) 4.0","","","true","10","","FN2[31561997]:KAUM-72[273074:57155]","","Kurtiformes","1517499","Chordata","1821","","","Jaydia poeciloptera","","Jaydia poeciloptera","1059799","","","","","","","","","","","","","","","Collection","","","2013","30c4b828-f942-46a4-8285-abd231859aa8","2891a788-9f30-4413-8f73-9e7686890e9d","[""dcb0c76d-46a1-4e07-9a69-98cf3fd67576""]","false","false","Apogon poecilopterus","1059799","[""NO_DEPTH""]","9","2199","28.52","31.38","","","","Actinopterygii","10194","","Gnathostomata","1828","","","Osteichthyes","152352","urn:lsid:marinespecies.org:taxname:273074","Apogoninae","267079","Vertebrata","146419","Actinopteri","843664","273074","","","","","","2016-03-14T23:18:48+09:00","","","KAUM","","","","","Tulane University","273074","","","","","","","","","Non-commercial use only","TU","30240533","0 meters","","","","","","","","","","","","","","","","","","","","","","","","","","","","","","","","","","","",""
"HumanObservation","","340425389","Aves","1836","Observations","","","396","","2026-02-27T11:12:46Z","1772150400000","1772150400000","1772150400000","2026","","14.1914230439","120.5993362041","2026-02-27T09:34:21+08:00","Ardeidae","148747","","Egretta","159113","EPSG:4326","","","","HB","","","","","iNaturalist","","Animalia","2","","https://creativecommons.org/licenses/by-nc/4.0/","","","true","","","https://www.inaturalist.org/observations/340425389","","Ciconiiformes","148746","Chordata","1821","","ianlrzo","Egretta garzetta","","Egretta garzetta","159115","","","Batangas","","","","","Biota","1","","","","","species","","","","","31281d78-f1ca-4695-8e45-84d8f807a5d2","eaea291a-1e1d-4382-b86f-ac3cc15b8d5a","[""f92d5d7f-47a6-4605-9fd0-a8538dfde3fd""]","false","false","Egretta garzetta","159115","[""NO_DEPTH"",""ON_LAND""]","-13","-317","","","","","","","","","Gnathostomata","1828","","","","","urn:lsid:marinespecies.org:taxname:159115","","","Vertebrata","146419","Reptilia","1838","","","","","","2026-02-27 09:34:21","2026-02-27T12:28:03Z","","PH","iNaturalist research-grade observations","09:34:21+08:00","767514177","urn:lsid:marinespecies.org:taxname:159115","https://www.inaturalist.org/observations/340425389","ianlrzo","4943","Miranda A, Nasugbu, Batangas, PH","","","","","","","","","","","","","","","","","","","","","Tetrapoda","1831","","","","","","","","","","","","","","","","","","","","","","","","",""
"PreservedSpecimen","","248083","Hexacorallia","1340","IZ","https://www.gbif.org/grscicoll/collection/5d4a63d3-e994-4b19-b592-e853a8e3b470","Asia","5729","Philippines","","794275200000","794275200000","794275200000","1995","4","14.170135","120.575502","1995-03-04","Poritidae","196105","045955","Goniopora","205476","WGS 84","[needs verification] Hamilo Bay. Placed marker near Hamilo Point.","Animalia, Cnidaria, Anthozoa, Hexacorallia, Scleractinia, Poritidae","Asia, North Pacific Ocean, Philippines, Luzon Island","T.M. Gosliner","","","","","CAS","http://grscicoll.org/institution/california-academy-sciences","Animalia","2","en","https://creativecommons.org/publicdomain/zero/1.0/","Hamilo Bay, The Head","062342d9-2598-11ed-aace-005056be1b7a","true","3","ICZN","urn:catalog:CAS:IZ:248083","coral upon which Chelidonura amoena was seen to feed by M.T. Ghiselin","Scleractinia","1363","Cnidaria","1267","Fluid-75% EtOH(1)","T.M. Gosliner","Goniopora","de Blainville, 1830","","","","63","Batangas Province","","","","","Biota","1","","","","","","Physical Object","14.170135","120.575502","1995","3155a8c2-4687-4ee4-a8d3-65691f46f2c6","aa16d305-d413-4c4a-90be-b1ec3298d58d","[""b7c47783-a020-4173-b390-7b57c4fa1426""]","false","false","Goniopora","205476","[""NO_DEPTH""]","-21","78","28.48","31.91","","","","","","","","","","","","","","","","Anthozoa","1292","","","","","","","","04 Mar 1995","2026-08-31 13:36:51","","","","","","","","","","","","","","Refertina","1517258","","","","","","","","","","","","","","","","","","","","","","","","","","","","","","","","","","","","","","","","","",""
"PreservedSpecimen","false","45860","Teleostei","293496","ICH","http://grscicoll.org/institutional-collection/cas-ichthyology","Pacific Ocean","24829","Philippines","","-699667200000","-700963200000","-702259200000","1947","","14.358786","120.760205","1947-10","Anthiadidae","1758484","AWH X-47B","Pseudanthias","204513","","Error covers Manila Bay off Cavite Province.","Animalia, Chordata, Actinopteri, Perciformes, Percoidei, Anthiadidae","Pacific Ocean, Indo-West Pacific, Philippines","","","","","","CAS","http://grscicoll.org/institution/california-academy-sciences","Animalia","2","en","https://creativecommons.org/publicdomain/zero/1.0/","S entrance of Bay: at Cavite coast.","","true","10","ICZN","urn:catalog:CAS:ICH:45860","","Perciformes","11014","Chordata","1821","alcohol-75% EtOH","Herre, Albert W.","Pseudanthias tuka","Herre & Montalban 1927","Pseudanthias tuka","218272","tuka","","Cavite","","","","","Biota","1","","","","","species","Physical Object","14.358786°","120.760205°","1947","3226cc52-cc26-4f3b-ba0d-292dca9c30da","d6af0fac-8a21-4d77-8872-f10d471fc0cf","[""b7c47783-a020-4173-b390-7b57c4fa1426""]","false","false","Mirolabrichthys tuka","218272","[""NO_DEPTH""]","8","2461","28.51","31.51","","","","Actinopterygii","10194","2","Gnathostomata","1828","","","Osteichthyes","152352","","","","Vertebrata","146419","Actinopteri","843664","312510","Manila Bay","true","","","","2002-08-29 13:57:32","UW 10056","","","","","","","","","","","","","Percoidei","151751","","","","","","","FishNet Collaborative Georeferencing Project","","","","","","","","","","","Luzon I.","","","","","","","","","","","","","","","","","","","","","","","",""
"PreservedSpecimen","false","51752","Teleostei","293496","ICH","62","","24829","Philippines","","","","","","2","14.358786","120.760205","","Nemipteridae","151459","","Nemipterus","205457","","","","","","","","","","CAS","","Animalia","2","","(CC-BY NC) 4.0","","","true","10","","FN2[31210099]:CAS-62[218521:51752]","","Eupercaria incertae sedis","1517577","Chordata","1821","","","Nemipterus zysron","","Nemipterus zysron","218519","","","","","","","","","","","","","","","Collection","","","1947","32acf166-ebb1-4a74-bb84-fd71ca70489d","2891a788-9f30-4413-8f73-9e7686890e9d","[""dcb0c76d-46a1-4e07-9a69-98cf3fd67576""]","false","false","Nemipterus metopias","218519","[""NO_DEPTH""]","8","2461","28.51","31.51","","","","Actinopterygii","10194","1","Gnathostomata","1828","","","Osteichthyes","152352","urn:lsid:marinespecies.org:taxname:218521","","","Vertebrata","146419","Actinopteri","843664","218521","","","","","","43:23.0","","","CAS","","","","","Tulane University","218521","","","","","","","","","Non-commercial use only","TU","31077923","","","","","","","","","","","","","","","","","","","","","","","","","","","","","","","","","","","","",""
"PreservedSpecimen","","105648","Gastropoda","101","IZ","https://www.gbif.org/grscicoll/collection/5d4a63d3-e994-4b19-b592-e853a8e3b470","Asia","5729","Philippines","1995-03-04","794275200000","794275200000","794275200000","1995","4","14.170135","120.575502","1995-03-04","Chromodorididae","23003","053071","Hypselodoris","137784","WGS 84","[needs verification] Hamilo Bay. Placed marker near Hamilo Point.","Animalia, Mollusca, Gastropoda, Heterobranchia, Euthyneura, Ringipleura, Nudipleura, Nudibranchia, Doridina, Doridoidei, Chromodoridoidea, Chromodorididae, Miamirinae","Asia, North Pacific Ocean, Philippines, Luzon Island","T.M. Gosliner","Euthyneura","1057247","Doridoidei","246038","CAS","http://grscicoll.org/institution/california-academy-sciences","Animalia","2","en","https://creativecommons.org/publicdomain/zero/1.0/","Hamilo Bay, The Head","06479131-2598-11ed-aace-005056be1b7a","true","3","ICZN","urn:catalog:CAS:IZ:105648","formerly IZ Acc. No. 46511. Not cited by Epstein et al 2018.","Doridida","1829294","Mollusca","51","Fluid-75% EtOH(1)|Image(s)(1)","T.M. Gosliner","Hypselodoris maritima","(Baba, 1949)","Hypselodoris maritima","558302","maritima","63","Batangas Province","Heterobranchia","14712","Ringipleura","1057249","Biota","1","Chromodoridoidea","1370609","Nudipleura","411966","species","Physical Object","14.170135","120.575502","1995","346d5edc-de41-4fa8-8e20-aa537217cda5","aa16d305-d413-4c4a-90be-b1ec3298d58d","[""b7c47783-a020-4173-b390-7b57c4fa1426""]","false","false","Hypselodoris maritima","558302","[]","-21","78","28.48","31.91","","","12","","","","","","","12","","","","Miamirinae","549835","","","","","","","","","VOUCHER","04 Mar 1995","","","","","","","","","","","","","","","","","","","","","","","","","","","","","","","","","","","","","","","","","","","","","","","","","","","","","","","","","",""
"PreservedSpecimen","false","32860","Teleostei","293496","ICH","62","","3131","Philippines","","","","","","1","14.245076","120.610974","","Congridae","125427","","Ariosoma","125622","","","","","","","","","","CAS","","Animalia","2","","(CC-BY NC) 4.0","","","true","1","","FN2[31166863]:CAS-62[125622:32860]","","Anguilliformes","10295","Chordata","1821","","Norton, J. E.","Ariosoma","","","","","","","","","","","","","","","","","","Collection","","","1964","3649b20b-7c30-4c81-97c0-0598177f07ba","2891a788-9f30-4413-8f73-9e7686890e9d","[""dcb0c76d-46a1-4e07-9a69-98cf3fd67576""]","false","false","Ariosoma","125622","[""NO_DEPTH""]","25","1307","","","","","","Actinopterygii","10194","1","Gnathostomata","1828","","","Osteichthyes","152352","urn:lsid:marinespecies.org:taxname:125622","Bathymyrinae","151820","Vertebrata","146419","Actinopteri","843664","","","","","","","53:30.0","","","CAS","","","","","Tulane University","125622","","","","","","","","","Non-commercial use only","TU","31023075","14-26 fa","","","","","","","","","","","","","","","","","","","","","","","","","","","","","","","","","","","",""
"PreservedSpecimen","false","30434","Cephalopoda","11707","IZ","https://www.gbif.org/grscicoll/collection/5d4a63d3-e994-4b19-b592-e853a8e3b470","Asia","17050","Philippines","1982-06-16","","","","","","14.409493","120.838067","","Loliginidae","11734","019337","Sepioteuthis","204951","WGS 84","[no precise location] Cavite Province. Placed marker at the coast of Cavite.","Animalia, Mollusca, Cephalopoda, Coleoidea, Decapodiformes, Myopsida, Loliginidae","Asia, North Pacific Ocean, Philippines, Luzon Island","F.G. Hochberg","","","","","CAS","http://grscicoll.org/institution/california-academy-sciences","Animalia","2","en","https://creativecommons.org/publicdomain/zero/1.0/","Cavite","05b9aead-2598-11ed-aace-005056be1b7a","true","","ICZN","urn:catalog:CAS:IZ:30434","Spec. notes: 1; NOTES:Female.","Myopsida","11728","Mollusca","51","Dry-dry(1)","Dr. Lung","Sepioteuthis lessoniana","Lesson, 1830","Sepioteuthis lessoniana","220317","lessoniana","","Cavite [Province]","Coleoidea","11709","","","Biota","1","","","Decapodiformes","325342","species","Physical Object","14.409493","120.838067","","398f1e42-7070-42a5-9a93-ac2a883a115b","aa16d305-d413-4c4a-90be-b1ec3298d58d","[""b7c47783-a020-4173-b390-7b57c4fa1426""]","false","false","Sepioteuthis lessoniana","220317","[""NO_DEPTH""]","2","560","","","","","","","","","","","","","","","","","","","","","","","","true","","","","","","","","","","","","","","","","","","","","","","","","","","","","","","","","","","","","","","","","","","","","","","","","","","","","","","","","","","","","",""
"HumanObservation","","33168035","Bivalvia","105","Observations","","","4000","","2025-02-28T03:38:02Z","347155200000","347155200000","347155200000","1981","","14.4791297","120.8894102994","1981-01-01T17:55:00-08:00","Mytilidae","211","","Septifer","181280","EPSG:4326","","","","amr_mn","Pteriomorphia","206","","","iNaturalist","","Animalia","2","","https://creativecommons.org/licenses/by-nc/4.0/","","","true","","","https://www.inaturalist.org/observations/33168035","Collected by my father","Mytilida","210","Mollusca","51","","Donna Pomeroy","Septifer bilocularis","","Septifer bilocularis","216632","","","Cavite","Autobranchia","1424948","","","Biota","1","Mytiloidea","491766","","","species","","","","","3da611eb-a2f6-4be3-82f3-f34b3e3a18d9","eaea291a-1e1d-4382-b86f-ac3cc15b8d5a","[""f92d5d7f-47a6-4605-9fd0-a8538dfde3fd""]","false","false","Septifer bilocularis","216632","[""NO_DEPTH"",""ON_LAND""]","-1","-22","28.52","31.48","","","","","","","","","","","","","urn:lsid:marinespecies.org:taxname:216632","Septiferinae","510726","","","","","","","true","","","1981/01/01 5:55 PM -0800","2025-03-22T15:29:53Z","","PH","iNaturalist research-grade observations","17:55:00-08:00","596736089","urn:lsid:marinespecies.org:taxname:216632","https://www.inaturalist.org/observations/33168035","Donna Pomeroy","369211","Cavite City, Philippines","","","","","","","","","","","","","","","","","","","","","","","","","","","","","","","","","","","","","","","","","","","","","","",""
"PreservedSpecimen","false","32861","Teleostei","293496","ICH","62","","3131","Philippines","","","","","","1","14.245076","120.610974","","Platycephalidae","125593","","Rogadius","204376","","","","","","","","","","CAS","","Animalia","2","","(CC-BY NC) 4.0","","","true","1","","FN2[31166864]:CAS-62[218150:32861]","","Perciformes","11014","Chordata","1821","","Norton, J. E.","Rogadius asper","","Rogadius asper","218150","","","","","","","","","","","","","","","Collection","","","1964","3dba867c-f43a-4582-a026-04784d9b9b54","2891a788-9f30-4413-8f73-9e7686890e9d","[""dcb0c76d-46a1-4e07-9a69-98cf3fd67576""]","false","false","Rogadius asper","218150","[""NO_DEPTH""]","25","1307","","","","","","Actinopterygii","10194","2","Gnathostomata","1828","","","Osteichthyes","152352","urn:lsid:marinespecies.org:taxname:218150","","","Vertebrata","146419","Actinopteri","843664","","","","","","","00:00.0","","","CAS","","","","","Tulane University","218150","","","","","Scorpaenoidei","154247","","","Non-commercial use only","TU","31023076","14-26 fa","","","","","","","","","","","","Luzon I.","","","","","","","","","","","","","","","","","","","","","","","",""
"PreservedSpecimen","","103551","Octocorallia","1341","IZ","https://www.gbif.org/grscicoll/collection/5d4a63d3-e994-4b19-b592-e853a8e3b470","Asia","5729","Philippines","1995-04-01","794275200000","794275200000","794275200000","1995","4","14.170135","120.575502","1995-03-04","Capnellidae","1749526","046286","Capnella","146763","WGS 84","[needs verification] Hamilo Cove. Placed marker near Hamilo Point.","Animalia, Cnidaria, Anthozoa, Octocorallia, Alcyonacea, Alcyoniina, Nephtheidae","Asia, North Pacific Ocean, Philippines, Luzon","G.C. Williams","","","","","CAS","http://grscicoll.org/institution/california-academy-sciences","Animalia","2","en","https://creativecommons.org/publicdomain/zero/1.0/","Nasugbu, Hamilo Cove, 14deg-10'N, 120 deg,33'E,","062693ea-2598-11ed-aace-005056be1b7a","true","3","ICZN","urn:catalog:CAS:IZ:103551","","Malacalcyonacea","1609357","Cnidaria","1267","Fluid-75% EtOH(2)","G.C. Williams","Capnella imbricata","(Quoy & Gaimard, 1833)","Capnella imbricata","287333","imbricata","63","Batangas Province","","","","","Biota","1","","","","","species","Physical Object","14.170135","120.575502","1995","40663891-f944-4cf8-bfaf-e8b7dbfc24d7","aa16d305-d413-4c4a-90be-b1ec3298d58d","[""b7c47783-a020-4173-b390-7b57c4fa1426""]","false","false","Capnella imbricata","287333","[]","-21","78","28.48","31.91","","","12.19","","","","","","","12.19","","","","","","Anthozoa","1292","","","","","","Water temp: 78deg F, Visibility 25-30'","","","","","","","","","","","","","","","","","","","","","","","","","","","","","","","","","","","","","","","","","","","","","","","","","","","","","","","","","","","",""
"PreservedSpecimen","false","46386","Teleostei","293496","ICH","62","","24829","Philippines","","","","","","2","14.358786","120.760205","","Champsodontidae","151407","","Champsodon","206066","","","","","","","","","","CAS","","Animalia","2","","(CC-BY NC) 4.0","","","true","10","","FN2[31198007]:CAS-62[312267:46386]","","Acropomatiformes","1517567","Chordata","1821","","Herre, Albert W.","Champsodon nudivittis","","Champsodon nudivittis","220338","","","","","","","","","","","","","","","Collection","","","1947","40c8e439-f11f-44fe-bd81-6b7138c5314b","2891a788-9f30-4413-8f73-9e7686890e9d","[""dcb0c76d-46a1-4e07-9a69-98cf3fd67576""]","false","false","Champsodon arafurensis","220338","[""NO_DEPTH""]","8","2461","28.51","31.51","","","","Actinopterygii","10194","6","Gnathostomata","1828","","","Osteichthyes","152352","urn:lsid:marinespecies.org:taxname:312267","","","Vertebrata","146419","Actinopteri","843664","312267","","true","","","","08:04.0","","","CAS","","","","","Tulane University","312267","","","","","","","","","Non-commercial use only","TU","31062148","","","","","","","","","","","","","","","","","","","","","","","","","","","","","","","","","","","","",""
"PreservedSpecimen","true","458684","Gastropoda","101","IZ","https://www.gbif.org/grscicoll/collection/5d4a63d3-e994-4b19-b592-e853a8e3b470","Asia","17050","Philippines","","289267200000","289267200000","289267200000","1979","3","14.409493","120.838067","1979-03-03","Planaxidae","23097","003118","","","WGS 84","[no precise location] Cavite Province. Placed marker at the coast of Cavite.","Animalia, Mollusca, Gastropoda, Caenogastropoda, [unassigned] Caenogastropoda, Cerithioidea, Planaxidae","Asia, North Pacific Ocean, Philippines, Luzon","","","","","","CAS","http://grscicoll.org/institution/california-academy-sciences","Animalia","2","en","https://creativecommons.org/publicdomain/zero/1.0/","55 km S of Manila, Ternate, from a small beach on cove near a river, at water's edge.","0573d704-2598-11ed-aace-005056be1b7a","true","3","ICZN","urn:catalog:CAS:IZ:458684","formerly IZ Acc. No. 970-P.","Caenogastropoda incertae sedis","382204","Mollusca","51","Fluid-75% EtOH(6)","Antonio J. Ferreira","Planaxidae","Gray, 1850","","","","62","Cavite Province","Caenogastropoda","224570","","","Biota","1","Cerithioidea","14769","","","","Physical Object","14.409493","120.838067","1979","434cc616-0875-4be9-9085-a9ebced6dec4","aa16d305-d413-4c4a-90be-b1ec3298d58d","[""b7c47783-a020-4173-b390-7b57c4fa1426""]","false","false","Planaxidae","23097","[]","2","560","","","","","0","","","","","","","0","","","","","","","","","","","","true","Specimens in 1-8 oz. bottle and in very good condition. Ecological data: murky water, a few stones at water's edge.Original accession date 5 Apr 1979.","","3 Mar 1979","2026-08-06 07:57:23","","","","","","","","","","","","","","","","","","","","","","","","","rock","","","","","","","","","","","","","","","","","","","","","","","","","","","","","","","",""
"PreservedSpecimen","false","51590","Teleostei","293496","SU","62","","1121686","Philippines","","","","","","2","14.107651","120.623249","","Bovichtidae","151403","","Bovichtus","234569","","","","","","","","","","CAS","","Animalia","2","","(CC-BY NC) 4.0","","","true","3","","FN2[31141748]:CAS-62[279377:51590]","","Perciformes","11014","Chordata","1821","","","Bovichtus variegatus","","Bovichtus variegatus","279377","","","","","","","","","","","","","","","Collection","","","1957","4373516c-f35f-4163-97d4-c34d3be60117","2891a788-9f30-4413-8f73-9e7686890e9d","[""dcb0c76d-46a1-4e07-9a69-98cf3fd67576""]","false","false","Bovichtus variegatus","279377","[""NO_DEPTH""]","-21","74","28.43","31.84","","","","Actinopterygii","10194","1","Gnathostomata","1828","","","Osteichthyes","152352","urn:lsid:marinespecies.org:taxname:279377","","","Vertebrata","146419","Actinopteri","843664","","","","","","","00:00.0","","","CAS","","","","","Tulane University","279377","","","","","Notothenioidei","151728","","","Non-commercial use only","TU","30986505","","","","","","","","","","","","","","","","","","","","","","","","","","","","","","","","","","","","",""
"PreservedSpecimen","false","105682","Gastropoda","101","IZ","https://www.gbif.org/grscicoll/collection/5d4a63d3-e994-4b19-b592-e853a8e3b470","Asia","5729","Philippines","1995-03-04","794275200000","794275200000","794275200000","1995","4","14.170135","120.575502","1995-03-04","Phyllidiidae","23093","046509","Phyllidia","138347","WGS 84","[needs verification] Hamilo Bay. Placed marker near Hamilo Point.","Animalia, Mollusca, Gastropoda, Heterobranchia, Euthyneura, Ringipleura, Nudipleura, Nudibranchia, Doridina, Doridoidei, Phyllidioidea, Phyllidiidae","Asia, North Pacific Ocean, Philippines, Luzon Island","T.M. Gosliner","Euthyneura","1057247","Doridoidei","246038","CAS","http://grscicoll.org/institution/california-academy-sciences","Animalia","2","en","https://creativecommons.org/publicdomain/zero/1.0/","Hamilo Bay, Pinnacle Rock","062799b5-2598-11ed-aace-005056be1b7a","true","3","ICZN","urn:catalog:CAS:IZ:105682","original label erroneously reads ""ST 40 Ligpo night 3 March"".","Doridida","1829294","Mollusca","51","Fluid-75% EtOH(1)","T.M. Gosliner","Phyllidia exquisita","Brunckhorst, 1993","Phyllidia exquisita","536631","exquisita","63","Batangas Province","Heterobranchia","14712","Ringipleura","1057249","Biota","1","Phyllidioidea","412563","Nudipleura","411966","species","Physical Object","14.170135","120.575502","1995","47285d38-2139-4465-8ae2-324135346537","aa16d305-d413-4c4a-90be-b1ec3298d58d","[""b7c47783-a020-4173-b390-7b57c4fa1426""]","false","false","Phyllidia exquisita","536631","[""NO_DEPTH""]","-21","78","28.48","31.91","","","","","","","","","","","","","","","","","","","","","","","","","","","","","","","","","","","","","","","","","","","","","","","","","","","","","","","","","","","","","","","","","","","","","","","","","","","","","","","","","","",""
"PreservedSpecimen","true","792","Teleostei","293496","Fish","9","","1121686","Philippines","","","","","","2","14.107651","120.623249","","Kyphosidae","125540","","Girella","269217","","","","","","","","","","LACM","","Animalia","2","","(CC-BY NC) 4.0","","","true","3","","FN2[32535919]:LACM-9[280871:792]","","Centrarchiformes","1517557","Chordata","1821","","","Girella zebra","","Girella zebra","280871","","","","","","","","","","","","","","","Collection","","","1952","47531543-66c1-4a54-96b7-15f44ede27c4","2891a788-9f30-4413-8f73-9e7686890e9d","[""dcb0c76d-46a1-4e07-9a69-98cf3fd67576""]","false","false","Girella zebra","280871","[""NO_DEPTH""]","-21","74","28.43","31.84","","","","Actinopterygii","10194","12","Gnathostomata","1828","","","Osteichthyes","152352","urn:lsid:marinespecies.org:taxname:280871","Girellinae","151776","Vertebrata","146419","Actinopteri","843664","","","","","","","10/8/2018","","","LACM","","","","","Tulane University","280871","","","","","","","","","Non-commercial use only","TU","38003467","","","","","","","","","","","","","","","","","","","","","","","","","","","","","","","","","","","","",""
"PreservedSpecimen","false","51590","Teleostei","293496","SU(ICH)","http://grscicoll.org/institutional-collection/cas-ichthyology","Pacific Ocean","1121686","Philippines","1972","-405043200000","-405043200000","-405043200000","1957","2","14.107651","120.623249","1957-03-02","Bovichtidae","151403","Z151590","Bovichtus","234569","","Coordinates at Forest Cove. Error expanded to covers the rest of Philippines.","Animalia, Chordata, Actinopteri, Perciformes, Notothenioidei, Bovichtidae","Pacific Ocean, Indo-West Pacific","D. Wilson","","","","","CAS","http://grscicoll.org/institution/california-academy-sciences","Animalia","2","en","https://creativecommons.org/publicdomain/zero/1.0/","tidepool, Forest Cave, outer coast","","true","3","ICZN","urn:catalog:CAS:SU(ICH):51590","","Perciformes","11014","Chordata","1821","alcohol-75% EtOH","","Bovichtus variegatus","(Richardson 1846)","Bovichtus variegatus","279377","variegatus","61","","","","","","Biota","1","","","","","species","Physical Object","14.107651°","120.623249°","1957","4896e6d9-56c8-4dd7-bf1c-fbcf19330ce1","d6af0fac-8a21-4d77-8872-f10d471fc0cf","[""b7c47783-a020-4173-b390-7b57c4fa1426""]","false","false","Bovichtus variegatus","279377","[""NO_DEPTH""]","-21","74","28.43","31.84","","","","Actinopterygii","10194","1","Gnathostomata","1828","","","Osteichthyes","152352","","","","Vertebrata","146419","Actinopteri","843664","","","","","","","1995-10-05 00:00:00","4A","","","","","","","","","","","","","Notothenioidei","151728","","","","","","","FishNet Collaborative Georeferencing Project","","","","","","","","","","","","","","","","","","","","","","","","","","","","","","","","","","",""
"PreservedSpecimen","","103549","Octocorallia","1341","IZ","https://www.gbif.org/grscicoll/collection/5d4a63d3-e994-4b19-b592-e853a8e3b470","Asia","5729","Philippines","1995-04-01","794275200000","794275200000","794275200000","1995","4","14.170135","120.575502","1995-03-04","Nephtheidae","146762","046286","Litophyton","204523","WGS 84","[needs verification] Hamilo Cove. Placed marker near Hamilo Point.","Animalia, Cnidaria, Anthozoa, Octocorallia, Alcyonacea, Alcyoniina, Nephtheidae","Asia, North Pacific Ocean, Philippines, Luzon","G.C. Williams","","","","","CAS","http://grscicoll.org/institution/california-academy-sciences","Animalia","2","en","https://creativecommons.org/publicdomain/zero/1.0/","Nasugbu, Hamilo Cove, 14deg-10'N, 120 deg,33'E,","062693ea-2598-11ed-aace-005056be1b7a","true","3","ICZN","urn:catalog:CAS:IZ:103549","","Malacalcyonacea","1609357","Cnidaria","1267","Fluid-75% EtOH(2)","G.C. Williams","Litophyton","Forskål, 1775","","","","63","Batangas Province","","","","","Biota","1","","","","","","Physical Object","14.170135","120.575502","1995","4935d3d5-17e6-4fcf-b547-b583b5813994","aa16d305-d413-4c4a-90be-b1ec3298d58d","[""b7c47783-a020-4173-b390-7b57c4fa1426""]","false","false","Litophyton","204523","[]","-21","78","28.48","31.91","","","12.19","","","","","","","12.19","","","","","","Anthozoa","1292","","","","","","Water temp: 78deg F, Visibility 25-30'","","","","","","","","","","","","","","","","","","","","","","","","","","","","","","","","","","","","","","","","","","","","","","","","","","","","","","","","","","","",""
"PreservedSpecimen","false","103700","Gastropoda","101","IZ","https://www.gbif.org/grscicoll/collection/5d4a63d3-e994-4b19-b592-e853a8e3b470","Asia","5729","Philippines","1995-03-04","794275200000","794275200000","794275200000","1995","4","14.170135","120.575502","1995-03-04","Aglajidae","22981","045955","Mariaglaja","1055127","WGS 84","[needs verification] Hamilo Bay. Placed marker near Hamilo Point.","Animalia, Mollusca, Gastropoda, Heterobranchia, Euthyneura, Tectipleura, Cephalaspidea, Philinoidea, Aglajidae","Asia, North Pacific Ocean, Philippines, Luzon Island","T.M. Gosliner","Euthyneura","1057247","","","CAS","http://grscicoll.org/institution/california-academy-sciences","Animalia","2","en","https://creativecommons.org/publicdomain/zero/1.0/","Hamilo Bay, The Head","062342d9-2598-11ed-aace-005056be1b7a","true","3","ICZN","urn:catalog:CAS:IZ:103700","","Cephalaspidea","154","Mollusca","51","Fluid-75% EtOH(2)|Image(s)(1)","T.M. Gosliner","Mariaglaja inornata","Baba, 1949","Mariaglaja inornata","1055243","inornata","63","Batangas Province","Heterobranchia","14712","Tectipleura","1057250","Biota","1","Philinoidea","196322","","","species","Physical Object","14.170135","120.575502","1995","4bb5f98b-80cc-48b2-9757-4dd014d6c50f","aa16d305-d413-4c4a-90be-b1ec3298d58d","[""b7c47783-a020-4173-b390-7b57c4fa1426""]","false","false","Chelidonura inornata","1055243","[""NO_DEPTH""]","-21","78","28.48","31.91","","","","","","","","","","","","","","","","","","","","550460","","","","","04 Mar 1995","","","","","","","","","","","","","","","","","","","","","","","","","","","","","","","","","","","","","","","","","","","","","","","","","","","","","","","","","",""
"PreservedSpecimen","true","57159","Teleostei","293496","I","72","","","Philippines","","","","","","11","14.433333","120.833333","","Apogonidae","125518","","Jaydia","206779","","","","","","","","","","KAUM","","Animalia","2","","(CC-BY NC) 4.0","","","true","10","","FN2[31562001]:KAUM-72[273074:57159]","","Kurtiformes","1517499","Chordata","1821","","","Jaydia poeciloptera","","Jaydia poeciloptera","1059799","","","","","","","","","","","","","","","Collection","","","2013","4bd13014-0c9c-48c1-83d9-4a7854fe2c27","2891a788-9f30-4413-8f73-9e7686890e9d","[""dcb0c76d-46a1-4e07-9a69-98cf3fd67576""]","false","false","Apogon poecilopterus","1059799","[""NO_DEPTH""]","9","2199","28.52","31.38","","","","Actinopterygii","10194","","Gnathostomata","1828","","","Osteichthyes","152352","urn:lsid:marinespecies.org:taxname:273074","Apogoninae","267079","Vertebrata","146419","Actinopteri","843664","273074","","","","","","2016-03-14T23:19:01+09:00","","","KAUM","","","","","Tulane University","273074","","","","","","","","","Non-commercial use only","TU","30240537","0 meters","","","","","","","","","","","","","","","","","","","","","","","","","","","","","","","","","","","",""
"PreservedSpecimen","","103730","Gastropoda","101","IZ","https://www.gbif.org/grscicoll/collection/5d4a63d3-e994-4b19-b592-e853a8e3b470","Asia","5729","Philippines","1995-03-01","794275200000","794275200000","794275200000","1995","4","14.170135","120.575502","1995-03-04","Aglajidae","22981","045955","Tubulophilinopsis","1055130","WGS 84","[needs verification] Hamilo Bay. Placed marker near Hamilo Point.","Animalia, Mollusca, Gastropoda, Heterobranchia, Euthyneura, Tectipleura, Cephalaspidea, Philinoidea, Aglajidae","Asia, North Pacific Ocean, Philippines, Luzon Island","T.M. Gosliner","Euthyneura","1057247","","","CAS","http://grscicoll.org/institution/california-academy-sciences","Animalia","2","en","https://creativecommons.org/publicdomain/zero/1.0/","Hamilo Bay, The Head","062342d9-2598-11ed-aace-005056be1b7a","true","3","ICZN","urn:catalog:CAS:IZ:103730","","Cephalaspidea","154","Mollusca","51","Fluid-75% EtOH(1)","T.M. Gosliner","Tubulophilinopsis gardineri","(Eliot, 1903)","Tubulophilinopsis gardineri","1055265","gardineri","63","Batangas Province","Heterobranchia","14712","Tectipleura","1057250","Biota","1","Philinoidea","196322","","","species","Physical Object","14.170135","120.575502","1995","4c88e6a2-6a20-4b5e-9eec-7c59012886ec","aa16d305-d413-4c4a-90be-b1ec3298d58d","[""b7c47783-a020-4173-b390-7b57c4fa1426""]","false","false","Philinopsis gardineri","1055265","[""NO_DEPTH""]","-21","78","28.48","31.91","","","","","","","","","","","","","","","","","","","","599444","","","","","04 Mar 1995","","","","","","","","","","","","","","","","","","","","","","","","","","","","","","","","","","","","","","","","","","","","","","","","","","","","","","","","","",""
"PreservedSpecimen","","175891","Octocorallia","1341","IZ","https://www.gbif.org/grscicoll/collection/5d4a63d3-e994-4b19-b592-e853a8e3b470","Asia","5729","Philippines","","794275200000","794275200000","794275200000","1995","4","14.170135","120.575502","1995-03-04","Alcyoniidae","125269","045956","Eleutherobia","203986","WGS 84","[needs verification] Hamilo Bay. Placed marker near Hamilo Point.","Animalia, Cnidaria, Anthozoa, Octocorallia, Alcyonacea, Alcyoniina, Alcyoniidae","Asia, North Pacific Ocean, Philippines, Luzon Island","","","","","","CAS","http://grscicoll.org/institution/california-academy-sciences","Animalia","2","en","https://creativecommons.org/publicdomain/zero/1.0/","Hamilo Bay, The Head","062342d9-2598-11ed-aace-005056be1b7a","true","3","ICZN","urn:catalog:CAS:IZ:175891","","Malacalcyonacea","1609357","Cnidaria","1267","Fluid-75% EtOH(3)","G.C. Williams","Eleutherobia","Pütter, 1900","","","","63","Batangas Province","","","","","Biota","1","","","","","","Physical Object","14.170135","120.575502","1995","4e21189d-57bf-471c-b1a3-a909c78765f6","aa16d305-d413-4c4a-90be-b1ec3298d58d","[""b7c47783-a020-4173-b390-7b57c4fa1426""]","false","false","Eleutherobia","203986","[""NO_DEPTH""]","-21","78","28.48","31.91","","","","","","","","","","","","","","","","Anthozoa","1292","","","","","","","","","2026-08-17 12:41:39","","","","","","","","","","","","","","","","","","","","","","","","","","","","","","","","","","","","","","","","","","","","","","","","","","","","","","","","",""
"PreservedSpecimen","true","171514","Gastropoda","101","IZ","https://www.gbif.org/grscicoll/collection/5d4a63d3-e994-4b19-b592-e853a8e3b470","Asia","17050","Philippines","1965-07-01","-142128000000","-142128000000","-142128000000","1965","1","14.409493","120.838067","1965-07-01","Naticidae","145","069624","","","WGS 84","[no precise location] Cavite Province. Placed marker at the coast of Cavite.","Animalia, Mollusca, Gastropoda, Caenogastropoda, Littorinimorpha, Naticoidea, Naticidae","Asia, North Pacific Ocean, Philippines, Luzon","P. de Mesa","","","","","CAS","http://grscicoll.org/institution/california-academy-sciences","Animalia","2","en","https://creativecommons.org/publicdomain/zero/1.0/","Cavite","05e07e99-2598-11ed-aace-005056be1b7a","true","7","ICZN","urn:catalog:CAS:IZ:171514","","Littorinimorpha","382213","Mollusca","51","Dry-dry(2)","P. de Mesa","Naticidae","Guilding, 1834","","","","182","Cavite Province [= Cavite]","Caenogastropoda","224570","","","Biota","1","Naticoidea","14776","","","","Physical Object","14.409493","120.838067","1965","4e68784a-2774-40e3-a4dc-6bafbbe9b9c2","aa16d305-d413-4c4a-90be-b1ec3298d58d","[""b7c47783-a020-4173-b390-7b57c4fa1426""]","false","false","Naticidae","145","[""NO_DEPTH""]","2","560","","","","","","","","","","","","","","","","","","","","","","","","true","","","01 Jul 1965","","","","","","","","","","","","","","","","","","","","","","","","","","","","","","","","","","","","","","","","","","","","","","","","","","","","","","","","","",""
"PreservedSpecimen","true","21615","Teleostei","293496","SU(ICH)","http://grscicoll.org/institutional-collection/cas-ichthyology","Pacific Ocean","3131","Philippines","","","","","","","14.245076","120.610974","","Ambassidae","151432","AS-LIMBONES","Ambassis","204831","","Polygon covers Limbones Cove. Coordinates placed at center of polygon.","Animalia, Chordata, Actinopteri, Mugiliformes, Ambassidae","Pacific Ocean, Indo-West Pacific","","","","","","CAS","http://grscicoll.org/institution/california-academy-sciences","Animalia","2","en","https://creativecommons.org/publicdomain/zero/1.0/","Limbones Cove, Luzon I., P.I.","","true","","ICZN","urn:catalog:CAS:SU(ICH):21615","","Ovalentaria incertae sedis","1517546","Chordata","1821","alcohol-75% EtOH","Seale, Alvin","Ambassis urotaenia","Bleeker 1852","Ambassis urotaenia","220038","urotaenia","","","","","","","Biota","1","","","","","species","Physical Object","14.245076°","120.610974°","","556ce713-c883-44e5-86cd-56554f1ead0d","d6af0fac-8a21-4d77-8872-f10d471fc0cf","[""b7c47783-a020-4173-b390-7b57c4fa1426""]","false","false","Ambassis urotaenia","220038","[""NO_DEPTH""]","25","1307","","","","","","Actinopterygii","10194","10","Gnathostomata","1828","","","Osteichthyes","152352","","","","Vertebrata","146419","Actinopteri","843664","","","","","","","2013-09-10 17:16:54","","","","","","","","","","","","","","","","","","","","","","FishNet Collaborative Georeferencing Project","","","marine","","","","","","","","Luzon I.","","","","","","","","","","","","","","","","","","","","","","","",""
"PreservedSpecimen","true","21728","Teleostei","293496","SU(ICH)","http://grscicoll.org/institutional-collection/cas-ichthyology","Pacific Ocean","3131","Philippines","","","","","","","14.245076","120.610974","","Sillaginidae","125563","AS-LIMBONES","Sillago","126072","","Polygon covers Limbones Cove. Coordinates placed at center of polygon.","Animalia, Chordata, Actinopteri, Acanthuriformes, Sillaginidae","Pacific Ocean, Indo-West Pacific","","","","","","CAS","http://grscicoll.org/institution/california-academy-sciences","Animalia","2","en","https://creativecommons.org/publicdomain/zero/1.0/","Limbones Cove, Luzon I., P.I.","","true","","ICZN","urn:catalog:CAS:SU(ICH):21728","","Eupercaria incertae sedis","1517577","Chordata","1821","alcohol-75% EtOH","Seale, Alvin","Sillago sihama","(Forsskål 1775)","Sillago sihama","127046","sihama","","","","","","","Biota","1","","","","","species","Physical Object","14.245076°","120.610974°","","563cac92-f049-40e4-8841-8794d4deb006","d6af0fac-8a21-4d77-8872-f10d471fc0cf","[""b7c47783-a020-4173-b390-7b57c4fa1426""]","false","false","Sillago sihama","127046","[""NO_DEPTH""]","25","1307","","","","","","Actinopterygii","10194","1","Gnathostomata","1828","","","Osteichthyes","152352","","","","Vertebrata","146419","Actinopteri","843664","","","true","","","","2002-08-29 12:42:22","","","","","","","","","","","","","","","","","","","","","","FishNet Collaborative Georeferencing Project","","","marine","","","","","","","","Luzon I.","","","","","","","","","","","","","","","","","","","","","","","",""
"PreservedSpecimen","true","114716","Gastropoda","101","IZ","https://www.gbif.org/grscicoll/collection/5d4a63d3-e994-4b19-b592-e853a8e3b470","Asia","667","Philippines","","289526400000","289440000000","289353600000","1979","4","14.115468","120.612432","1979-03-04/06","Siphonariidae","23118","003115","","","WGS 84","Placed marker near Maya-maya Club, Given coordinates are located inland.","Animalia, Mollusca, Gastropoda, Heterobranchia, Euthyneura, Tectipleura, Siphonarimorpha, Siphonariida, Siphonarioidea, Siphonariidae","Asia, North Pacific Ocean, Philippines, Luzon","","Euthyneura","1057247","","","CAS","http://grscicoll.org/institution/california-academy-sciences","Animalia","2","en","https://creativecommons.org/publicdomain/zero/1.0/","Nasugbu, in front of the ""Maya-Maya Reef Club""","0573d53e-2598-11ed-aace-005056be1b7a","true","3","ICZN","urn:catalog:CAS:IZ:114716","","Siphonariida","1057459","Mollusca","51","Fluid-75% EtOH(1)","Antonio J. Ferreira","Siphonariidae","Gray, 1827","","","","63","Batangas Province","Heterobranchia","14712","Tectipleura","1057250","Biota","1","Siphonarioidea","382225","Siphonarimorpha","1057458","","Physical Object","14.115468","120.612432","1979","59f38fcd-dbab-4344-b9b2-5060d78494bb","aa16d305-d413-4c4a-90be-b1ec3298d58d","[""b7c47783-a020-4173-b390-7b57c4fa1426""]","false","false","Siphonariidae","23118","[]","-3","15","28.43","31.84","","","0.61","","","","","","1.22","0","","","","","","","","","","","","true","Specimens in 2-8 oz. bottles and in very good condition.Original accession date 3 Apr 1979.","","4-6 Mar 1979","","","","","","","","","","","","65","","","","","","","","","","","","","","","","","","","","","","","","","","","","","","","","","","","","","","","","","","","","","",""
"PreservedSpecimen","true","170488.5051277","Elasmobranchii","10193","Vertebrate Zoology; Fishes","","","","Philippines","","-1921795200000","-1921795200000","-1921795200000","1909","7","14.3000001907","120.699996948","1909-02-07T12:00:00Z","Carcharhinidae","105689","TT 7908","Carcharhinus","105719","","","","","","Selachii","368408","","","USNM","","Animalia","2","","","P.I.: Off La Monja Id.","","true","2","","","","Carcharhiniformes","10210","Chordata","1821","Dry Osteological Specimen","","Carcharhinus sorrah","","Carcharhinus sorrah","217339","","","","Neoselachii","368407","","","","","","","Galeomorphi","368410","","","","","1909","5a70834a-fac8-4fa1-b998-337587eb35b4","d6d6fe4c-425f-4ce7-bf28-7a6befaeb413","[""310922b4-9d0c-4de1-92d7-9b442d34765b""]","false","false","Carcharhinus sorrah","217339","[]","10","1370","28.48","31.6","National Museum of Natural History, Smithsonian Institution","Department of Vertebrate Zoology, Research and Collections Information System, NMNH, Smithsonian Institution","22","","","1.0","Gnathostomata","1828","22","22","Chondrichthyes","1517375","urn:lsid:marinespecies.org:taxname:217339","","","Vertebrata","146419","","","","Pacific","","","","","","","","","","","","","","","","","","","","","","","","","","","","","","","","","","","","","","","","","","","","","","","","","","","","","","","","","","","","","",""
"PreservedSpecimen","false","103788","Gastropoda","101","IZ","https://www.gbif.org/grscicoll/collection/5d4a63d3-e994-4b19-b592-e853a8e3b470","Asia","5729","Philippines","1995-03-04","794275200000","794275200000","794275200000","1995","4","14.170135","120.575502","1995-03-04","Phyllidiidae","23093","046509","Phyllidiella","206596","WGS 84","[needs verification] Hamilo Bay. Placed marker near Hamilo Point.","Animalia, Mollusca, Gastropoda, Heterobranchia, Euthyneura, Ringipleura, Nudipleura, Nudibranchia, Doridina, Doridoidei, Phyllidioidea, Phyllidiidae","Asia, North Pacific Ocean, Philippines, Luzon Island","T.M. Gosliner","Euthyneura","1057247","Doridoidei","246038","CAS","http://grscicoll.org/institution/california-academy-sciences","Animalia","2","en","https://creativecommons.org/publicdomain/zero/1.0/","Hamilo Bay, Pinnacle Rock","062799b5-2598-11ed-aace-005056be1b7a","true","3","ICZN","urn:catalog:CAS:IZ:103788","identified as """"Phyllidiella"" sp. cf. ""P. rudmani"". original label erroneously reads ""ST 40 Ligpo"".","Doridida","1829294","Mollusca","51","Fluid-75% EtOH(1)|Image(s)(1)","T.M. Gosliner","Phyllidiella","Bergh, 1869","","","","63","Batangas Province","Heterobranchia","14712","Ringipleura","1057249","Biota","1","Phyllidioidea","412563","Nudipleura","411966","","Physical Object","14.170135","120.575502","1995","5b6884ac-ac52-46ca-b93a-f109ef486589","aa16d305-d413-4c4a-90be-b1ec3298d58d","[""b7c47783-a020-4173-b390-7b57c4fa1426""]","false","false","Phyllidiella","206596","[""NO_DEPTH""]","-21","78","28.48","31.91","","","","","","","","","","","","","","","","","","","","","","","","","","","","","","","","","","","","","","","","","","","","","","","","","","","","","","","","","","","","","","","","","","","","","","","","","","","","","","","","","","",""
"PreservedSpecimen","","105664","Gastropoda","101","IZ","https://www.gbif.org/grscicoll/collection/5d4a63d3-e994-4b19-b592-e853a8e3b470","Asia","5729","Philippines","1998-07-20","794275200000","794275200000","794275200000","1995","4","14.170135","120.575502","1995-03-04","Discodorididae","1761","052356","Carminodoris","138357","WGS 84","[needs verification] Hamilo Bay. Placed marker near Hamilo Point.","Animalia, Mollusca, Gastropoda, Heterobranchia, Euthyneura, Ringipleura, Nudipleura, Nudibranchia, Doridina, Doridoidei, Doridoidea, Discodorididae","Asia, North Pacific Ocean, Philippines, Luzon Island","T. M. Gosliner and D. W. Behrens","Euthyneura","1057247","Doridoidei","246038","CAS","http://grscicoll.org/institution/california-academy-sciences","Animalia","2","en","https://creativecommons.org/publicdomain/zero/1.0/","Hamilo Bay, The Head","06434e47-2598-11ed-aace-005056be1b7a","true","3","ICZN","urn:catalog:CAS:IZ:105664","formerly IZ Acc. No. 45995.","Doridida","1829294","Mollusca","51","Fluid-75% EtOH(3)|Image(s)(1)","T.M. Gosliner","Carminodoris estrelyado","Gosliner & Behrens, 1998","Carminodoris estrelyado","872610","estrelyado","63","Batangas Province","Heterobranchia","14712","Ringipleura","1057249","Biota","1","Doridoidea","173","Nudipleura","411966","species","Physical Object","14.170135","120.575502","1995","5d85b926-561c-44d7-ade1-caf421caebb4","aa16d305-d413-4c4a-90be-b1ec3298d58d","[""b7c47783-a020-4173-b390-7b57c4fa1426""]","false","false","Hoplodoris estrelyado","872610","[]","-21","78","28.48","31.91","","","13","","","","","","","13","","","","","","","","","","457499","","","","PARATYPE","04 Mar 1995","","","","","","","","","","","","","","","","","","","","","","","","","","","","","","","","","","","","","","","","","","","","","","","","","","","","","","","","","",""
"PreservedSpecimen","false","57151","Teleostei","293496","I","72","","","Philippines","","","","","","11","14.433333","120.833333","","Apogonidae","125518","","Ostorhinchus","297317","","","","","","","","","","KAUM","","Animalia","2","","(CC-BY NC) 4.0","","","true","10","","FN2[31561993]:KAUM-72[273073:57151]","","Kurtiformes","1517499","Chordata","1821","","","Ostorhinchus pleuron","","Ostorhinchus pleuron","712683","","","","","","","","","","","","","","","Collection","","","2013","5e40cfc8-4752-4df2-8e28-d00d3b29c332","2891a788-9f30-4413-8f73-9e7686890e9d","[""dcb0c76d-46a1-4e07-9a69-98cf3fd67576""]","false","false","Apogon pleuron","712683","[""NO_DEPTH""]","9","2199","28.52","31.38","","","","Actinopterygii","10194","","Gnathostomata","1828","","","Osteichthyes","152352","urn:lsid:marinespecies.org:taxname:273073","Apogoninae","267079","Vertebrata","146419","Actinopteri","843664","273073","","","","","","2016-03-14T23:18:35+09:00","","","KAUM","","","","","Tulane University","273073","","","","","","","","","Non-commercial use only","TU","30240529","0 meters","","","","","","","","","","","","","","","","","","","","","","","","","","","","","","","","","","","",""
"PreservedSpecimen","false","108754","Malacostraca","1071","IZ","https://www.gbif.org/grscicoll/collection/5d4a63d3-e994-4b19-b592-e853a8e3b470","Asia","","Philippines","","794275200000","794275200000","794275200000","1995","4","14.1716666667","120.5833333333","1995-03-04","Porcellanidae","106734","045968","","","","","Animalia, Arthropoda, Crustacea, Malacostraca, Eumalacostraca, Eucarida, Decapoda, Pleocyemata, Anomura, Galatheoidea, Porcellanidae","Asia, North Pacific Ocean, Philippines, Luzon","","","","Anomura","106671","CAS","http://grscicoll.org/institution/california-academy-sciences","Animalia","2","en","https://creativecommons.org/publicdomain/zero/1.0/","Nasugbu, Pinnacle Rock","06234727-2598-11ed-aace-005056be1b7a","true","3","ICZN","urn:catalog:CAS:IZ:108754","","Decapoda","1130","Arthropoda","1065","Fluid-75% EtOH(12)","Gary C. Williams","Porcellanidae","Haworth, 1825","","","","63","Batangas Province","Eumalacostraca","1086","","","Biota","1","Galatheoidea","106685","Eucarida","1089","","Physical Object","14° 10.3' N","120° 35' E","1995","5f17e4a8-8d22-4dc8-99e0-8085d41687ff","aa16d305-d413-4c4a-90be-b1ec3298d58d","[""b7c47783-a020-4173-b390-7b57c4fa1426""]","false","false","Porcellanidae","106734","[""NO_DEPTH"",""ON_LAND""]","-21","-183","28.48","31.91","","","","","","","","","","","","","","","","Crustacea","1066","Multicrustacea","845959","","","true","water temp: 78 deg F, Visibility: 30'+","","04 Mar 1995","","","","","","","","","","","","","","","Pleocyemata","106670","","","","","","","","","","","","","","","","","","","","","","","","","","","","","","","","","","","","","","","","","",""
"PreservedSpecimen","true","21615","Teleostei","293496","SU","62","","3131","Philippines","","","","","","","14.245076","120.610974","","Ambassidae","151432","","Ambassis","204831","","","","","","","","","","CAS","","Animalia","2","","(CC-BY NC) 4.0","","","true","","","FN2[31218422]:CAS-62[220038:21615]","","Ovalentaria incertae sedis","1517546","Chordata","1821","","Seale, Alvin","Ambassis urotaenia","","Ambassis urotaenia","220038","","","","","","","","","","","","","","","Collection","","","","5f27e1cd-f942-4c2e-954f-90525941d7a2","2891a788-9f30-4413-8f73-9e7686890e9d","[""dcb0c76d-46a1-4e07-9a69-98cf3fd67576""]","false","false","Ambassis urotaenia","220038","[""NO_DEPTH""]","25","1307","","","","","","Actinopterygii","10194","10","Gnathostomata","1828","","","Osteichthyes","152352","urn:lsid:marinespecies.org:taxname:220038","","","Vertebrata","146419","Actinopteri","843664","","","","","","","16:54.0","","","CAS","","","","","Tulane University","220038","","","","","","","","","Non-commercial use only","TU","31088385","","","","","","","","","","","","","Luzon I.","","","","","","","","","","","","","","","","","","","","","","","",""
"PreservedSpecimen","","103792","Gastropoda","101","IZ","https://www.gbif.org/grscicoll/collection/5d4a63d3-e994-4b19-b592-e853a8e3b470","Asia","5729","Philippines","","794275200000","794275200000","794275200000","1995","4","14.170135","120.575502","1995-03-04","Myrrhinidae","570862","046544","Phyllodesmium","204424","WGS 84","[needs verification] Hamilo Bay. Placed marker near Hamilo Point.","Animalia, Mollusca, Gastropoda, Heterobranchia, Euthyneura, Ringipleura, Nudipleura, Nudibranchia, Cladobranchia, Aeolidioidea, Myrrhinidae","Asia, North Pacific Ocean, Philippines, Luzon Island","T.M. Gosliner","Euthyneura","1057247","","","CAS","http://grscicoll.org/institution/california-academy-sciences","Animalia","2","en","https://creativecommons.org/publicdomain/zero/1.0/","Hamilo Bay, The Head","062342d9-2598-11ed-aace-005056be1b7a","true","3","ICZN","urn:catalog:CAS:IZ:103792","formerly catalogued as Phyllodesmium poindimiei.","Nudibranchia","1762","Mollusca","51","Fluid-75% EtOH(1)|Image(s)(1)","M. Miller","Phyllodesmium opalescens","Rudman, 1991","Phyllodesmium opalescens","599305","opalescens","63","Batangas Province","Heterobranchia","14712","Ringipleura","1057249","Biota","1","Aeolidioidea","189","Nudipleura","411966","species","Physical Object","14.170135","120.575502","1995","62697643-09b9-4673-a1fc-69277dfaa0ca","aa16d305-d413-4c4a-90be-b1ec3298d58d","[""b7c47783-a020-4173-b390-7b57c4fa1426""]","false","false","Phyllodesmium opalescens","599305","[""NO_DEPTH""]","-21","78","28.48","31.91","","","","","","","","","","","","","","","","","","","","","","","","","04 Mar 1995","","","","","","","","","","","","","","","Aeolidina","1565561","","","","","","","","","","","","","","","","","","","","","","","","","","","","","","","","","","","","","","","","","",""
"PreservedSpecimen","","220675","Gastropoda","101","IZ","https://www.gbif.org/grscicoll/collection/5d4a63d3-e994-4b19-b592-e853a8e3b470","Asia","17050","Philippines","2018-09-14","1243728000000","1242432000000","1241136000000","2009","","14.409493","120.838067","2009-05","Chromodorididae","23003","091382","Hypselodoris","137784","WGS 84","[no precise location] Cavite Province. Placed marker at the coast of Cavite.","Animalia, Mollusca, Gastropoda, Heterobranchia, Euthyneura, Ringipleura, Nudipleura, Nudibranchia, Doridina, Doridoidei, Chromodoridoidea, Chromodorididae, Miamirinae","Asia, North Pacific Ocean, Philippines, Luzon","Terrence M. Gosliner and Rebecca Fay Johnson","Euthyneura","1057247","Doridoidei","246038","CAS","http://grscicoll.org/institution/california-academy-sciences","Animalia","2","en","https://creativecommons.org/publicdomain/zero/1.0/","Cavite Province","06efeab9-2598-11ed-aace-005056be1b7a","true","5","ICZN","urn:catalog:CAS:IZ:220675","""specimen provided by Denis Ty of Aquascapes Philippines Company""","Doridida","1829294","Mollusca","51","Fluid-95% EtOH(1)","","Hypselodoris rositoi","Gosliner & R. F. Johnson, 2018","Hypselodoris rositoi","1297851","rositoi","","Cavite Province","Heterobranchia","14712","Ringipleura","1057249","Biota","1","Chromodoridoidea","1370609","Nudipleura","411966","species","Physical Object","14.409493","120.838067","2009","63057d93-f9eb-4ee8-a8f0-0a7e79a476c6","aa16d305-d413-4c4a-90be-b1ec3298d58d","[""b7c47783-a020-4173-b390-7b57c4fa1426""]","false","false","Hypselodoris rositoi","1297851","[""NO_DEPTH""]","2","560","","","","","","","","","","","","","","","","Miamirinae","549835","","","","","","","","Epstein et al text reads ""Paratype: CASIZ 220675, one specimen, Cavite Province, Luzon, Philippines, May 2009, specimen provided by Denis Ty of Aquascapes Philippines Company.""","PARATYPE","May 2009","","","","","","","","","","","","","","","","","","","","","","","","","","","","","","","","","","","","","","","","","","","","","","","","","","","","","","","","","",""
"PreservedSpecimen","false","32862","Teleostei","293496","ICH","62","","3131","Philippines","","","","","","1","14.245076","120.610974","","Callionymidae","125522","","Callionymus","125930","","","","","","","","","","CAS","","Animalia","2","","(CC-BY NC) 4.0","","","true","1","","FN2[31166865]:CAS-62[126791:32862]","","Callionymiformes","1517496","Chordata","1821","","Norton, J. E.","Callionymus filamentosus","","Callionymus filamentosus","126791","","","","","","","","","","","","","","","Collection","","","1964","65be57c8-224e-4b11-aaed-3c5dd5469c83","2891a788-9f30-4413-8f73-9e7686890e9d","[""dcb0c76d-46a1-4e07-9a69-98cf3fd67576""]","false","false","Callionymus filamentosus","126791","[""NO_DEPTH""]","25","1307","","","","","","Actinopterygii","10194","1","Gnathostomata","1828","","","Osteichthyes","152352","urn:lsid:marinespecies.org:taxname:126791","","","Vertebrata","146419","Actinopteri","843664","","","true","","","","00:00.0","","","CAS","","","","","Tulane University","126791","","","","","","","","","Non-commercial use only","TU","31023077","14-26 fa","","","","","","","","","","","","","","","","","","","","","","","","","","","","","","","","","","","",""
"PreservedSpecimen","false","103703","Gastropoda","101","IZ","https://www.gbif.org/grscicoll/collection/5d4a63d3-e994-4b19-b592-e853a8e3b470","Asia","5729","Philippines","1995-03-04","794275200000","794275200000","794275200000","1995","4","14.170135","120.575502","1995-03-04","Aglajidae","22981","046515","Chelidonura","137638","WGS 84","[needs verification] Hamilo Bay. Placed marker near Hamilo Point.","Animalia, Mollusca, Gastropoda, Heterobranchia, Euthyneura, Tectipleura, Cephalaspidea, Philinoidea, Aglajidae","Asia, North Pacific Ocean, Philippines, Luzon Island","T.M. Gosliner","Euthyneura","1057247","","","CAS","http://grscicoll.org/institution/california-academy-sciences","Animalia","2","en","https://creativecommons.org/publicdomain/zero/1.0/","Hamilo Bay, The Head","062342d9-2598-11ed-aace-005056be1b7a","true","3","ICZN","urn:catalog:CAS:IZ:103703","","Cephalaspidea","154","Mollusca","51","Fluid-75% EtOH(3)","D.W. Behrens","Chelidonura hirundinina","(Quoy & Gaimard, 1833)","Chelidonura hirundinina","420528","hirundinina","63","Batangas Province","Heterobranchia","14712","Tectipleura","1057250","Biota","1","Philinoidea","196322","","","species","Physical Object","14.170135","120.575502","1995","6a3e3bd3-5217-45ae-8cf0-ac6bb0363650","aa16d305-d413-4c4a-90be-b1ec3298d58d","[""b7c47783-a020-4173-b390-7b57c4fa1426""]","false","false","Chelidonura hirundinina","420528","[""NO_DEPTH""]","-21","78","28.48","31.91","","","","","","","","","","","","","","","","","","","","","","","","","","","","","","","","","","","","","","","","","","","","","","","","","","","","","","","","","","","","","","","","","","","","","","","","","","","","","","","","","","",""
"PreservedSpecimen","true","NMI 859","Teleostei","293496","SEAOBIS-796425","","","","Philippines","","","","","","","14.34003","120.757798","","Engraulidae","125465","","Stolephorus","206924","","","","","","","","","","SEAOBIS","","Animalia","2","","","","","true","","","796425","","Clupeiformes","10297","Chordata","1821","","Umali, A.F.","Stolephorus indicus","","Stolephorus indicus","212280","","","Cavite","","","","","","","","","","","","","","","1948","6ad5b3c0-daee-4db4-b1fb-1ea45f32e912","288e63af-5f94-43d4-a039-f238b432129c","[""e19d3c02-134f-45b8-9577-e34e8d89cc22""]","false","false","Stolephorus indicus","212280","[""NO_DEPTH""]","2","978","28.51","31.51","","","","Actinopterygii","10194","1","Gnathostomata","1828","","","Osteichthyes","152352","","","","Vertebrata","146419","Actinopteri","843664","","","true","","","","2003-08-25","","PH","","","","","","","","","","","","","","","","","","45880","","","","","","","","","unsexed","","","","","Cavite","569","Umali, A.F.","","","","","","","","","","","","","","","","","","","","",""
"PreservedSpecimen","true","57152","Teleostei","293496","I","72","","","Philippines","","","","","","11","14.433333","120.833333","","Apogonidae","125518","","Jaydia","206779","","","","","","","","","","KAUM","","Animalia","2","","(CC-BY NC) 4.0","","","true","10","","FN2[31561994]:KAUM-72[273074:57152]","","Kurtiformes","1517499","Chordata","1821","","","Jaydia poeciloptera","","Jaydia poeciloptera","1059799","","","","","","","","","","","","","","","Collection","","","2013","6d7b1e2f-2c4a-4676-991d-b605d453cbbe","2891a788-9f30-4413-8f73-9e7686890e9d","[""dcb0c76d-46a1-4e07-9a69-98cf3fd67576""]","false","false","Apogon poecilopterus","1059799","[""NO_DEPTH""]","9","2199","28.52","31.38","","","","Actinopterygii","10194","","Gnathostomata","1828","","","Osteichthyes","152352","urn:lsid:marinespecies.org:taxname:273074","Apogoninae","267079","Vertebrata","146419","Actinopteri","843664","273074","","","","","","2016-03-14T23:18:38+09:00","","","KAUM","","","","","Tulane University","273074","","","","","","","","","Non-commercial use only","TU","30240530","0 meters","","","","","","","","","","","","","","","","","","","","","","","","","","","","","","","","","","","",""
"PreservedSpecimen","","103905","Octocorallia","1341","IZ","https://www.gbif.org/grscicoll/collection/5d4a63d3-e994-4b19-b592-e853a8e3b470","Asia","5729","Philippines","1995-04-01","794275200000","794275200000","794275200000","1995","4","14.170135","120.575502","1995-03-04","Acanthogorgiidae","125272","046288","Acanthogorgia","125293","WGS 84","[needs verification] Hamilo Cove. Placed marker near Hamilo Point.","Animalia, Cnidaria, Anthozoa, Octocorallia, Alcyonacea, Holaxonia, Acanthogorgiidae","Asia, North Pacific Ocean, Philippines, Luzon","G.C. Williams","","","","","CAS","http://grscicoll.org/institution/california-academy-sciences","Animalia","2","en","https://creativecommons.org/publicdomain/zero/1.0/","Nasugbu, Hamilo Cove, Hamilo Cove Point","06269608-2598-11ed-aace-005056be1b7a","true","3","ICZN","urn:catalog:CAS:IZ:103905","barnacles (CASIZ Cat# 103906) split from lot on 19 Sept 1995 by C.Mah","Malacalcyonacea","1609357","Cnidaria","1267","Fluid-75% EtOH(2)|Image(s)(1)","Gary C. Williams","Acanthogorgia","Kükenthal & Gorzawsky, 1908","","","","63","Batangas Province","","","","","Biota","1","","","","","","Physical Object","14.170135","120.575502","1995","6db0ee9f-0d28-4400-aad8-6e87f919b3b8","aa16d305-d413-4c4a-90be-b1ec3298d58d","[""b7c47783-a020-4173-b390-7b57c4fa1426""]","false","false","Acalycigorgia","125293","[]","-21","78","28.48","31.91","","","12.190000000000001","","","","","","16.76","7.62","","","","","","Anthozoa","1292","","","293247","","","Water temp: 78deg F, Visibility 15', ""murky"" conditions; Eleutherobia collected at 45 ft; many gorgonians (plexaurids).","","4 Mar 1995","","","","","4 Mar 1995","","","","","","","","","","","","","","","","","","","","","","","","","","","","","","","","","","","","","","","","","","","","","","","","","","","","",""
"PreservedSpecimen","true","119521","Gastropoda","101","IZ","https://www.gbif.org/grscicoll/collection/5d4a63d3-e994-4b19-b592-e853a8e3b470","Asia","667","Philippines","","289526400000","289440000000","289353600000","1979","4","14.115468","120.612432","1979-03-04/06","Siphonariidae","23118","003115","","","WGS 84","Placed marker near Maya-maya Club, Given coordinates are located inland.","Animalia, Mollusca, Gastropoda, Heterobranchia, Euthyneura, Tectipleura, Siphonarimorpha, Siphonariida, Siphonarioidea, Siphonariidae","Asia, North Pacific Ocean, Philippines, Luzon","","Euthyneura","1057247","","","CAS","http://grscicoll.org/institution/california-academy-sciences","Animalia","2","en","https://creativecommons.org/publicdomain/zero/1.0/","Nasugbu, in front of the ""Maya-Maya Reef Club""","0573d53e-2598-11ed-aace-005056be1b7a","true","3","ICZN","urn:catalog:CAS:IZ:119521","","Siphonariida","1057459","Mollusca","51","Fluid-75% EtOH(22)","Antonio J. Ferreira","Siphonariidae","Gray, 1827","","","","63","Batangas Province","Heterobranchia","14712","Tectipleura","1057250","Biota","1","Siphonarioidea","382225","Siphonarimorpha","1057458","","Physical Object","14.115468","120.612432","1979","71e245e0-a673-44a1-94b4-0fa081967858","aa16d305-d413-4c4a-90be-b1ec3298d58d","[""b7c47783-a020-4173-b390-7b57c4fa1426""]","false","false","Siphonariidae","23118","[]","-3","15","28.43","31.84","","","0.61","","","","","","1.22","0","","","","","","","","","","","","true","Specimens in 2-8 oz. bottles and in very good condition.Original accession date 3 Apr 1979.","","4-6 Mar 1979","","","","","","","","","","","","65","","","","","","","","","","","","","","","","","","","","","","","","","","","","","","","","","","","","","","","","","","","","","",""
"PreservedSpecimen","","103749","Gastropoda","101","IZ","https://www.gbif.org/grscicoll/collection/5d4a63d3-e994-4b19-b592-e853a8e3b470","Asia","5729","Philippines","1995-03-04","794275200000","794275200000","794275200000","1995","4","14.170135","120.575502","1995-03-04","Plakobranchidae","411960","046532","Thuridilla","137929","WGS 84","[needs verification] Hamilo Bay. Placed marker near Hamilo Point.","Animalia, Mollusca, Gastropoda, Heterobranchia, Euthyneura, Tectipleura, Sacoglossa, Plakobranchoidea, Plakobranchidae","Asia, North Pacific Ocean, Philippines, Luzon Island","T.M. Gosliner","Euthyneura","1057247","","","CAS","http://grscicoll.org/institution/california-academy-sciences","Animalia","2","en","https://creativecommons.org/publicdomain/zero/1.0/","Hamilo Bay, The Head","062342d9-2598-11ed-aace-005056be1b7a","true","3","ICZN","urn:catalog:CAS:IZ:103749","","","","Mollusca","51","Fluid-75% EtOH(1)|Image(s)(1)","Mel Segarra","Thuridilla albopustulosa","Gosliner, 1995","Thuridilla albopustulosa","494488","albopustulosa","63","Batangas Province","Heterobranchia","14712","Tectipleura","1057250","Biota","1","Plakobranchoidea","411959","Sacoglossa","167","species","Physical Object","14.170135","120.575502","1995","75e2f8da-9a67-42ea-904c-5af58ff36af8","aa16d305-d413-4c4a-90be-b1ec3298d58d","[""b7c47783-a020-4173-b390-7b57c4fa1426""]","false","false","Thuridilla albopustulosa","494488","[""NO_DEPTH""]","-21","78","28.48","31.91","","","","","","","","","","","","","","","","","","","","","","","","","","","","","","","","","","","","","","","","","","","","","","","","","","","","","","","","","","","","","","","","","","","","","","","","","","","","","","","","","","",""
"PreservedSpecimen","false","455514","Gastropoda","101","IZ","https://www.gbif.org/grscicoll/collection/5d4a63d3-e994-4b19-b592-e853a8e3b470","Asia","667","Philippines","","289526400000","289440000000","289353600000","1979","4","14.115468","120.612432","1979-03-04/06","Acmaeidae","114","003115","","","WGS 84","Placed marker near Maya-maya Club, Given coordinates are located inland.","Animalia, Mollusca, Gastropoda, Patellogastropoda, Lottioidea, Acmaeidae","Asia, North Pacific Ocean, Philippines, Luzon","","","","","","CAS","http://grscicoll.org/institution/california-academy-sciences","Animalia","2","en","https://creativecommons.org/publicdomain/zero/1.0/","Nasugbu, in front of the ""Maya-Maya Reef Club""","0573d53e-2598-11ed-aace-005056be1b7a","true","3","ICZN","urn:catalog:CAS:IZ:455514","Determination is Group No. 36-1-1: Acmaeidae, Lottiidae or Eoacmaeidae. specimen count approximate.","","","Mollusca","51","Fluid-75% EtOH(15)","Antonio J. Ferreira","Acmaeidae","Forbes, 1850","","","","63","Batangas Province","Patellogastropoda","382158","","","Biota","1","Lottioidea","391063","","","","Physical Object","14.115468","120.612432","1979","75f92d48-36f4-4f70-b66a-bebf4d5b904b","aa16d305-d413-4c4a-90be-b1ec3298d58d","[""b7c47783-a020-4173-b390-7b57c4fa1426""]","false","false","Acmaeidae","114","[]","-3","15","28.43","31.84","","","0.61","","","","","","1.22","0","","","","","","","","","","","","","Specimens in 2-8 oz. bottles and in very good condition.Original accession date 3 Apr 1979.","","4-6 Mar 1979","2024-08-29 12:23:39","","","","","","","","","","","65","","","","","","","","","","","","","","","","","","","","","","","","","","","","","","","","","","","","","","","","","","","","","",""
"HumanObservation","","33168037","Gastropoda","101","Observations","","","4000","","2024-08-18T02:16:34Z","347155200000","347155200000","347155200000","1981","","14.4791297","120.8894102994","1981-01-01T17:55:00-08:00","Lottiidae","7173","","Patelloida","205118","EPSG:4326","","","","R. Lucine","","","","","iNaturalist","","Animalia","2","","https://creativecommons.org/licenses/by-nc/4.0/","","","true","","","https://www.inaturalist.org/observations/33168037","Collected by my father","","","Mollusca","51","","Donna Pomeroy","Patelloida lentiginosa","","Patelloida lentiginosa","456635","","","Cavite","Patellogastropoda","382158","","","Biota","1","Lottioidea","391063","","","species","","","","","760e35e9-8bc7-4ddb-a7df-fe3a4164e60f","eaea291a-1e1d-4382-b86f-ac3cc15b8d5a","[""f92d5d7f-47a6-4605-9fd0-a8538dfde3fd""]","false","false","Patelloida lentiginosa","456635","[""NO_DEPTH"",""ON_LAND""]","-1","-22","28.52","31.48","","","","","","","","","","","","","urn:lsid:marinespecies.org:taxname:456635","Lottiinae","411585","","","","","","","","","","1981/01/01 5:55 PM -0800","2024-08-20T21:22:09Z","","PH","iNaturalist research-grade observations","17:55:00-08:00","529020486","urn:lsid:marinespecies.org:taxname:456635","https://www.inaturalist.org/observations/33168037","Donna Pomeroy","1212158","Cavite City, Philippines","","","","","","","","","","","","","","","","","","","","","","","","","","","third time's the charm! a lot of these were misidentified in India, and this paper helped to disambiguate. the zigzag pattern of color and the radial rays on the shell are characteristic of this species, which was originally known only to reside in Philippines. compare https://zenodo.org/records/3621147","Patelloidini","411588","","","","","","","","","","","","","","","","","",""
"PreservedSpecimen","","103856","Octocorallia","1341","IZ","https://www.gbif.org/grscicoll/collection/5d4a63d3-e994-4b19-b592-e853a8e3b470","Asia","5729","Philippines","","794275200000","794275200000","794275200000","1995","4","14.170135","120.575502","1995-03-04","Plexauridae","125277","046288","","","WGS 84","[needs verification] Hamilo Cove. Placed marker near Hamilo Point.","Animalia, Cnidaria, Anthozoa, Octocorallia, Alcyonacea, Holaxonia, Plexauridae","Asia, North Pacific Ocean, Philippines, Luzon","","","","","","CAS","http://grscicoll.org/institution/california-academy-sciences","Animalia","2","en","https://creativecommons.org/publicdomain/zero/1.0/","Nasugbu, Hamilo Cove, Hamilo Cove Point","06269608-2598-11ed-aace-005056be1b7a","true","3","ICZN","urn:catalog:CAS:IZ:103856","","Malacalcyonacea","1609357","Cnidaria","1267","Fluid-75% EtOH(1)","Gary C. Williams","Plexauridae","Gray, 1859","","","","63","Batangas Province","","","","","Biota","1","","","","","","Physical Object","14.170135","120.575502","1995","77af7807-a3a5-492c-ad66-d0dd063becfe","aa16d305-d413-4c4a-90be-b1ec3298d58d","[""b7c47783-a020-4173-b390-7b57c4fa1426""]","false","false","Plexauridae","125277","[]","-21","78","28.48","31.91","","","12.190000000000001","","","","","","16.76","7.62","","","","","","Anthozoa","1292","","","","","","Water temp: 78deg F, Visibility 15', ""murky"" conditions; Eleutherobia collected at 45 ft; many gorgonians (plexaurids).","","4 Mar 1995","","","","","4 Mar 1995","","","","","","","","","","","","","","","","","","","","","","","","","","","","","","","","","","","","","","","","","","","","","","","","","","","","",""
"PreservedSpecimen","","103901","Octocorallia","1341","IZ","https://www.gbif.org/grscicoll/collection/5d4a63d3-e994-4b19-b592-e853a8e3b470","Asia","5729","Philippines","","794275200000","794275200000","794275200000","1995","4","14.170135","120.575502","1995-03-04","Plexauridae","125277","046288","","","WGS 84","[needs verification] Hamilo Cove. Placed marker near Hamilo Point.","Animalia, Cnidaria, Anthozoa, Octocorallia, Alcyonacea, Holaxonia, Plexauridae","Asia, North Pacific Ocean, Philippines, Luzon","","","","","","CAS","http://grscicoll.org/institution/california-academy-sciences","Animalia","2","en","https://creativecommons.org/publicdomain/zero/1.0/","Nasugbu, Hamilo Cove, Hamilo Cove Point","06269608-2598-11ed-aace-005056be1b7a","true","3","ICZN","urn:catalog:CAS:IZ:103901","","Malacalcyonacea","1609357","Cnidaria","1267","Fluid-75% EtOH(1)","Gary C. Williams","Plexauridae","Gray, 1859","","","","63","Batangas Province","","","","","Biota","1","","","","","","Physical Object","14.170135","120.575502","1995","79652c15-7a99-4386-a89a-57fe6c3b22cc","aa16d305-d413-4c4a-90be-b1ec3298d58d","[""b7c47783-a020-4173-b390-7b57c4fa1426""]","false","false","Plexauridae","125277","[]","-21","78","28.48","31.91","","","12.190000000000001","","","","","","16.76","7.62","","","","","","Anthozoa","1292","","","","","","Water temp: 78deg F, Visibility 15', ""murky"" conditions; Eleutherobia collected at 45 ft; many gorgonians (plexaurids).","","4 Mar 1995","","","","","4 Mar 1995","","","","","","","","","","","","","","","","","","","","","","","","","","","","","","","","","","","","","","","","","","","","","","","","","","","","",""
"HumanObservation","","381922458","Hexacorallia","1340","Observations","","","30981","","2026-07-16T08:49:31Z","1741737600000","1741737600000","1741737600000","2025","","14.1364744655","120.6239345649","2025-03-12","Fungiidae","196100","","Heliofungia","206539","EPSG:4326","","","","ReefMo! by DLSU-SHORE","","","","","iNaturalist","","Animalia","2","","https://creativecommons.org/licenses/by-nc/4.0/","","","true","","","https://www.inaturalist.org/observations/381922458","Photographed by WYLicuanan Identified by RAHPalomo & KCRPanado","Scleractinia","1363","Cnidaria","1267","","ReefMo! by DLSU-SHORE","Heliofungia actiniformis","","Heliofungia actiniformis","207362","","","Batangas","","","","","Biota","1","","","","","species","","","","","7a9d7bad-c7a8-4ee8-afe8-1f56fbc32b29","eaea291a-1e1d-4382-b86f-ac3cc15b8d5a","[""f92d5d7f-47a6-4605-9fd0-a8538dfde3fd""]","false","false","Heliofungia actiniformis","207362","[""NO_DEPTH"",""ON_LAND""]","-88","-1776","28.43","31.84","","","","","","","","","","","","","urn:lsid:marinespecies.org:taxname:207362","","","Anthozoa","1292","","","","","","","","2025/03/12","2026-07-16T13:30:26Z","","PH","iNaturalist research-grade observations","","851863664","urn:lsid:marinespecies.org:taxname:207362","https://www.inaturalist.org/observations/381922458","ReefMo! by DLSU-SHORE","102420","Philippines","","","","Vacatina","1517259","","","","","","","","","","","{""evidenceOfPresence"":""organism""}","Coordinate uncertainty increased to 30981m to protect threatened taxon","","","alive","","","","","","","","","","","","","","","","","","","","","","","","","","",""
"PreservedSpecimen","false","105882","Gastropoda","101","IZ","https://www.gbif.org/grscicoll/collection/5d4a63d3-e994-4b19-b592-e853a8e3b470","Asia","5729","Philippines","1995-03-04","794275200000","794275200000","794275200000","1995","4","14.170135","120.575502","1995-03-04","Chromodorididae","23003","046515","Chromodoris","137782","WGS 84","[needs verification] Hamilo Bay. Placed marker near Hamilo Point.","Animalia, Mollusca, Gastropoda, Heterobranchia, Euthyneura, Ringipleura, Nudipleura, Nudibranchia, Doridina, Doridoidei, Chromodoridoidea, Chromodorididae, Chromodoridinae","Asia, North Pacific Ocean, Philippines, Luzon Island","T.M. Gosliner","Euthyneura","1057247","Doridoidei","246038","CAS","http://grscicoll.org/institution/california-academy-sciences","Animalia","2","en","https://creativecommons.org/publicdomain/zero/1.0/","Hamilo Bay, The Head","062342d9-2598-11ed-aace-005056be1b7a","true","3","ICZN","urn:catalog:CAS:IZ:105882","identified as """"Chromodoris"" sp. ""purplatus"""". No original label. Split from CASIZ 105664. Locale confirmed by TMG.","Doridida","1829294","Mollusca","51","Fluid-75% EtOH(1)","D.W. Behrens","Chromodoris","Alder & Hancock, 1855","","","","63","Batangas Province","Heterobranchia","14712","Ringipleura","1057249","Biota","1","Chromodoridoidea","1370609","Nudipleura","411966","","Physical Object","14.170135","120.575502","1995","7ae060b2-575b-4ac0-9999-3cd1a4361b6c","aa16d305-d413-4c4a-90be-b1ec3298d58d","[""b7c47783-a020-4173-b390-7b57c4fa1426""]","false","false","Chromodoris","137782","[""NO_DEPTH""]","-21","78","28.48","31.91","","","","","","","","","","","","","","Chromodoridinae","1370610","","","","","","","true","","","","","","","","","","","","","","","","","","","","","","","","","","","","","","","","","","","","","","","","","","","","","","","","","","","","","","","","","","","","",""
"PreservedSpecimen","","103803","Octocorallia","1341","IZ","https://www.gbif.org/grscicoll/collection/5d4a63d3-e994-4b19-b592-e853a8e3b470","Asia","5729","Philippines","","794275200000","794275200000","794275200000","1995","4","14.170135","120.575502","1995-03-04","Plexauridae","125277","046288","","","WGS 84","[needs verification] Hamilo Cove. Placed marker near Hamilo Point.","Animalia, Cnidaria, Anthozoa, Octocorallia, Alcyonacea, Holaxonia, Plexauridae","Asia, North Pacific Ocean, Philippines, Luzon","","","","","","CAS","http://grscicoll.org/institution/california-academy-sciences","Animalia","2","en","https://creativecommons.org/publicdomain/zero/1.0/","Nasugbu, Hamilo Cove, Hamilo Cove Point","06269608-2598-11ed-aace-005056be1b7a","true","3","ICZN","urn:catalog:CAS:IZ:103803","","Malacalcyonacea","1609357","Cnidaria","1267","Fluid-75% EtOH(1)","Gary C. Williams","Plexauridae","Gray, 1859","","","","63","Batangas Province","","","","","Biota","1","","","","","","Physical Object","14.170135","120.575502","1995","7d018ed1-bb06-4acd-a186-c1679c98bf50","aa16d305-d413-4c4a-90be-b1ec3298d58d","[""b7c47783-a020-4173-b390-7b57c4fa1426""]","false","false","Plexauridae","125277","[]","-21","78","28.48","31.91","","","12.190000000000001","","","","","","16.76","7.62","","","","","","Anthozoa","1292","","","","","","Water temp: 78deg F, Visibility 15', ""murky"" conditions; Eleutherobia collected at 45 ft; many gorgonians (plexaurids).","","4 Mar 1995","","","","","4 Mar 1995","","","","","","","","","","","","","","","","","","","","","","","","","","","","","","","","","","","","","","","","","","","","","","","","","","","","",""
"PreservedSpecimen","","105684","Gastropoda","101","IZ","https://www.gbif.org/grscicoll/collection/5d4a63d3-e994-4b19-b592-e853a8e3b470","Asia","5729","Philippines","1995-03-04","794275200000","794275200000","794275200000","1995","4","14.170135","120.575502","1995-03-04","Actinocyclidae","196290","046511","Hallaxa","531808","WGS 84","[needs verification] Hamilo Bay. Placed marker near Hamilo Point.","Animalia, Mollusca, Gastropoda, Heterobranchia, Euthyneura, Ringipleura, Nudipleura, Nudibranchia, Doridina, Doridoidei, Chromodoridoidea, Actinocyclidae","Asia, North Pacific Ocean, Philippines, Luzon Island","T.M. Gosliner","Euthyneura","1057247","Doridoidei","246038","CAS","http://grscicoll.org/institution/california-academy-sciences","Animalia","2","en","https://creativecommons.org/publicdomain/zero/1.0/","Hamilo Bay, The Head","062342d9-2598-11ed-aace-005056be1b7a","true","3","ICZN","urn:catalog:CAS:IZ:105684","identified as """"Hallaxa indecora"" purple"".","Doridida","1829294","Mollusca","51","Fluid-75% EtOH(1)|Image(s)(1)","T.M. Gosliner","Hallaxa indecora","(Bergh, 1905)","Hallaxa indecora","582450","indecora","63","Batangas Province","Heterobranchia","14712","Ringipleura","1057249","Biota","1","Chromodoridoidea","1370609","Nudipleura","411966","species","Physical Object","14.170135","120.575502","1995","7dd745c9-fae3-4287-b903-54690cc60daa","aa16d305-d413-4c4a-90be-b1ec3298d58d","[""b7c47783-a020-4173-b390-7b57c4fa1426""]","false","false","Hallaxa indecora","582450","[""NO_DEPTH""]","-21","78","28.48","31.91","","","","","","","","","","","","","","","","","","","","","","","","","","","","","","","","","","","","","","","","","","","","","","","","","","","","","","","","","","","","","","","","","","","","","","","","","","","","","","","","","","",""
"PreservedSpecimen","false","103737","Gastropoda","101","IZ","https://www.gbif.org/grscicoll/collection/5d4a63d3-e994-4b19-b592-e853a8e3b470","Asia","5729","Philippines","1995-03-04","794275200000","794275200000","794275200000","1995","4","14.170135","120.575502","1995-03-04","Phyllidiidae","23093","046509","Phyllidiopsis","138348","WGS 84","[needs verification] Hamilo Bay. Placed marker near Hamilo Point.","Animalia, Mollusca, Gastropoda, Heterobranchia, Euthyneura, Ringipleura, Nudipleura, Nudibranchia, Doridina, Doridoidei, Phyllidioidea, Phyllidiidae","Asia, North Pacific Ocean, Philippines, Luzon Island","T.M. Gosliner","Euthyneura","1057247","Doridoidei","246038","CAS","http://grscicoll.org/institution/california-academy-sciences","Animalia","2","en","https://creativecommons.org/publicdomain/zero/1.0/","Hamilo Bay, Pinnacle Rock","062799b5-2598-11ed-aace-005056be1b7a","true","3","ICZN","urn:catalog:CAS:IZ:103737","original label erroneously reads ""ST 40"".","Doridida","1829294","Mollusca","51","Fluid-75% EtOH(1)|Image(s)(2)","T.M. Gosliner","Phyllidiopsis annae","Brunckhorst, 1993","Phyllidiopsis annae","536725","annae","63","Batangas Province","Heterobranchia","14712","Ringipleura","1057249","Biota","1","Phyllidioidea","412563","Nudipleura","411966","species","Physical Object","14.170135","120.575502","1995","8169f72c-a226-4019-a231-a48af2b75749","aa16d305-d413-4c4a-90be-b1ec3298d58d","[""b7c47783-a020-4173-b390-7b57c4fa1426""]","false","false","Phyllidiopsis annae","536725","[""NO_DEPTH""]","-21","78","28.48","31.91","","","","","","","","","","","","","","","","","","","","","","","","","","","","","","","","","","","","","","","","","","","","","","","","","","","","","","","","","","","","","","","","","","","","","","","","","","","","","","","","","","",""
"HumanObservation","","256260569","Aves","1836","Observations","","","30981","","2025-01-18T08:36:12Z","1734998400000","1734998400000","1734998400000","2024","","14.144146396","120.6409367472","2024-12-24T13:50:46+08:00","Ardeidae","148747","","Egretta","159113","EPSG:4326","","","","Mathieu Soetens","","","","","iNaturalist","","Animalia","2","","https://creativecommons.org/licenses/by/4.0/","","","true","","","https://www.inaturalist.org/observations/256260569","","Ciconiiformes","148746","Chordata","1821","","Mathieu Soetens","Egretta eulophotes","","Egretta eulophotes","446492","","","Batangas","","","","","Biota","1","","","","","species","","","","","82a4157d-c8aa-43cc-923d-9e172e788cf0","eaea291a-1e1d-4382-b86f-ac3cc15b8d5a","[""f92d5d7f-47a6-4605-9fd0-a8538dfde3fd""]","false","false","Egretta eulophotes","446492","[""NO_DEPTH"",""ON_LAND""]","-143","-3357","28.43","31.84","","","","","","","Gnathostomata","1828","","","","","urn:lsid:marinespecies.org:taxname:446492","","","Vertebrata","146419","Reptilia","1838","","","","","","2024-12-24 13:50:46","2025-07-23T07:37:03Z","","PH","iNaturalist research-grade observations","13:50:46+08:00","584386911","urn:lsid:marinespecies.org:taxname:446492","https://www.inaturalist.org/observations/256260569","Mathieu Soetens","4949","Philippines","","","","","","","","","","","","","","","","","Coordinate uncertainty increased to 30981m to protect threatened taxon","","","","Tetrapoda","1831","","","","","","","","VU","","","","","","","","","","","","","","","","",""
"PreservedSpecimen","true","21728","Teleostei","293496","SU","62","","3131","Philippines","","","","","","","14.245076","120.610974","","Sillaginidae","125563","","Sillago","126072","","","","","","","","","","CAS","","Animalia","2","","(CC-BY NC) 4.0","","","true","","","FN2[31218531]:CAS-62[127046:21728]","","Eupercaria incertae sedis","1517577","Chordata","1821","","Seale, Alvin","Sillago sihama","","Sillago sihama","127046","","","","","","","","","","","","","","","Collection","","","","83efab83-717f-4310-a1da-8458a050e706","2891a788-9f30-4413-8f73-9e7686890e9d","[""dcb0c76d-46a1-4e07-9a69-98cf3fd67576""]","false","false","Sillago sihama","127046","[""NO_DEPTH""]","25","1307","","","","","","Actinopterygii","10194","1","Gnathostomata","1828","","","Osteichthyes","152352","urn:lsid:marinespecies.org:taxname:127046","","","Vertebrata","146419","Actinopteri","843664","","","true","","","","42:22.0","","","CAS","","","","","Tulane University","127046","","","","","","","","","Non-commercial use only","TU","31088498","","","","","","","","","","","","","Luzon I.","","","","","","","","","","","","","","","","","","","","","","","",""
"PreservedSpecimen","false","82066","Teleostei","293496","ICH","http://grscicoll.org/institutional-collection/cas-ichthyology","Pacific Ocean","3131","Philippines","1994-11","-700012800000","-700012800000","-700012800000","1947","27","14.245076","120.610974","1947-10-27","Exocoetidae","125452","G-19","Parexocoetus","125694","","Polygon covers Limbones Cove. Coordinates placed at center of polygon.","Animalia, Chordata, Actinopteri, Beloniformes, Exocoetidae","Pacific Ocean, Indo-West Pacific","N. Parin","","","","","CAS","http://grscicoll.org/institution/california-academy-sciences","Animalia","2","en","https://creativecommons.org/publicdomain/zero/1.0/","Limbones Cove, w. Luzon.","","true","10","ICZN","urn:catalog:CAS:ICH:82066","","Beloniformes","10320","Chordata","1821","alcohol-55% isopropanol","","Parexocoetus mento","(Valenciennes 1847)","Parexocoetus mento","126388","mento","300","","","","","","Biota","1","","","","","species","Physical Object","14.245076°","120.610974°","1947","879849a1-f911-43a7-9cc9-aaabede3c80d","d6af0fac-8a21-4d77-8872-f10d471fc0cf","[""b7c47783-a020-4173-b390-7b57c4fa1426""]","false","false","Parexocoetus mento","126388","[]","25","1307","","","","","43.89","Actinopterygii","10194","1","Gnathostomata","1828","","43.89","Osteichthyes","152352","","","","Vertebrata","146419","Actinopteri","843664","","","true","Philippine Fishery Program","","","1994-11-28 00:00:00","","","","1730-2330","","","","","","","","","","","","","","","","","24 fa","FishNet Collaborative Georeferencing Project","","","","","","","","","","","Luzon I.","","","","","","","","night light","","","","","","","","","","","","","","","",""
"PreservedSpecimen","false","57150","Teleostei","293496","I","72","","","Philippines","","","","","","11","14.433333","120.833333","","Apogonidae","125518","","Ostorhinchus","297317","","","","","","","","","","KAUM","","Animalia","2","","(CC-BY NC) 4.0","","","true","10","","FN2[31561992]:KAUM-72[273073:57150]","","Kurtiformes","1517499","Chordata","1821","","","Ostorhinchus pleuron","","Ostorhinchus pleuron","712683","","","","","","","","","","","","","","","Collection","","","2013","891458c1-6061-467b-ab4d-dde63d3f8f77","2891a788-9f30-4413-8f73-9e7686890e9d","[""dcb0c76d-46a1-4e07-9a69-98cf3fd67576""]","false","false","Apogon pleuron","712683","[""NO_DEPTH""]","9","2199","28.52","31.38","","","","Actinopterygii","10194","","Gnathostomata","1828","","","Osteichthyes","152352","urn:lsid:marinespecies.org:taxname:273073","Apogoninae","267079","Vertebrata","146419","Actinopteri","843664","273073","","","","","","2016-03-14T23:18:32+09:00","","","KAUM","","","","","Tulane University","273073","","","","","","","","","Non-commercial use only","TU","30240528","0 meters","","","","","","","","","","","","","","","","","","","","","","","","","","","","","","","","","","","",""
"PreservedSpecimen","","103698","Gastropoda","101","IZ","https://www.gbif.org/grscicoll/collection/5d4a63d3-e994-4b19-b592-e853a8e3b470","Asia","5729","Philippines","1995-03-04","794275200000","794275200000","794275200000","1995","4","14.170135","120.575502","1995-03-04","Chromodorididae","23003","046514","Goniobranchus","558453","WGS 84","[needs verification] Hamilo Bay. Placed marker near Hamilo Point.","Animalia, Mollusca, Gastropoda, Heterobranchia, Euthyneura, Ringipleura, Nudipleura, Nudibranchia, Doridina, Doridoidei, Chromodoridoidea, Chromodorididae, Chromodoridinae","Asia, North Pacific Ocean, Philippines, Luzon Island","T.M. Gosliner","Euthyneura","1057247","Doridoidei","246038","CAS","http://grscicoll.org/institution/california-academy-sciences","Animalia","2","en","https://creativecommons.org/publicdomain/zero/1.0/","Hamilo Bay, back bay","06279b22-2598-11ed-aace-005056be1b7a","true","3","ICZN","urn:catalog:CAS:IZ:103698","formerly Chromodoris.","Doridida","1829294","Mollusca","51","Fluid-75% EtOH(1)|Image(s)(1)","D.W. Behrens","Goniobranchus preciosus","(Kelaart, 1858)","Goniobranchus preciosus","597340","preciosus","63","Batangas Province","Heterobranchia","14712","Ringipleura","1057249","Biota","1","Chromodoridoidea","1370609","Nudipleura","411966","species","Physical Object","14.170135","120.575502","1995","898668ab-8bf7-44bf-bc59-d3cddb768663","aa16d305-d413-4c4a-90be-b1ec3298d58d","[""b7c47783-a020-4173-b390-7b57c4fa1426""]","false","false","Goniobranchus preciosus","597340","[]","-21","78","28.48","31.91","","","0.61","","","","","","","0.61","","","","Chromodoridinae","1370610","","","","","","","","snorkelling","","","","","","","","","","","","","","","","","","","","","","","","","","","","","","","","","","","","","","","","","","","","","","","","","","","","","","","","","","","",""
"PreservedSpecimen","false","52679","Teleostei","293496","ICH","http://grscicoll.org/institutional-collection/cas-ichthyology","Pacific Ocean","24829","Philippines","2025-09-22","-702172800000","-702172800000","-702172800000","1947","2","14.358786","120.760205","1947-10-02","Serranidae","125561","AWH 2-X-47C","Chelidoperca","204085","","Error covers Manila Bay off Cavite Province.","Animalia, Chordata, Actinopteri, Perciformes, Percoidei, Serranidae","Pacific Ocean, Indo-West Pacific, Philippines","Mizuki Matsunuma","","","","","CAS","http://grscicoll.org/institution/california-academy-sciences","Animalia","2","en","https://creativecommons.org/publicdomain/zero/1.0/","Coast of Cavite Province: S. entrance to Manila Bay.","","true","10","ICZN","urn:catalog:CAS:ICH:52679","","Perciformes","11014","Chordata","1821","alcohol-75% EtOH","Herre, Albert W.","Chelidoperca stella","Matsunuma & Motomura 2016","Chelidoperca stella","1385046","stella","275","Cavite","","","","","Biota","1","","","","","species","Physical Object","14.358786°","120.760205°","1947","8ae56a52-a5c0-46b9-8303-0a57589db7c3","d6af0fac-8a21-4d77-8872-f10d471fc0cf","[""b7c47783-a020-4173-b390-7b57c4fa1426""]","false","false","Chelidoperca stella","1385046","[""NO_DEPTH""]","8","2461","28.51","31.51","","","","Actinopterygii","10194","1","Gnathostomata","1828","","","Osteichthyes","152352","","","","Vertebrata","146419","Actinopteri","843664","","Manila Bay","","","","","2025-09-24 16:16:21","UW 9774","","","","","","","","","","","","","Percoidei","151751","","","","","","","FishNet Collaborative Georeferencing Project","","","","","","","","","","","","","","","","","","","","","","","","","","","","","","","","","","",""
"PreservedSpecimen","","103852","Octocorallia","1341","IZ","https://www.gbif.org/grscicoll/collection/5d4a63d3-e994-4b19-b592-e853a8e3b470","Asia","5729","Philippines","","794275200000","794275200000","794275200000","1995","4","14.170135","120.575502","1995-03-04","Plexauridae","125277","046288","","","WGS 84","[needs verification] Hamilo Cove. Placed marker near Hamilo Point.","Animalia, Cnidaria, Anthozoa, Octocorallia, Alcyonacea, Holaxonia, Plexauridae","Asia, North Pacific Ocean, Philippines, Luzon","","","","","","CAS","http://grscicoll.org/institution/california-academy-sciences","Animalia","2","en","https://creativecommons.org/publicdomain/zero/1.0/","Nasugbu, Hamilo Cove, Hamilo Cove Point","06269608-2598-11ed-aace-005056be1b7a","true","3","ICZN","urn:catalog:CAS:IZ:103852","","Malacalcyonacea","1609357","Cnidaria","1267","Fluid-75% EtOH(1)","Gary C. Williams","Plexauridae","Gray, 1859","","","","63","Batangas Province","","","","","Biota","1","","","","","","Physical Object","14.170135","120.575502","1995","8df00683-b9d0-405f-99ac-d0da8444206b","aa16d305-d413-4c4a-90be-b1ec3298d58d","[""b7c47783-a020-4173-b390-7b57c4fa1426""]","false","false","Plexauridae","125277","[]","-21","78","28.48","31.91","","","12.190000000000001","","","","","","16.76","7.62","","","","","","Anthozoa","1292","","","","","","Water temp: 78deg F, Visibility 15', ""murky"" conditions; Eleutherobia collected at 45 ft; many gorgonians (plexaurids).","","4 Mar 1995","","","","","4 Mar 1995","","","","","","","","","","","","","","","","","","","","","","","","","","","","","","","","","","","","","","","","","","","","","","","","","","","","",""
"PreservedSpecimen","true","51589","Teleostei","293496","SU(ICH)","http://grscicoll.org/institutional-collection/cas-ichthyology","Pacific Ocean","1121686","Philippines","","-405043200000","-405043200000","-405043200000","1957","2","14.107651","120.623249","1957-03-02","Kyphosidae","125540","Z151589","","","","Coordinates at Forest Cove. Error expanded to covers the rest of Philippines.","Animalia, Chordata, Actinopteri, Centrarchiformes, Terapontoidei, Kyphosidae","Pacific Ocean, Indo-West Pacific","","","","","","CAS","http://grscicoll.org/institution/california-academy-sciences","Animalia","2","en","https://creativecommons.org/publicdomain/zero/1.0/","tidepool; Forest Cave, outer coast","","true","3","ICZN","urn:catalog:CAS:SU(ICH):51589","","Centrarchiformes","1517557","Chordata","1821","alcohol-75% EtOH","","Kyphosidae","Jordan 1887","","","","61","","","","","","Biota","1","","","","","","Physical Object","14.107651°","120.623249°","1957","8e07478d-101c-40ce-9985-1c89b79e5dd7","d6af0fac-8a21-4d77-8872-f10d471fc0cf","[""b7c47783-a020-4173-b390-7b57c4fa1426""]","false","false","Kyphosidae","125540","[""NO_DEPTH""]","-21","74","28.43","31.84","","","","Actinopterygii","10194","1","Gnathostomata","1828","","","Osteichthyes","152352","","","","Vertebrata","146419","Actinopteri","843664","","","","","","","1995-09-30 00:00:00","4A","","","","","","","","","","","","","","","","","","","","","FishNet Collaborative Georeferencing Project","","","","","","","","","","","","","","","","","","","","","","","","","","","","","","","","","","",""
"PreservedSpecimen","true","422644","Malacostraca","1071","IZ","https://www.gbif.org/grscicoll/collection/5d4a63d3-e994-4b19-b592-e853a8e3b470","Asia","19200","Philippines","","-1043193600000","-1043193600000","-1043193600000","1936","11","14.147945","120.590675","1936-12-11","Penaeidae","106727","027681","","","WGS 84","[no precise location] Nasugbu, Batangas","Animalia, Arthropoda, Crustacea, Malacostraca, Eumalacostraca, Eucarida, Decapoda, Dendrobranchiata, Penaeoidea, Penaeidae","Asia, North Pacific Ocean, Philippines, Luzon","","","","","","CAS","http://grscicoll.org/institution/california-academy-sciences","Animalia","2","en","https://creativecommons.org/publicdomain/zero/1.0/","Nasugbu","05e5467c-2598-11ed-aace-005056be1b7a","true","12","ICZN","urn:catalog:CAS:IZ:422644","","Decapoda","1130","Arthropoda","1065","Fluid-75% EtOH(1)","A. W. C. T. Herre","Penaeidae","Rafinesque, 1815","","","","346","Batangas Province","Eumalacostraca","1086","","","Biota","1","Penaeoidea","106683","Eucarida","1089","","Physical Object","14.147945","120.590675","1936","8ebd0bd8-abe8-4ca6-b75b-5d9099203b2f","aa16d305-d413-4c4a-90be-b1ec3298d58d","[""b7c47783-a020-4173-b390-7b57c4fa1426""]","false","false","Penaeidae","106727","[""NO_DEPTH""]","-3","493","28.43","31.84","","","","","","","","","","","","","","","","Crustacea","1066","Multicrustacea","845959","","","true","","","11 Dec 1936","2023-06-20 14:49:33","","","","","","","","","","","","","","Dendrobranchiata","106669","","","","","","","","","","","","","","","","","","","","","","","","","","","","","","","","","","","","","","","","","",""
"PreservedSpecimen","true","57156","Teleostei","293496","I","72","","","Philippines","","","","","","11","14.433333","120.833333","","Apogonidae","125518","","Jaydia","206779","","","","","","","","","","KAUM","","Animalia","2","","(CC-BY NC) 4.0","","","true","10","","FN2[31561998]:KAUM-72[273074:57156]","","Kurtiformes","1517499","Chordata","1821","","","Jaydia poeciloptera","","Jaydia poeciloptera","1059799","","","","","","","","","","","","","","","Collection","","","2013","8f34c6bd-1004-423d-93be-5145256ee2d2","2891a788-9f30-4413-8f73-9e7686890e9d","[""dcb0c76d-46a1-4e07-9a69-98cf3fd67576""]","false","false","Apogon poecilopterus","1059799","[""NO_DEPTH""]","9","2199","28.52","31.38","","","","Actinopterygii","10194","","Gnathostomata","1828","","","Osteichthyes","152352","urn:lsid:marinespecies.org:taxname:273074","Apogoninae","267079","Vertebrata","146419","Actinopteri","843664","273074","","","","","","2016-03-14T23:18:51+09:00","","","KAUM","","","","","Tulane University","273074","","","","","","","","","Non-commercial use only","TU","30240534","0 meters","","","","","","","","","","","","","","","","","","","","","","","","","","","","","","","","","","","",""
"HumanObservation","false","331509823","Malacostraca","1071","Observations","","","36","","2025-12-21T05:23:48Z","1766275200000","1766275200000","1766275200000","2025","","14.1083609771","120.6241427084","2025-12-21T12:40:30+08:00","Coenobitidae","196140","","Coenobita","205507","EPSG:4326","","","","theanimalspotter","","","Anomura","106671","iNaturalist","","Animalia","2","","https://creativecommons.org/licenses/by-nc/4.0/","","","true","","","https://www.inaturalist.org/observations/331509823","This tawny hermit crab was spotted on the sandy beaches of Batangas in the Philippines. As per WildSingapore, the species tend to be between 1-2cm, with similarly sized pincers.","Decapoda","1130","Arthropoda","1065","","theanimalspotter","Coenobita rugosus","","Coenobita rugosus","208657","","","Batangas","Eumalacostraca","1086","","","Biota","1","Paguroidea","106687","Eucarida","1089","species","","","","","8fae88f6-493f-40e4-bdfb-ac8d3dc44469","eaea291a-1e1d-4382-b86f-ac3cc15b8d5a","[""f92d5d7f-47a6-4605-9fd0-a8538dfde3fd""]","false","false","Coenobita rugosus","208657","[""NO_DEPTH""]","-10","23","28.43","31.84","","","","","","","","","","","","","urn:lsid:marinespecies.org:taxname:208657","","","Crustacea","1066","Multicrustacea","845959","","","","","","2025-12-21 12:40:30","2026-03-07T07:14:01Z","","PH","iNaturalist research-grade observations","12:40:30+08:00","740731545","urn:lsid:marinespecies.org:taxname:208657","https://www.inaturalist.org/observations/331509823","theanimalspotter","123362","Calabarzon, PH","","","","Pleocyemata","106670","","","","","","","","","","","","","","","","","","","","","","","","","","","","","","","","","","","","","","","","","",""
"PreservedSpecimen","false","52211","Teleostei","293496","ICH","http://grscicoll.org/institutional-collection/cas-ichthyology","Pacific Ocean","24829","Philippines","","-702172800000","-702172800000","-702172800000","1947","2","14.358786","120.760205","1947-10-02","Apogonidae","125518","AWH 2-X-47C","Amioides","712359","","Error covers Manila Bay off Cavite Province.","Chordata, Actinopteri, Gobiiformes, Apogonoidei, Apogonidae, Amioidinae","Pacific Ocean, Indo-West Pacific, Philippines","","","","","","CAS","http://grscicoll.org/institution/california-academy-sciences","Animalia","2","en","https://creativecommons.org/publicdomain/zero/1.0/","Coast of Cavite Province: S. entrance to Manila Bay.","","true","10","ICZN","urn:catalog:CAS:ICH:52211","","Kurtiformes","1517499","Chordata","1821","alcohol-75% EtOH","Herre, Albert W.","Amioides polyacanthus","(Smith & Radcliffe 1912)","Amioides polyacanthus","1017557","grossidens","275","Cavite","","","","","Biota","1","","","","","species","Physical Object","14.358786°","120.760205°","1947","93512ce7-b500-4cf6-8d24-1fa8e004f074","d6af0fac-8a21-4d77-8872-f10d471fc0cf","[""b7c47783-a020-4173-b390-7b57c4fa1426""]","false","false","Amioides grossidens","1017557","[""NO_DEPTH""]","8","2461","28.51","31.51","","","","Actinopterygii","10194","1","Gnathostomata","1828","","","Osteichthyes","152352","","Apogoninae","267079","Vertebrata","146419","Actinopteri","843664","712583","Manila Bay","","","","","1995-04-14 00:00:00","UW 9319","","","","","","","","","","","","","","","","","","","","","FishNet Collaborative Georeferencing Project","","","","","","","","","","","","","","","","","","","","","","","","","","","","","","","","","","",""
"PreservedSpecimen","","105705","Gastropoda","101","IZ","https://www.gbif.org/grscicoll/collection/5d4a63d3-e994-4b19-b592-e853a8e3b470","Asia","5729","Philippines","1995-03-04","794275200000","794275200000","794275200000","1995","4","14.170135","120.575502","1995-03-04","Chromodorididae","23003","053063","Hypselodoris","137784","WGS 84","[needs verification] Hamilo Bay. Placed marker near Hamilo Point.","Animalia, Mollusca, Gastropoda, Heterobranchia, Euthyneura, Ringipleura, Nudipleura, Nudibranchia, Doridina, Doridoidei, Chromodoridoidea, Chromodorididae, Miamirinae","Asia, North Pacific Ocean, Philippines, Luzon Island","T.M. Gosliner","Euthyneura","1057247","Doridoidei","246038","CAS","http://grscicoll.org/institution/california-academy-sciences","Animalia","2","en","https://creativecommons.org/publicdomain/zero/1.0/","Hamilo Bay, Pinnacle Rock","0647868c-2598-11ed-aace-005056be1b7a","true","3","ICZN","urn:catalog:CAS:IZ:105705","formerly IZ Acc. No. 46509.","Doridida","1829294","Mollusca","51","Fluid-75% EtOH(1)","T.M. Gosliner","Hypselodoris purpureomaculosa","Hamatani, 1995","Hypselodoris purpureomaculosa","559984","purpureomaculosa","63","Batangas Province","Heterobranchia","14712","Ringipleura","1057249","Biota","1","Chromodoridoidea","1370609","Nudipleura","411966","species","Physical Object","14.170135","120.575502","1995","97e1f744-d596-41c5-836c-5864c36343bf","aa16d305-d413-4c4a-90be-b1ec3298d58d","[""b7c47783-a020-4173-b390-7b57c4fa1426""]","false","false","Hypselodoris purpureomaculosa","559984","[]","-21","78","28.48","31.91","","","12","","","","","","","12","","","","Miamirinae","549835","","","","","","","","","VOUCHER","04 Mar 1995","","","","","","","","","","","","","","","","","","","","","","","","","","","","","","","","","","","","","","","","","","","","","","","","","","","","","","","","","",""
"PreservedSpecimen","true","57158","Teleostei","293496","I","72","","","Philippines","","","","","","11","14.433333","120.833333","","Apogonidae","125518","","Jaydia","206779","","","","","","","","","","KAUM","","Animalia","2","","(CC-BY NC) 4.0","","","true","10","","FN2[31562000]:KAUM-72[273074:57158]","","Kurtiformes","1517499","Chordata","1821","","","Jaydia poeciloptera","","Jaydia poeciloptera","1059799","","","","","","","","","","","","","","","Collection","","","2013","98e36260-3cca-48a1-b95f-290d87f13651","2891a788-9f30-4413-8f73-9e7686890e9d","[""dcb0c76d-46a1-4e07-9a69-98cf3fd67576""]","false","false","Apogon poecilopterus","1059799","[""NO_DEPTH""]","9","2199","28.52","31.38","","","","Actinopterygii","10194","","Gnathostomata","1828","","","Osteichthyes","152352","urn:lsid:marinespecies.org:taxname:273074","Apogoninae","267079","Vertebrata","146419","Actinopteri","843664","273074","","","","","","2016-03-14T23:18:58+09:00","","","KAUM","","","","","Tulane University","273074","","","","","","","","","Non-commercial use only","TU","30240536","0 meters","","","","","","","","","","","","","","","","","","","","","","","","","","","","","","","","","","","",""
"PreservedSpecimen","true","51977","Teleostei","293496","ICH","62","","24829","Philippines","","","","","","","14.358786","120.760205","","Nemipteridae","151459","","Nemipterus","205457","","","","","","","","","","CAS","","Animalia","2","","(CC-BY NC) 4.0","","","true","","","FN2[31210303]:CAS-62[311497:51977]","","Eupercaria incertae sedis","1517577","Chordata","1821","","","Nemipterus peronii","","Nemipterus peronii","218520","","","","","","","","","","","","","","","Collection","","","","9af2a088-e4de-43bb-9f67-387236fe7abb","2891a788-9f30-4413-8f73-9e7686890e9d","[""dcb0c76d-46a1-4e07-9a69-98cf3fd67576""]","false","false","Nemipterus tolu","218520","[""NO_DEPTH""]","8","2461","28.51","31.51","","","","Actinopterygii","10194","1","Gnathostomata","1828","","","Osteichthyes","152352","urn:lsid:marinespecies.org:taxname:311497","","","Vertebrata","146419","Actinopteri","843664","311497","","","","","","00:00.0","","","CAS","","","","","Tulane University","311497","","","","","","","","","Non-commercial use only","TU","31078148","","","","","","","","","","","","","","","","","","","","","","","","","","","","","","","","","","","","",""
"PreservedSpecimen","true","57160","Teleostei","293496","I","72","","","Philippines","","","","","","11","14.433333","120.833333","","Apogonidae","125518","","Jaydia","206779","","","","","","","","","","KAUM","","Animalia","2","","(CC-BY NC) 4.0","","","true","10","","FN2[31562002]:KAUM-72[273074:57160]","","Kurtiformes","1517499","Chordata","1821","","","Jaydia poeciloptera","","Jaydia poeciloptera","1059799","","","","","","","","","","","","","","","Collection","","","2013","9f11d96f-3736-45ef-9ebc-4cb428b10f2c","2891a788-9f30-4413-8f73-9e7686890e9d","[""dcb0c76d-46a1-4e07-9a69-98cf3fd67576""]","false","false","Apogon poecilopterus","1059799","[""NO_DEPTH""]","9","2199","28.52","31.38","","","","Actinopterygii","10194","","Gnathostomata","1828","","","Osteichthyes","152352","urn:lsid:marinespecies.org:taxname:273074","Apogoninae","267079","Vertebrata","146419","Actinopteri","843664","273074","","","","","","2016-03-14T23:19:05+09:00","","","KAUM","","","","","Tulane University","273074","","","","","","","","","Non-commercial use only","TU","30240538","0 meters","","","","","","","","","","","","","","","","","","","","","","","","","","","","","","","","","","","",""
"PreservedSpecimen","true","139605.5286869","Teleostei","293496","Vertebrate Zoology; Fishes","","","","Philippines","","-1921708800000","-1921708800000","-1921708800000","1909","8","14.3000001907","120.699996948","1909-02-08T12:00:00Z","Leiognathidae","125542","","Nuchequula","397901","","","","","","","","","","USNM","","Animalia","2","","","Corregidor Lt., N. 74 Degrees W., 6.9 Miles, Manila Bay","","true","2","","","","Acanthuriformes","1517548","Chordata","1821","","","Nuchequula blochii","","Nuchequula blochii","398529","","","","","","","","","","","","","","","","","","1909","9f16eeaa-9c50-4cad-97f9-5a728254ea1f","d6d6fe4c-425f-4ce7-bf28-7a6befaeb413","[""310922b4-9d0c-4de1-92d7-9b442d34765b""]","false","false","Leiognathus blochii","398529","[]","10","1370","28.48","31.6","National Museum of Natural History, Smithsonian Institution","Department of Vertebrate Zoology, Research and Collections Information System, NMNH, Smithsonian Institution","22","Actinopterygii","10194","9.0","Gnathostomata","1828","22","22","Osteichthyes","152352","urn:lsid:marinespecies.org:taxname:273617","","","Vertebrata","146419","Actinopteri","843664","273617","Pacific","","","","","","","","","","","","","","","","","","","","","","","","","","","","","","","","","","","","","","","","","","","","","","","","","","","","","","","","","","","","","",""
"PreservedSpecimen","","105680","Gastropoda","101","IZ","https://www.gbif.org/grscicoll/collection/5d4a63d3-e994-4b19-b592-e853a8e3b470","Asia","5729","Philippines","","794275200000","794275200000","794275200000","1995","4","14.170135","120.575502","1995-03-04","Tethydidae","23125","046565","Melibe","138547","WGS 84","[needs verification] Hamilo Bay. Placed marker near Hamilo Point.","Animalia, Mollusca, Gastropoda, Heterobranchia, Euthyneura, Ringipleura, Nudipleura, Nudibranchia, Cladobranchia, Dendronotoidea, Tethydidae","Asia, North Pacific Ocean, Philippines, Luzon Island","T.M. Gosliner and/or V.G. Smith","Euthyneura","1057247","","","CAS","http://grscicoll.org/institution/california-academy-sciences","Animalia","2","en","https://creativecommons.org/publicdomain/zero/1.0/","Hamilo Bay, The Head","062342d9-2598-11ed-aace-005056be1b7a","true","3","ICZN","urn:catalog:CAS:IZ:105680","dissected. jaws pulled and mounted on stub. reproductive system removed and in jar. nervous system removed and in vial. stomach plates removed and mounted on stub. [per V.G. Smith 6 Oct 2003] previously identified as """"Melibe"" sp. transparent"".","Nudibranchia","1762","Mollusca","51","Fluid-75% EtOH(1)|EmMounts(1)|Image(s)(1)|Other(1)","M. Miller","Melibe engeli","Risbec, 1937","Melibe engeli","593362","engeli","63","Batangas Province","Heterobranchia","14712","Ringipleura","1057249","Biota","1","Dendronotoidea","182","Nudipleura","411966","species","Physical Object","14.170135","120.575502","1995","a0b1f550-9f63-414d-b35f-26375277797b","aa16d305-d413-4c4a-90be-b1ec3298d58d","[""b7c47783-a020-4173-b390-7b57c4fa1426""]","false","false","Melibe engeli","593362","[""NO_DEPTH""]","-21","78","28.48","31.91","","","","","","","","","","","","","","","","","","","","","","","","VOUCHER","04 Mar 1995","","","","","","","","","","","","","","","Dendronotina","404961","","","","","","","","","","","","","","","","","","","","","","","","","","","","","","","","","","","","","","","","","",""
"PreservedSpecimen","true","422726","Malacostraca","1071","IZ","https://www.gbif.org/grscicoll/collection/5d4a63d3-e994-4b19-b592-e853a8e3b470","Asia","17050","Philippines","","","","","","","14.409493","120.838067","","Penaeidae","106727","019337","","","WGS 84","[no precise location] Cavite Province. Placed marker at the coast of Cavite.","Animalia, Arthropoda, Crustacea, Malacostraca, Eumalacostraca, Eucarida, Decapoda, Dendrobranchiata, Penaeoidea, Penaeidae","Asia, North Pacific Ocean, Philippines, Luzon Island","","","","","","CAS","http://grscicoll.org/institution/california-academy-sciences","Animalia","2","en","https://creativecommons.org/publicdomain/zero/1.0/","Cavite","05b9aead-2598-11ed-aace-005056be1b7a","true","","ICZN","urn:catalog:CAS:IZ:422726","","Decapoda","1130","Arthropoda","1065","Fluid-75% EtOH(2)","Dr. Lung","Penaeidae","Rafinesque, 1815","","","","","Cavite [Province]","Eumalacostraca","1086","","","Biota","1","Penaeoidea","106683","Eucarida","1089","","Physical Object","14.409493","120.838067","","a1dfaaab-995b-4757-b706-4102605ab88e","aa16d305-d413-4c4a-90be-b1ec3298d58d","[""b7c47783-a020-4173-b390-7b57c4fa1426""]","false","false","Penaeidae","106727","[""NO_DEPTH""]","2","560","","","","","","","","","","","","","","","","","","Crustacea","1066","Multicrustacea","845959","","","true","","","","2023-06-22 16:11:52","","","","","","","","","","","","","","Dendrobranchiata","106669","","","","","","","","","","","","","","","","","","","","","","","","","","","","","","","","","","","","","","","","","",""
"HumanObservation","false","331385568","Malacostraca","1071","Observations","","","83","","2025-12-20T05:03:31Z","1766188800000","1766188800000","1766188800000","2025","","14.1333727122","120.5788395767","2025-12-20T09:48:28+08:00","Grapsidae","106772","","Grapsus","106963","EPSG:4326","","","","theanimalspotter","","","Brachyura","106673","iNaturalist","","Animalia","2","","https://creativecommons.org/licenses/by-nc/4.0/","","","true","","","https://www.inaturalist.org/observations/331385568","This mottled lightfoot crab was tucked away in a tidepool at Sunset Beach in Batangas. As per the Marine Biodiversity Portal of Bangladesh, the species has a rounded carapace, with oblique striae on the lateral regions.","Decapoda","1130","Arthropoda","1065","","theanimalspotter","Grapsus albolineatus","","Grapsus albolineatus","207523","","","Batangas","Eumalacostraca","1086","","","Biota","1","Grapsoidea","106706","Eucarida","1089","species","","","","","a2182535-0440-4531-8de0-2de5b698d0e5","eaea291a-1e1d-4382-b86f-ac3cc15b8d5a","[""f92d5d7f-47a6-4605-9fd0-a8538dfde3fd""]","false","false","Grapsus albolineatus","207523","[""NO_DEPTH""]","-5","1","28.47","32.01","","","","","","","","","","","","","urn:lsid:marinespecies.org:taxname:207523","","","Crustacea","1066","Multicrustacea","845959","","","","","","2025-12-20 09:48:28","2025-12-20T05:35:29Z","","PH","iNaturalist research-grade observations","09:48:28+08:00","740368491","urn:lsid:marinespecies.org:taxname:207523","https://www.inaturalist.org/observations/331385568","theanimalspotter","354596","Nasugbu, Batangas, PH","","Eubrachyura","106679","Pleocyemata","106670","Thoracotremata","106682","","","","","","","","","","","","","","","","","","","","","","","","","","","","","","","","","","","","","","","",""
"PreservedSpecimen","","103724","Gastropoda","101","IZ","https://www.gbif.org/grscicoll/collection/5d4a63d3-e994-4b19-b592-e853a8e3b470","Asia","5729","Philippines","1997-01-10","794275200000","794275200000","794275200000","1995","4","14.170135","120.575502","1995-03-04","Polyceridae","177","048845","Nembrotha","456473","WGS 84","[needs verification] Hamilo Bay. Placed marker near Hamilo Point.","Animalia, Mollusca, Gastropoda, Heterobranchia, Euthyneura, Ringipleura, Nudipleura, Nudibranchia, Doridina, Doridoidei, Polyceroidea, Polyceridae, Nembrothinae","Asia, North Pacific Ocean, Philippines, Luzon Island","T.M. Gosliner and D.W. Behrens","Euthyneura","1057247","Doridoidei","246038","CAS","http://grscicoll.org/institution/california-academy-sciences","Animalia","2","en","https://creativecommons.org/publicdomain/zero/1.0/","Hamilo Bay, The Head","0632b3c3-2598-11ed-aace-005056be1b7a","true","3","ICZN","urn:catalog:CAS:IZ:103724","Specimen lost during transit from Spain 2006-07 [ejk] [refer to loan no. 528]. It is unknown whether or not mounts are at CAS. formerrly IZ Acc. No. 45955","Doridida","1829294","Mollusca","51","Fluid-75% EtOH(1)|Image(s)(1)","T.M. Gosliner","Nembrotha mullineri","Gosliner & Behrens, 1997","Nembrotha mullineri","527329","mullineri","63","Batangas Province","Heterobranchia","14712","Ringipleura","1057249","Biota","1","Polyceroidea","412569","Nudipleura","411966","species","Physical Object","14.170135","120.575502","1995","a25d28ab-6163-4967-9edd-d1d74f10311a","aa16d305-d413-4c4a-90be-b1ec3298d58d","[""b7c47783-a020-4173-b390-7b57c4fa1426""]","false","false","Nembrotha mullineri","527329","[]","-21","78","28.48","31.91","","","10","","","","","","","10","","","","Nembrothinae","412576","","","","","","","","","PARATYPE","04 Mar 1995","","","","","","","","","","","","","","","","","","","","","","","","","","","","","","","","","","","","","","","","","","","","","","","","","","","","","","","","","",""
"PreservedSpecimen","","165071","Gastropoda","101","IZ","https://www.gbif.org/grscicoll/collection/5d4a63d3-e994-4b19-b592-e853a8e3b470","Asia","667","Philippines","2003-03-20","289526400000","289440000000","289353600000","1979","4","14.115468","120.612432","1979-03-04/06","Cypraeidae","23022","003115","Monetaria","205350","WGS 84","Placed marker near Maya-maya Club, Given coordinates are located inland.","Animalia, Mollusca, Gastropoda, Caenogastropoda, Littorinimorpha, Cypraeoidea, Cypraeidae, Cypraeinae","Asia, North Pacific Ocean, Philippines, Luzon","Christopher Meyer","","","","","CAS","http://grscicoll.org/institution/california-academy-sciences","Animalia","2","en","https://creativecommons.org/publicdomain/zero/1.0/","Nasugbu, in front of the ""Maya-Maya Reef Club""","0573d53e-2598-11ed-aace-005056be1b7a","true","3","ICZN","urn:catalog:CAS:IZ:165071","formerly IZ Acc. No. 0970-M.","Littorinimorpha","382213","Mollusca","51","Fluid-75% EtOH(2)","Antonio J. Ferreira","Monetaria annulus","Linnaeus, 1758","Monetaria annulus","216875","annulus","63","Batangas Province","Caenogastropoda","224570","","","Biota","1","Cypraeoidea","14774","","","species","Physical Object","14.115468","120.612432","1979","a26b7b49-4fe3-4fd9-b23b-dd0225cf0d39","aa16d305-d413-4c4a-90be-b1ec3298d58d","[""b7c47783-a020-4173-b390-7b57c4fa1426""]","false","false","Cypraea annulus","216875","[]","-3","15","28.43","31.84","","","0.61","","","","","","1.22","0","","","","Erosariinae","411674","","","","","","","true","Specimens in 2-8 oz. bottles and in very good condition.Original accession date 3 Apr 1979.","","4-6 Mar 1979","","","","","","","","","","","","65","","","","","","","","","","","","","","","","","","","","","","","","","","","","","","","","","","","","","","","","","","","","","",""
"PreservedSpecimen","false","E35922.344114","Echinoidea","123082","Invertebrate Zoology: Echinoderms","","","","Philippines","1988-02-10","-1939852800000","-1939852800000","-1939852800000","1908","13","14.1669998169","120.583000183","1908-07-13T12:00:00Z","Laganidae","196178","","Jacksonaster","204123","","","","","Mooi, Richard J.","Irregularia","510499","Laganiformes","510558","USNM","","Animalia","2","","","Luzon Island, Jamelo Point","","true","7","","","","Echinolampadacea","1572018","Echinodermata","1806","Dry","","Jacksonaster depressum","Lesson in Agassiz","Jacksonaster depressum","513356","","","Batangas","Euechinoidea","149854","Neognathostomata","510501","","","","","Luminacea","1572017","","","","","1908","a30c19cd-1c2d-48f3-892f-c6975e1eef87","89e23fc8-3f61-4480-9de3-358fe6eefe0b","[""310922b4-9d0c-4de1-92d7-9b442d34765b""]","false","false","Laganum depressum","513356","[""NO_DEPTH""]","-21","122","28.48","31.91","National Museum of Natural History, Smithsonian Institution","Department of Invertebrate Zoology, Research and Collections Information System, NMNH, Smithsonian Institution. See: http://www.mnh.si.edu/rc/db/collection_db_policy1.html, 05-14-2010","","","","1.0","","","","","","","urn:lsid:marinespecies.org:taxname:212456","","","Echinozoa","148744","","","212456","North Pacific Ocean","","","","","","","","","","","","","","","","","","","Scutelloida","1572019","","","","","","","","","","","observedindividualcount=1;","","","","","","","","","","","","","","","","","","","","","","","","","","","","","","",""
"PreservedSpecimen","true","57163","Teleostei","293496","I","72","","","Philippines","","","","","","11","14.433333","120.833333","","Apogonidae","125518","","Jaydia","206779","","","","","","","","","","KAUM","","Animalia","2","","(CC-BY NC) 4.0","","","true","10","","FN2[31562005]:KAUM-72[273074:57163]","","Kurtiformes","1517499","Chordata","1821","","","Jaydia poeciloptera","","Jaydia poeciloptera","1059799","","","","","","","","","","","","","","","Collection","","","2013","a3a8abfa-a5f6-4c74-bce9-b20e0f6a1691","2891a788-9f30-4413-8f73-9e7686890e9d","[""dcb0c76d-46a1-4e07-9a69-98cf3fd67576""]","false","false","Apogon poecilopterus","1059799","[""NO_DEPTH""]","9","2199","28.52","31.38","","","","Actinopterygii","10194","","Gnathostomata","1828","","","Osteichthyes","152352","urn:lsid:marinespecies.org:taxname:273074","Apogoninae","267079","Vertebrata","146419","Actinopteri","843664","273074","","","","","","2016-03-14T23:19:14+09:00","","","KAUM","","","","","Tulane University","273074","","","","","","","","","Non-commercial use only","TU","30240541","0 meters","","","","","","","","","","","","","","","","","","","","","","","","","","","","","","","","","","","",""
"HumanObservation","","267020510","","","Observations","","","30968","","2025-03-26T08:31:25Z","1703980800000","1703980800000","1703980800000","2023","","14.2167038688","120.6885415181","2023-12-31T08:46:00+08:00","Cheloniidae","136999","","Eretmochelys","137068","EPSG:4326","","","","javisark","","","","","iNaturalist","","Animalia","2","","https://creativecommons.org/licenses/by-nc/4.0/","","","true","","","https://www.inaturalist.org/observations/267020510","","Testudines","2689","Chordata","1821","","javisark","Eretmochelys imbricata","","Eretmochelys imbricata","137207","","","Batangas","","","","","Biota","1","Chelonioidea","987094","","","species","","","","","a3d32930-7cc0-4560-bcda-b5573bb722ad","eaea291a-1e1d-4382-b86f-ac3cc15b8d5a","[""f92d5d7f-47a6-4605-9fd0-a8538dfde3fd""]","false","false","Eretmochelys imbricata","137207","[""NO_DEPTH"",""ON_LAND""]","-244","-6842","","","","","","","","","Gnathostomata","1828","","","","","urn:lsid:marinespecies.org:taxname:137207","","","Vertebrata","146419","Reptilia","1838","","","","","","2023/12/31 8:46 AM","2026-02-26T00:21:01Z","","PH","iNaturalist research-grade observations","08:46:00+08:00","605363190","urn:lsid:marinespecies.org:taxname:137207","https://www.inaturalist.org/observations/267020510","javisark","39672","Philippines","","","","Cryptodira","148741","","","","","","","","","","","","Coordinate uncertainty increased to 30968m to protect threatened taxon","","","","Tetrapoda","1831","","","","","","","","CR","","","","","","","","","","","","","","","","",""
"PreservedSpecimen","","580934-Mollusca","Bivalvia","105","Invertebrate Zoology","","Asia","","Philippines","","441763200000","441763200000","441763200000","1984","","14.4098","120.8429","1984-01-01","Pectinidae","213","","Annachlamys","393860","","","","Philippines","","Pteriomorphia","206","","","UF","","Animalia","2","","","Manila Bay","ef677f92-d695-4392-bdf3-3d52309efefe","true","","","9c5aca30-cff9-49af-9d66-223fa4d58a65","","Pectinida","387324","Mollusca","51","dry - 2","","Annachlamys striatula","(Linnaeus 1758)","Annachlamys striatula","393967","striatula","","","Autobranchia","1424948","","","Biota","1","Pectinoidea","151320","","","","","","","","a44b6533-bac3-4d4e-b441-4a5771af9c0e","c5687a17-e454-40f9-9a4b-d04b2c812d74","[""b7c47783-a020-4173-b390-7b57c4fa1426""]","false","false","Annachlamys striatula","393967","[""NO_DEPTH""]","-3","97","","","","","","","","","","","","","","","","Pectininae","393857","","","","","","","","","","","2023-05-03 19:29:50","1203","","","","","","","","","","","","","","","","","","","","","","","","","","","","","","","","","","","","","Pectinini","393858","","","","","","","","","","","","","","","","","",""
"PreservedSpecimen","false","52211","Teleostei","293496","ICH","62","","24829","Philippines","","","","","","2","14.358786","120.760205","","Apogonidae","125518","","Amioides","712359","","","","","","","","","","CAS","","Animalia","2","","(CC-BY NC) 4.0","","","true","10","","FN2[31210478]:CAS-62[712583:52211]","","Kurtiformes","1517499","Chordata","1821","","Herre, Albert W.","Amioides polyacanthus","","Amioides polyacanthus","1017557","","","","","","","","","","","","","","","Collection","","","1947","a4a7679e-b7b8-4fc5-8daa-9838d8a569dc","2891a788-9f30-4413-8f73-9e7686890e9d","[""dcb0c76d-46a1-4e07-9a69-98cf3fd67576""]","false","false","Amioides grossidens","1017557","[""NO_DEPTH""]","8","2461","28.51","31.51","","","","Actinopterygii","10194","1","Gnathostomata","1828","","","Osteichthyes","152352","urn:lsid:marinespecies.org:taxname:712583","Apogoninae","267079","Vertebrata","146419","Actinopteri","843664","712583","","","","","","08:04.0","","","CAS","","","","","Tulane University","712583","","","","","","","","","Non-commercial use only","TU","31078382","","","","","","","","","","","","","","","","","","","","","","","","","","","","","","","","","","","","",""
"PreservedSpecimen","","104011","Octocorallia","1341","IZ","https://www.gbif.org/grscicoll/collection/5d4a63d3-e994-4b19-b592-e853a8e3b470","Asia","5729","Philippines","1995-04-01","794275200000","794275200000","794275200000","1995","4","14.170135","120.575502","1995-03-04","Nephtheidae","146762","046286","Dendronephthya","206503","WGS 84","[needs verification] Hamilo Cove. Placed marker near Hamilo Point.","Animalia, Cnidaria, Anthozoa, Octocorallia, Alcyonacea, Alcyoniina, Nephtheidae","Asia, North Pacific Ocean, Philippines, Luzon","G.C. Williams","","","","","CAS","http://grscicoll.org/institution/california-academy-sciences","Animalia","2","en","https://creativecommons.org/publicdomain/zero/1.0/","Nasugbu, Hamilo Cove, 14deg-10'N, 120 deg,33'E,","062693ea-2598-11ed-aace-005056be1b7a","true","3","ICZN","urn:catalog:CAS:IZ:104011","","Malacalcyonacea","1609357","Cnidaria","1267","Fluid-75% EtOH(3)","G.C. Williams","Dendronephthya","Kükenthal, 1905","","","","63","Batangas Province","","","","","Biota","1","","","","","","Physical Object","14.170135","120.575502","1995","a5ae4556-567e-4a7e-b6e0-eee64b6dddb0","aa16d305-d413-4c4a-90be-b1ec3298d58d","[""b7c47783-a020-4173-b390-7b57c4fa1426""]","false","false","Dendronephthya","206503","[]","-21","78","28.48","31.91","","","12.19","","","","","","","12.19","","","","","","Anthozoa","1292","","","","","","Water temp: 78deg F, Visibility 25-30'","","","","","","","","","","","","","","","","","","","","","","","","","","","","","","","","","","","","","","","","","","","","","","","","","","","","","","","","","","","",""
"PreservedSpecimen","","54657","Bivalvia","105","IZ","https://www.gbif.org/grscicoll/collection/5d4a63d3-e994-4b19-b592-e853a8e3b470","Asia","23379","Philippines","","","","","","","14.37491","120.77824","","Arcidae","208","180700","Barbatia","137672","WGS 84","Placed marker in Manila Bay, with large uncertainty radius. Precise location: off Cavite","Animalia, Mollusca, Bivalvia, Autobranchia, Pteriomorphia, Arcida, Arcoidea, Arcidae","Asia, North Pacific Ocean, Philippines, Luzon Island","","Pteriomorphia","206","","","CAS","http://grscicoll.org/institution/california-academy-sciences","Animalia","2","en","https://creativecommons.org/publicdomain/zero/1.0/","Manila Bay, Cavite","da2b82b7-2174-4bc9-80d5-4895515cf5a0","true","","ICZN","urn:catalog:CAS:IZ:54657","2 valves","Arcida","207","Mollusca","51","Dry-dry(2)","H.G. Schenck","Barbatia","Gray, 1842","","","","","Cavite [Province]","Autobranchia","1424948","","","Biota","1","Arcoidea","489054","","","","Physical Object","14.37491° N","120.77824° E","","a6936f26-c97d-4723-8cea-59d96079d118","aa16d305-d413-4c4a-90be-b1ec3298d58d","[""b7c47783-a020-4173-b390-7b57c4fa1426""]","false","false","Barbatia","137672","[""NO_DEPTH""]","6","2081","28.51","31.51","","","","","","","","","","","","","","","","","","","","","","true","Data transcribed from catalogue card by Notes from Nature volunteers via Zooniverse.","","","2026-08-24 17:45:11","35714","","","","","","","","","","","","","","","","","","","","","","","","","","","","","","","","","","","","","","","","","","","","","","","","","","","","","","","",""
"PreservedSpecimen","true","203992","Gastropoda","101","IZ","https://www.gbif.org/grscicoll/collection/5d4a63d3-e994-4b19-b592-e853a8e3b470","Asia","667","Philippines","","289526400000","289440000000","289353600000","1979","4","14.115468","120.612432","1979-03-04/06","Muricidae","148","003115","","","WGS 84","Placed marker near Maya-maya Club, Given coordinates are located inland.","Animalia, Mollusca, Gastropoda, Caenogastropoda, Neogastropoda, Muricoidea, Muricidae","Asia, North Pacific Ocean, Philippines, Luzon","","","","","","CAS","http://grscicoll.org/institution/california-academy-sciences","Animalia","2","en","https://creativecommons.org/publicdomain/zero/1.0/","Nasugbu, in front of the ""Maya-Maya Reef Club""","0573d53e-2598-11ed-aace-005056be1b7a","true","3","ICZN","urn:catalog:CAS:IZ:203992","","Neogastropoda","146","Mollusca","51","Fluid-75% EtOH(2)","Antonio J. Ferreira","Muricidae","Rafinesque, 1815","","","","63","Batangas Province","Caenogastropoda","224570","","","Biota","1","Muricoidea","15138","","","","Physical Object","14.115468","120.612432","1979","a808c146-fda4-4f73-af39-76eb98582715","aa16d305-d413-4c4a-90be-b1ec3298d58d","[""b7c47783-a020-4173-b390-7b57c4fa1426""]","false","false","Muricidae","148","[]","-3","15","28.43","31.84","","","0.61","","","","","","1.22","0","","","","","","","","","","","","true","Specimens in 2-8 oz. bottles and in very good condition.Original accession date 3 Apr 1979.","","4-6 Mar 1979","","","","","","","","","","","","65","","","","","","","","","","","","","","","","","","","","","","","","","","","","","","","","","","","","","","","","","","","","","",""
"PreservedSpecimen","false","340010.5242622","Teleostei","293496","Vertebrate Zoology; Fishes","","","","Philippines","","-1921708800000","-1921708800000","-1921708800000","1909","8","14.3000001907","120.699996948","1909-02-08T12:00:00Z","Apogonidae","125518","","Jaydia","206779","","","","","","","","","","USNM","","Animalia","2","","","Corregidor Lt., N. 74 Degrees W., 6.9 Miles, Manila Bay","","true","2","","","","Kurtiformes","1517499","Chordata","1821","","","Jaydia truncata","","Jaydia truncata","713309","","","","","","","","","","","","","","","","","","1909","a958bedf-7c6a-4b82-96f1-f11e835a2c80","d6d6fe4c-425f-4ce7-bf28-7a6befaeb413","[""310922b4-9d0c-4de1-92d7-9b442d34765b""]","false","false","Apogon truncatus","713309","[]","10","1370","28.48","31.6","National Museum of Natural History, Smithsonian Institution","Department of Vertebrate Zoology, Research and Collections Information System, NMNH, Smithsonian Institution","22","Actinopterygii","10194","1.0","Gnathostomata","1828","22","22","Osteichthyes","152352","urn:lsid:marinespecies.org:taxname:273110","Apogoninae","267079","Vertebrata","146419","Actinopteri","843664","273110","Pacific","","","","","","","","","","","","","","","","","","","","","","","","","","","","","","","","","","","","","","","","","","","","","","","","","","","","","","","","","","","","","",""
"PreservedSpecimen","false","46386","Teleostei","293496","ICH","http://grscicoll.org/institutional-collection/cas-ichthyology","Pacific Ocean","24829","Philippines","","-702172800000","-702172800000","-702172800000","1947","2","14.358786","120.760205","1947-10-02","Champsodontidae","151407","AWH 2-X-47C","Champsodon","206066","","Error covers Manila Bay off Cavite Province.","Animalia, Chordata, Actinopteri, Acropomatiformes, Champsodontidae","Pacific Ocean, Indo-West Pacific, Philippines","","","","","","CAS","http://grscicoll.org/institution/california-academy-sciences","Animalia","2","en","https://creativecommons.org/publicdomain/zero/1.0/","Coast of Cavite Province: S. entrance to Manila Bay.","","true","10","ICZN","urn:catalog:CAS:ICH:46386","","Acropomatiformes","1517567","Chordata","1821","alcohol-75% EtOH","Herre, Albert W.","Champsodon nudivittis","Regan 1908","Champsodon nudivittis","220338","arafurensis","275","Cavite","","","","","Biota","1","","","","","species","Physical Object","14.358786°","120.760205°","1947","ab5b5535-3b76-44d7-8057-ed30613e82c2","d6af0fac-8a21-4d77-8872-f10d471fc0cf","[""b7c47783-a020-4173-b390-7b57c4fa1426""]","false","false","Champsodon arafurensis","220338","[""NO_DEPTH""]","8","2461","28.51","31.51","","","","Actinopterygii","10194","6","Gnathostomata","1828","","","Osteichthyes","152352","","","","Vertebrata","146419","Actinopteri","843664","312267","Manila Bay","true","","","","1995-03-16 00:00:00","UW 7475","","","","","","","","","","","","","","","","","","","","","FishNet Collaborative Georeferencing Project","","","","","","","","","","","","","","","","","","","","","","","","","","","","","","","","","","",""
"PreservedSpecimen","","103702","Gastropoda","101","IZ","https://www.gbif.org/grscicoll/collection/5d4a63d3-e994-4b19-b592-e853a8e3b470","Asia","5729","Philippines","1995-03-04","794275200000","794275200000","794275200000","1995","4","14.170135","120.575502","1995-03-04","Myrrhinidae","570862","046511","Phyllodesmium","204424","WGS 84","[needs verification] Hamilo Bay. Placed marker near Hamilo Point.","Animalia, Mollusca, Gastropoda, Heterobranchia, Euthyneura, Ringipleura, Nudipleura, Nudibranchia, Cladobranchia, Aeolidioidea, Myrrhinidae","Asia, North Pacific Ocean, Philippines, Luzon Island","T.M. Gosliner","Euthyneura","1057247","","","CAS","http://grscicoll.org/institution/california-academy-sciences","Animalia","2","en","https://creativecommons.org/publicdomain/zero/1.0/","Hamilo Bay, The Head","062342d9-2598-11ed-aace-005056be1b7a","true","3","ICZN","urn:catalog:CAS:IZ:103702","""white with recurved cerata""","Nudibranchia","1762","Mollusca","51","Fluid-75% EtOH(2)|Image(s)(1)","T.M. Gosliner","Phyllodesmium","Ehrenberg, 1831","","","","63","Batangas Province","Heterobranchia","14712","Ringipleura","1057249","Biota","1","Aeolidioidea","189","Nudipleura","411966","","Physical Object","14.170135","120.575502","1995","ab885e69-5917-4d01-8290-5c4ae2699463","aa16d305-d413-4c4a-90be-b1ec3298d58d","[""b7c47783-a020-4173-b390-7b57c4fa1426""]","false","false","Phyllodesmium","204424","[""NO_DEPTH""]","-21","78","28.48","31.91","","","","","","","","","","","","","","","","","","","","","","","","","","","","","","","","","","","","","","","","Aeolidina","1565561","","","","","","","","","","","","","","","","","","","","","","","","","","","","","","","","","","","","","","","","","",""
"PreservedSpecimen","true","458189","Gastropoda","101","IZ","https://www.gbif.org/grscicoll/collection/5d4a63d3-e994-4b19-b592-e853a8e3b470","Asia","17050","Philippines","","289267200000","289267200000","289267200000","1979","3","14.409493","120.838067","1979-03-03","Littorinidae","119","003118","","","WGS 84","[no precise location] Cavite Province. Placed marker at the coast of Cavite.","Animalia, Mollusca, Gastropoda, Caenogastropoda, Littorinimorpha, Littorinoidea, Littorinidae","Asia, North Pacific Ocean, Philippines, Luzon","","","","","","CAS","http://grscicoll.org/institution/california-academy-sciences","Animalia","2","en","https://creativecommons.org/publicdomain/zero/1.0/","55 km S of Manila, Ternate, from a small beach on cove near a river, at water's edge.","0573d704-2598-11ed-aace-005056be1b7a","true","3","ICZN","urn:catalog:CAS:IZ:458189","Formerly IZ Acc. No. 0970-P.","Littorinimorpha","382213","Mollusca","51","Fluid-75% EtOH(1)","Antonio J. Ferreira","Littorinidae","Children, 1834","","","","62","Cavite Province","Caenogastropoda","224570","","","Biota","1","Littorinoidea","14766","","","","Physical Object","14.409493","120.838067","1979","acb12d97-04df-4f88-986d-571b20280de5","aa16d305-d413-4c4a-90be-b1ec3298d58d","[""b7c47783-a020-4173-b390-7b57c4fa1426""]","false","false","Littorinidae","119","[]","2","560","","","","","0","","","","","","","0","","","","","","","","","","","","true","Specimens in 1-8 oz. bottle and in very good condition. Ecological data: murky water, a few stones at water's edge.Original accession date 5 Apr 1979.","","3 Mar 1979","2026-06-08 08:50:44","","","","","","","","","","","","","","","","","","","","","","","","","rock","","","","","","","","","","","","","","","","","","","","","","","","","","","","","","","",""
"PreservedSpecimen","false","DMNS:Inv:40161","Gastropoda","101","Invertebrates","https://arctos.database.museum/collection/DMNS:Inv","","3036","Philippines","","662601600000","646876800000","631152000000","1990","","14.493288","120.90335","1990-01-01/1990-12-31","Epitoniidae","132","","Epitonium","137943","World Geodetic System 1984","","Biota, Animalia, Mollusca, Gastropoda, Caenogastropoda, [unassigned] Caenogastropoda, Epitonioidea, Epitoniidae, Epitonium, Epitonium scalare","Philippines, Cavite","unknown","","","","","DMNS","DMNS","Animalia","2","en","https://creativecommons.org/licenses/by-nc/3.0","Manila Bay, Cavite","","true","","","https://arctos.database.museum/guid/DMNS:Inv:40161","All data verified per dealer label and Schaake catalog. 7 Dec  2023.  J Thompson","Caenogastropoda incertae sedis","382204","Mollusca","51","operculum (dry); shell (dry)","Collector(s): unknown","Epitonium scalare","","Epitonium scalare","207942","","","Cavite","Caenogastropoda","224570","","","Biota","1","Epitonioidea","14781","","","","PhysicalObject","","","","ace74564-e8ab-48ec-9988-aae9ed5493f7","4a606f86-2e7b-44a3-b50d-3d55a887a11f","[""b7c47783-a020-4173-b390-7b57c4fa1426""]","false","false","Epitonium scalare","207942","[""ON_LAND""]","-2","-351","28.52","31.48","","","15","","","1","","","20","10","","","urn:lsid:marinespecies.org:taxname:207942","","","","","","","","","","purchased specimen","","1990","2025-09-28 11:50:00.014328","Richard Schaake collector number 2482","","","1990-01-01/1990-12-31","","","","","","Manila Bay, off Cavite, Philippines","","","","","","","","http://arctosdb.org/home/data/","","Richard Schaake 2482","","GeoLocate","","","10-20 meters","[{""attribute_date"": ""2010-12-07"", ""attribute_type"": ""height"", ""attribute_units"": ""mm"", ""attribute_value"": ""52.9"", ""attribute_method"": null, ""attribute_remark"": ""from collector catalog"", ""attribute_determiner"": {""agentID"": ""https://arctos.database.museum/agent/21304981"", ""agent_name"": ""Richard Schaake""}}, {""attribute_date"": ""2023-12-07"", ""attribute_type"": ""individual count"", ""attribute_units"": ""individuals"", ""attribute_value"": ""1"", ""attribute_method"": null, ""attribute_remark"": null, ""attribute_determiner"": {""agentID"": ""https://arctos.database.museum/agent/21263870"", ""agent_name"": ""Jim Thompson""}}]","","","","","","","","","","[{""made_date"": null, ""taxa_formula"": ""A"", ""taxon_concept"": null, ""scientific_name"": ""Epitonium scalare"", ""identificationID"": ""https://arctos.database.museum/guid/DMNS:Inv:40161/IID16055701"", ""sensu_publication"": null, ""identification_taxa"": [{""taxon"": {""ftn"": ""Biota, Animalia, Mollusca, Gastropoda, Caenogastropoda, [unassigned] Caenogastropoda, Epitonioidea, Epitoniidae, Epitonium, Epitonium scalare"", ""name"": ""Epitonium scalare"", ""ctrms"": [{""psn"": 1, ""typ"": ""superdomain"", ""term"": ""Biota""}, {""psn"": 2, ""typ"": ""kingdom"", ""term"": ""Animalia""}, {""psn"": 3, ""typ"": ""phylum"", ""term"": ""Mollusca""}, {""psn"": 4, ""typ"": ""class"", ""term"": ""Gastropoda""}, {""psn"": 5, ""typ"": ""subclass"", ""term"": ""Caenogastropoda""}, {""psn"": 6, ""typ"": ""order"", ""term"": ""[unassigned] Caenogastropoda""}, {""psn"": 7, ""typ"": ""superfamily"", ""term"": ""Epitonioidea""}, {""psn"": 8, ""typ"": ""family"", ""term"": ""Epitoniidae""}, {""psn"": 9, ""typ"": ""genus"", ""term"": ""Epitonium""}, {""psn"": 10, ""typ"": ""species"", ""term"": ""Epitonium scalare""}], ""nctrms"": [{""typ"": ""AphiaID"", ""term"": ""207942""}, {""typ"": ""authority"", ""term"": ""(Linnaeus, 1758)""}, {""typ"": ""citation"", ""term"": ""MolluscaBase eds. (2023). MolluscaBase. Epitonium scalare (Linnaeus, 1758). Accessed through: World Register of Marine Species at: https://www.marinespecies.org/aphia.php?p=taxdetails&id=207942 on 2023-04-04""}, {""typ"": ""display_name"", ""term"": ""<i>Epitonium scalare</i>""}, {""typ"": ""isBrackish"", ""term"": ""0""}, {""typ"": ""isFreshwater"", ""term"": ""0""}, {""typ"": ""isMarine"", ""term"": ""1""}, {""typ"": ""isTerrestrial"", ""term"": ""0""}, {""typ"": ""lsid"", ""term"": ""urn:lsid:marinespecies.org:taxname:207942""}, {""typ"": ""match_type"", ""term"": ""exact""}, {""typ"": ""modified"", ""term"": ""2010-10-01T21:22:21.633Z""}, {""typ"": ""parentNameUsageID"", ""term"": ""137943""}, {""typ"": ""rank"", ""term"": ""Species""}, {""typ"": ""scientificname"", ""term"": ""Epitonium scalare""}, {""typ"": ""scientific_name"", ""term"": ""Epitonium scalare""}, {""typ"": ""status"", ""term"": ""accepted""}, {""typ"": ""taxonRankID"", ""term"": ""220""}, {""typ"": ""url"", ""term"": ""https://www.marinespecies.org/aphia.php?p=taxdetails&id=207942""}, {""typ"": ""valid_AphiaID"", ""term"": ""207942""}, {""typ"": ""valid_authority"", ""term"": ""(Linnaeus, 1758)""}, {""typ"": ""valid_name"", ""term"": ""Epitonium scalare""}], ""source"": ""WoRMS (via Arctos)"", ""classification_id"": ""https://arctos.database.museum/name/Epitonium scalare#WoRMSviaArctos""}, ""taxon_id"": ""https://arctos.database.museum/name/Epitonium scalare"", ""variable"": ""A""}], ""identification_order"": 1, ""identification_agents"": [{""agentID"": ""https://arctos.database.museum/agent/0"", ""agent_name"": ""unknown""}], ""identification_remarks"": ""legacy ID from dealer label"", ""identification_attributes"": [{""attribute_date"": ""2023-12-07"", ""attribute_type"": ""identification confidence"", ""attribute_units"": null, ""attribute_value"": ""medium"", ""attribute_method"": null, ""attribute_remark"": null, ""attribute_determiner"": {""agentID"": ""https://arctos.database.museum/agent/21263870"", ""agent_name"": ""Jim Thompson""}}, {""attribute_date"": ""2023-12-07"", ""attribute_type"": ""nature of identification"", ""attribute_units"": null, ""attribute_value"": ""features"", ""attribute_method"": null, ""attribute_remark"": ""legacy ID confirmed"", ""attribute_determiner"": {""agentID"": ""https://arctos.database.museum/agent/21263870"", ""agent_name"": ""Jim Thompson""}}]}]","legacy ID from dealer label","","","","fish nets","wild","Jim Thompson","2023-12-07 00:00:00","Jim Thompson","decimal degrees","14.493288/120.90335","","","","","","","","","",""
"PreservedSpecimen","true","458187","Gastropoda","101","IZ","https://www.gbif.org/grscicoll/collection/5d4a63d3-e994-4b19-b592-e853a8e3b470","Asia","17050","Philippines","","289267200000","289267200000","289267200000","1979","3","14.409493","120.838067","1979-03-03","Littorinidae","119","003118","","","WGS 84","[no precise location] Cavite Province. Placed marker at the coast of Cavite.","Animalia, Mollusca, Gastropoda, Caenogastropoda, Littorinimorpha, Littorinoidea, Littorinidae","Asia, North Pacific Ocean, Philippines, Luzon","","","","","","CAS","http://grscicoll.org/institution/california-academy-sciences","Animalia","2","en","https://creativecommons.org/publicdomain/zero/1.0/","55 km S of Manila, Ternate, from a small beach on cove near a river, at water's edge.","0573d704-2598-11ed-aace-005056be1b7a","true","3","ICZN","urn:catalog:CAS:IZ:458187","Specimen count approximate. Formerly IZ Acc. No. 0970-P.","Littorinimorpha","382213","Mollusca","51","Fluid-75% EtOH(15)","Antonio J. Ferreira","Littorinidae","Children, 1834","","","","62","Cavite Province","Caenogastropoda","224570","","","Biota","1","Littorinoidea","14766","","","","Physical Object","14.409493","120.838067","1979","ae25d2c5-b678-4164-9bb0-0843eda5ea2c","aa16d305-d413-4c4a-90be-b1ec3298d58d","[""b7c47783-a020-4173-b390-7b57c4fa1426""]","false","false","Littorinidae","119","[]","2","560","","","","","0","","","","","","","0","","","","","","","","","","","","true","Specimens in 1-8 oz. bottle and in very good condition. Ecological data: murky water, a few stones at water's edge.Original accession date 5 Apr 1979.","","3 Mar 1979","2026-06-08 08:50:43","","","","","","","","","","","","","","","","","","","","","","","","","rock","","","","","","","","","","","","","","","","","","","","","","","","","","","","","","","",""
"PreservedSpecimen","","103695","Gastropoda","101","IZ","https://www.gbif.org/grscicoll/collection/5d4a63d3-e994-4b19-b592-e853a8e3b470","Asia","5729","Philippines","1995-03-04","794275200000","794275200000","794275200000","1995","4","14.170135","120.575502","1995-03-04","Ovulidae","1747","045956","Phenacovolva","205898","WGS 84","[needs verification] Hamilo Bay. Placed marker near Hamilo Point.","Animalia, Mollusca, Gastropoda, Caenogastropoda, Littorinimorpha, Cypraeoidea, Ovulidae, Ovulinae","Asia, North Pacific Ocean, Philippines, Luzon Island","T.M. Gosliner","","","","","CAS","http://grscicoll.org/institution/california-academy-sciences","Animalia","2","en","https://creativecommons.org/publicdomain/zero/1.0/","Hamilo Bay, The Head","062342d9-2598-11ed-aace-005056be1b7a","true","3","ICZN","urn:catalog:CAS:IZ:103695","found on ""Plexaura""","Littorinimorpha","382213","Mollusca","51","Fluid-75% EtOH(1)|Image(s)(1)","G.C. Williams","Phenacovolva nectarea","C. N. Cate, 1973","Phenacovolva nectarea","467630","tokioi","63","Batangas Province","Caenogastropoda","224570","","","Biota","1","Cypraeoidea","14774","","","species","Physical Object","14.170135","120.575502","1995","af372d10-4936-4aef-8580-f9b047f54a62","aa16d305-d413-4c4a-90be-b1ec3298d58d","[""b7c47783-a020-4173-b390-7b57c4fa1426""]","false","false","Phenacovolva tokioi","467630","[""NO_DEPTH""]","-21","78","28.48","31.91","","","","","","","","","","","","","","Ovulinae","411686","","","","","","","","","","","","","","","","","","","","","","","","","","","","","","","","","","","","","","","","","","","","","","","","","","","","","","","","","","","","","","","","","","","",""
"PreservedSpecimen","true","57157","Teleostei","293496","I","72","","","Philippines","","","","","","11","14.433333","120.833333","","Apogonidae","125518","","Jaydia","206779","","","","","","","","","","KAUM","","Animalia","2","","(CC-BY NC) 4.0","","","true","10","","FN2[31561999]:KAUM-72[273074:57157]","","Kurtiformes","1517499","Chordata","1821","","","Jaydia poeciloptera","","Jaydia poeciloptera","1059799","","","","","","","","","","","","","","","Collection","","","2013","b4152009-3bea-4b62-875f-dfc74ce7b506","2891a788-9f30-4413-8f73-9e7686890e9d","[""dcb0c76d-46a1-4e07-9a69-98cf3fd67576""]","false","false","Apogon poecilopterus","1059799","[""NO_DEPTH""]","9","2199","28.52","31.38","","","","Actinopterygii","10194","","Gnathostomata","1828","","","Osteichthyes","152352","urn:lsid:marinespecies.org:taxname:273074","Apogoninae","267079","Vertebrata","146419","Actinopteri","843664","273074","","","","","","2016-03-14T23:18:55+09:00","","","KAUM","","","","","Tulane University","273074","","","","","","","","","Non-commercial use only","TU","30240535","0 meters","","","","","","","","","","","","","","","","","","","","","","","","","","","","","","","","","","","",""
"PreservedSpecimen","false","457704","Gastropoda","101","IZ","https://www.gbif.org/grscicoll/collection/5d4a63d3-e994-4b19-b592-e853a8e3b470","Asia","667","Philippines","","289526400000","289440000000","289353600000","1979","4","14.115468","120.612432","1979-03-04/06","Cymatiidae","196332","003115","","","WGS 84","Placed marker near Maya-maya Club, Given coordinates are located inland.","Animalia, Mollusca, Gastropoda, Caenogastropoda, Littorinimorpha, Tonnoidea, Cymatiidae","Asia, North Pacific Ocean, Philippines, Luzon","","","","","","CAS","http://grscicoll.org/institution/california-academy-sciences","Animalia","2","en","https://creativecommons.org/publicdomain/zero/1.0/","Nasugbu, in front of the ""Maya-Maya Reef Club""","0573d53e-2598-11ed-aace-005056be1b7a","true","3","ICZN","urn:catalog:CAS:IZ:457704","Determination is ""36-2-30"" Cymatiidae, Ranellidae or Charoniidae.","Littorinimorpha","382213","Mollusca","51","Fluid-75% EtOH(1)","Antonio J. Ferreira","Cymatiidae","Iredale, 1913","","","","63","Batangas Province","Caenogastropoda","224570","","","Biota","1","Tonnoidea","14777","","","","Physical Object","14.115468","120.612432","1979","b6718eee-4e89-4681-af88-31194b923d02","aa16d305-d413-4c4a-90be-b1ec3298d58d","[""b7c47783-a020-4173-b390-7b57c4fa1426""]","false","false","Cymatiidae","196332","[]","-3","15","28.43","31.84","","","0.61","","","","","","1.22","0","","","","","","","","","","","","","Specimens in 2-8 oz. bottles and in very good condition.Original accession date 3 Apr 1979.","","4-6 Mar 1979","2026-03-17 08:08:53","","","","","","","","","","","65","","","","","","","","","","","","","","","","","","","","","","","","","","","","","","","","","","","","","","","","","","","","","",""
"PreservedSpecimen","true","458174","Gastropoda","101","IZ","https://www.gbif.org/grscicoll/collection/5d4a63d3-e994-4b19-b592-e853a8e3b470","Asia","667","Philippines","","289526400000","289440000000","289353600000","1979","4","14.115468","120.612432","1979-03-04/06","Littorinidae","119","003115","","","WGS 84","Placed marker near Maya-maya Club, Given coordinates are located inland.","Animalia, Mollusca, Gastropoda, Caenogastropoda, Littorinimorpha, Littorinoidea, Littorinidae","Asia, North Pacific Ocean, Philippines, Luzon","","","","","","CAS","http://grscicoll.org/institution/california-academy-sciences","Animalia","2","en","https://creativecommons.org/publicdomain/zero/1.0/","Nasugbu, in front of the ""Maya-Maya Reef Club""","0573d53e-2598-11ed-aace-005056be1b7a","true","3","ICZN","urn:catalog:CAS:IZ:458174","Formerly IZ Acc. No. 970-M.","Littorinimorpha","382213","Mollusca","51","Fluid-75% EtOH(3)","Antonio J. Ferreira","Littorinidae","Children, 1834","","","","63","Batangas Province","Caenogastropoda","224570","","","Biota","1","Littorinoidea","14766","","","","Physical Object","14.115468","120.612432","1979","b793ad09-41c2-468f-a5cd-afe26f332ed2","aa16d305-d413-4c4a-90be-b1ec3298d58d","[""b7c47783-a020-4173-b390-7b57c4fa1426""]","false","false","Littorinidae","119","[]","-3","15","28.43","31.84","","","0.61","","","","","","1.22","0","","","","","","","","","","","","true","Specimens in 2-8 oz. bottles and in very good condition.Original accession date 3 Apr 1979.","","4-6 Mar 1979","2026-06-08 08:50:40","","","","","","","","","","","65","","","","","","","","","","","","","","","","","","","","","","","","","","","","","","","","","","","","","","","","","","","","","",""
"PreservedSpecimen","false","455562","Gastropoda","101","IZ","https://www.gbif.org/grscicoll/collection/5d4a63d3-e994-4b19-b592-e853a8e3b470","Asia","17050","Philippines","","289267200000","289267200000","289267200000","1979","3","14.409493","120.838067","1979-03-03","Acmaeidae","114","003118","","","WGS 84","[no precise location] Cavite Province. Placed marker at the coast of Cavite.","Animalia, Mollusca, Gastropoda, Patellogastropoda, Lottioidea, Acmaeidae","Asia, North Pacific Ocean, Philippines, Luzon","","","","","","CAS","http://grscicoll.org/institution/california-academy-sciences","Animalia","2","en","https://creativecommons.org/publicdomain/zero/1.0/","55 km S of Manila, Ternate, from a small beach on cove near a river, at water's edge.","0573d704-2598-11ed-aace-005056be1b7a","true","3","ICZN","urn:catalog:CAS:IZ:455562","Determination is Group No. 36-1-1: Acmaeidae, Lottiidae or Eoacmaeidae. specimen count approximate.","","","Mollusca","51","Fluid-75% EtOH(10)","Antonio J. Ferreira","Acmaeidae","Forbes, 1850","","","","62","Cavite Province","Patellogastropoda","382158","","","Biota","1","Lottioidea","391063","","","","Physical Object","14.409493","120.838067","1979","b819c94d-cc4a-445e-8dbe-4439790d784e","aa16d305-d413-4c4a-90be-b1ec3298d58d","[""b7c47783-a020-4173-b390-7b57c4fa1426""]","false","false","Acmaeidae","114","[]","2","560","","","","","0","","","","","","","0","","","","","","","","","","","","","Specimens in 1-8 oz. bottle and in very good condition. Ecological data: murky water, a few stones at water's edge.Original accession date 5 Apr 1979.","","3 Mar 1979","2024-08-29 12:23:57","","","","","","","","","","","","","","","","","","","","","","","","","rock","","","","","","","","","","","","","","","","","","","","","","","","","","","","","","","",""
"PreservedSpecimen","false","198580","Bivalvia","105","IZ","https://www.gbif.org/grscicoll/collection/5d4a63d3-e994-4b19-b592-e853a8e3b470","Asia","17050","Philippines","","289267200000","289267200000","289267200000","1979","3","14.409493","120.838067","1979-03-03","Pectinidae","213","003118","","","WGS 84","[no precise location] Cavite Province. Placed marker at the coast of Cavite.","Animalia, Mollusca, Bivalvia, Autobranchia, Pteriomorphia, Pectinida, Pectinoidea, Pectinidae","Asia, North Pacific Ocean, Philippines, Luzon","","Pteriomorphia","206","","","CAS","http://grscicoll.org/institution/california-academy-sciences","Animalia","2","en","https://creativecommons.org/publicdomain/zero/1.0/","55 km S of Manila, Ternate, from a small beach on cove near a river, at water's edge.","0573d704-2598-11ed-aace-005056be1b7a","true","3","ICZN","urn:catalog:CAS:IZ:198580","","Pectinida","387324","Mollusca","51","Fluid-75% EtOH(1)","Antonio J. Ferreira","Pectinidae","Rafinesque, 1815","","","","62","Cavite Province","Autobranchia","1424948","","","Biota","1","Pectinoidea","151320","","","","Physical Object","14.409493","120.838067","1979","bcfa3426-1a46-4557-9b76-28b0e52c05fa","aa16d305-d413-4c4a-90be-b1ec3298d58d","[""b7c47783-a020-4173-b390-7b57c4fa1426""]","false","false","Pectinidae","213","[]","2","560","","","","","0","","","","","","","0","","","","","","","","","","","","true","Specimens in 1-8 oz. bottle and in very good condition. Ecological data: murky water, a few stones at water's edge.Original accession date 5 Apr 1979.","","3 Mar 1979","","","","","","","","","","","","","","","","","","","","","","","","","","rock","","","","","","","","","","","","","","","","","","","","","","","","","","","","","","","",""
"PreservedSpecimen","false","51976","Teleostei","293496","ICH","http://grscicoll.org/institutional-collection/cas-ichthyology","Pacific Ocean","24829","Philippines","","-702172800000","-702172800000","-702172800000","1947","2","14.358786","120.760205","1947-10-02","Nemipteridae","151459","2-X-47 MANILA","Nemipterus","205457","","Error covers Manila Bay off Cavite Province.","Animalia, Chordata, Actinopteri, Acanthuriformes, Nemipteridae","Pacific Ocean, Indo-West Pacific, Philippines","","","","","","CAS","http://grscicoll.org/institution/california-academy-sciences","Animalia","2","en","https://creativecommons.org/publicdomain/zero/1.0/","off Cavite Prov.","","true","10","ICZN","urn:catalog:CAS:ICH:51976","","Eupercaria incertae sedis","1517577","Chordata","1821","alcohol-75% EtOH","","Nemipterus balinensis","(Bleeker 1858)","Nemipterus balinensis","278118","balinensis","275","Cavite","","","","","Biota","1","","","","","species","Physical Object","14.358786°","120.760205°","1947","be1f9d58-257f-44d2-ad96-7fb0fb32b98d","d6af0fac-8a21-4d77-8872-f10d471fc0cf","[""b7c47783-a020-4173-b390-7b57c4fa1426""]","false","false","Nemipterus balinensis","278118","[""NO_DEPTH""]","8","2461","28.51","31.51","","","","Actinopterygii","10194","1","Gnathostomata","1828","","","Osteichthyes","152352","","","","Vertebrata","146419","Actinopteri","843664","","MANILA BAY","","","","","1995-04-13 00:00:00","UW 7741","","","","","","","","","","","","","","","","","","","","","FishNet Collaborative Georeferencing Project","","","","","","","","","","","","","","","","","","","","","","","","","","","","","","","","","","",""
"PreservedSpecimen","","103754","Gastropoda","101","IZ","https://www.gbif.org/grscicoll/collection/5d4a63d3-e994-4b19-b592-e853a8e3b470","Asia","5729","Philippines","2003-07-31","794275200000","794275200000","794275200000","1995","4","14.170135","120.575502","1995-03-04","Tethydidae","23125","046509","Melibe","138547","WGS 84","[needs verification] Hamilo Bay. Placed marker near Hamilo Point.","Animalia, Mollusca, Gastropoda, Heterobranchia, Euthyneura, Ringipleura, Nudipleura, Nudibranchia, Cladobranchia, Dendronotoidea, Tethydidae","Asia, North Pacific Ocean, Philippines, Luzon Island","Terrence M. Gosliner and Victor G. Smith","Euthyneura","1057247","","","CAS","http://grscicoll.org/institution/california-academy-sciences","Animalia","2","en","https://creativecommons.org/publicdomain/zero/1.0/","Hamilo Bay, Pinnacle Rock","062799b5-2598-11ed-aace-005056be1b7a","true","3","ICZN","urn:catalog:CAS:IZ:103754","one specimen dissected. previously identified as """"Melibe"" sp. digitate"", 5 specimens.","Nudibranchia","1762","Mollusca","51","Fluid-75% EtOH(6)|Image(s)(1)","T.M. Gosliner","Melibe digitata","Gosliner & V. G. Smith, 2003","Melibe digitata","388315","digitata","63","Batangas Province","Heterobranchia","14712","Ringipleura","1057249","Biota","1","Dendronotoidea","182","Nudipleura","411966","species","Physical Object","14.170135","120.575502","1995","c0af19d8-477a-405d-800e-fbe784b7dbc3","aa16d305-d413-4c4a-90be-b1ec3298d58d","[""b7c47783-a020-4173-b390-7b57c4fa1426""]","false","false","Melibe digitata","388315","[""NO_DEPTH""]","-21","78","28.48","31.91","","","","","","","","","","","","","","","","","","","","","","","","PARATYPE","","","","","","","","","","","","","","","","Dendronotina","404961","","","","","","","","","","","","","","","","","","","","","","","","","","","","","","","","","","","","","","","","","",""
"PreservedSpecimen","false","438467","Malacostraca","1071","IZ","https://www.gbif.org/grscicoll/collection/5d4a63d3-e994-4b19-b592-e853a8e3b470","Asia","17050","Philippines","","","","","","","14.409493","120.838067","","Palinuridae","106794","153057","","","WGS 84","[no precise location] Cavite Province. Placed marker at the coast of Cavite.","Animalia, Arthropoda, Crustacea, Malacostraca, Eumalacostraca, Eucarida, Decapoda, Pleocyemata, Achelata, Palinuridae","Asia, North Pacific Ocean","","","","Achelata","383017","CAS","http://grscicoll.org/institution/california-academy-sciences","Animalia","2","en","https://creativecommons.org/publicdomain/zero/1.0/","Cavite","0682690c-97af-4d5f-b4bd-01abeb093bd3","true","","ICZN","urn:catalog:CAS:IZ:438467","","Decapoda","1130","Arthropoda","1065","Fluid-75% EtOH(1)","Dr. Lung","Palinuridae","Latreille, 1802","","","","","","Eumalacostraca","1086","","","Biota","1","","","Eucarida","1089","","Physical Object","14.409493","120.838067","","c133e29d-6e52-49c5-a002-d18f9b09a280","aa16d305-d413-4c4a-90be-b1ec3298d58d","[""b7c47783-a020-4173-b390-7b57c4fa1426""]","false","false","Palinuridae","106794","[""NO_DEPTH""]","2","560","","","","","","","","","","","","","","","","","","Crustacea","1066","Multicrustacea","845959","","","true","DIGIN ENTRY. Data imported incomplete. Replace this text and initial once record is complete for all tables.","","","2022-08-29 15:27:59","","","","","","","","","","","","","","Pleocyemata","106670","","","","","","","","","","","","","","","","","","","","","","","","","","","","","","","","","","","","","","","","","",""
"PreservedSpecimen","","105678","Gastropoda","101","IZ","https://www.gbif.org/grscicoll/collection/5d4a63d3-e994-4b19-b592-e853a8e3b470","Asia","5729","Philippines","1995-03-04","794275200000","794275200000","794275200000","1995","4","14.170135","120.575502","1995-03-04","Discodorididae","1761","046564","Atagema","137659","WGS 84","[needs verification] Hamilo Bay. Placed marker near Hamilo Point.","Animalia, Mollusca, Gastropoda, Heterobranchia, Euthyneura, Ringipleura, Nudipleura, Nudibranchia, Doridina, Doridoidei, Doridoidea, Discodorididae","Asia, North Pacific Ocean, Philippines, Luzon Island","T.M. Gosliner","Euthyneura","1057247","Doridoidei","246038","CAS","http://grscicoll.org/institution/california-academy-sciences","Animalia","2","en","https://creativecommons.org/publicdomain/zero/1.0/","Hamilo Bay, The Head","062342d9-2598-11ed-aace-005056be1b7a","true","3","ICZN","urn:catalog:CAS:IZ:105678","Shelved under 36-1-5.","Doridida","1829294","Mollusca","51","Fluid-75% EtOH(1)|Image(s)(1)","Ron McPeak","Atagema","Gray, 1850","","","","63","Batangas Province","Heterobranchia","14712","Ringipleura","1057249","Biota","1","Doridoidea","173","Nudipleura","411966","","Physical Object","14.170135","120.575502","1995","c15f4cd2-e02b-410f-9e34-22867981af4f","aa16d305-d413-4c4a-90be-b1ec3298d58d","[""b7c47783-a020-4173-b390-7b57c4fa1426""]","false","false","Atagema","137659","[""NO_DEPTH""]","-21","78","28.48","31.91","","","","","","","","","","","","","","","","","","","","","","","night dive. same as stations 42 and 44.","","04 Mar 1995","","","","","","","","","","","","","","","","","","","","","","","","","","","","","","","","","","","","","","","","","","","","","","","","","","","","","","","","","",""
"PreservedSpecimen","false","137658.5166698","Teleostei","293496","Vertebrate Zoology; Fishes","","","","Philippines","","-1921708800000","-1921708800000","-1921708800000","1909","8","14.3000001907","120.699996948","1909-02-08T12:00:00Z","Cynoglossidae","125578","","Cynoglossus","126112","","","","","","","","","","USNM","","Animalia","2","","","Corregidor Lt., N. 74 Degrees W., 6.9 Miles, Manila Bay","","true","2","","","","Pleuronectiformes","10331","Chordata","1821","","","Cynoglossus kopsii","","Cynoglossus kopsii","219856","","","","","","","","","","","","","","","","","","1909","c6e47cd7-152a-4ba9-a0f7-c34129beb7e2","d6d6fe4c-425f-4ce7-bf28-7a6befaeb413","[""310922b4-9d0c-4de1-92d7-9b442d34765b""]","false","false","Cynoglossus kopsii","219856","[]","10","1370","28.48","31.6","National Museum of Natural History, Smithsonian Institution","Department of Vertebrate Zoology, Research and Collections Information System, NMNH, Smithsonian Institution","22","Actinopterygii","10194","2.0","Gnathostomata","1828","22","22","Osteichthyes","152352","urn:lsid:marinespecies.org:taxname:219856","Cynoglossinae","154690","Vertebrata","146419","Actinopteri","843664","","Pacific","","","","","","","","","","","","","","","","","","","","","","","","","","","","","","","","","","","","","","","","","","","","","","","","","","","","","","","","","","","","","",""
"PreservedSpecimen","","103750","Gastropoda","101","IZ","https://www.gbif.org/grscicoll/collection/5d4a63d3-e994-4b19-b592-e853a8e3b470","Asia","5729","Philippines","1998-02-11","794275200000","794275200000","794275200000","1995","4","14.170135","120.575502","1995-03-04","Chromodorididae","23003","046533","Chromodoris","137782","WGS 84","[needs verification] Hamilo Bay. Placed marker near Hamilo Point.","Animalia, Mollusca, Gastropoda, Heterobranchia, Euthyneura, Ringipleura, Nudipleura, Nudibranchia, Doridina, Doridoidei, Chromodoridoidea, Chromodorididae, Chromodoridinae","Asia, North Pacific Ocean, Philippines, Luzon Island","T.M. Gosliner and D.W. Behrens","Euthyneura","1057247","Doridoidei","246038","CAS","http://grscicoll.org/institution/california-academy-sciences","Animalia","2","en","https://creativecommons.org/publicdomain/zero/1.0/","Hamilo Bay, Pinnacle Rock","0627b0de-2598-11ed-aace-005056be1b7a","true","3","ICZN","urn:catalog:CAS:IZ:103750","one specimen dissected.","Doridida","1829294","Mollusca","51","Fluid-75% EtOH(2)","M.T. Ghiselin","Chromodoris joshi","Gosliner & Behrens, 1998","Chromodoris joshi","457496","joshi","63","Batangas Province","Heterobranchia","14712","Ringipleura","1057249","Biota","1","Chromodoridoidea","1370609","Nudipleura","411966","species","Physical Object","14.170135","120.575502","1995","c74b5b8a-9ba7-47c2-beb9-ae336744a610","aa16d305-d413-4c4a-90be-b1ec3298d58d","[""b7c47783-a020-4173-b390-7b57c4fa1426""]","false","false","Chromodoris joshi","457496","[]","-21","78","28.48","31.91","","","10","","","","","","","10","","","","Chromodoridinae","1370610","","","","","","","","","PARATYPE","04 Mar 1995","","","","","","","","","","","","","","","","","","","","","","","","","","","","","","","","","","","","","","","","","","","","","","","","","","","","","","","","","",""
"PreservedSpecimen","false","455527","Gastropoda","101","IZ","https://www.gbif.org/grscicoll/collection/5d4a63d3-e994-4b19-b592-e853a8e3b470","Asia","17050","Philippines","","289267200000","289267200000","289267200000","1979","3","14.409493","120.838067","1979-03-03","Acmaeidae","114","003118","","","WGS 84","[no precise location] Cavite Province. Placed marker at the coast of Cavite.","Animalia, Mollusca, Gastropoda, Patellogastropoda, Lottioidea, Acmaeidae","Asia, North Pacific Ocean, Philippines, Luzon","","","","","","CAS","http://grscicoll.org/institution/california-academy-sciences","Animalia","2","en","https://creativecommons.org/publicdomain/zero/1.0/","55 km S of Manila, Ternate, from a small beach on cove near a river, at water's edge.","0573d704-2598-11ed-aace-005056be1b7a","true","3","ICZN","urn:catalog:CAS:IZ:455527","Determination is Group No. 36-1-1: Acmaeidae, Lottiidae or Eoacmaeidae.","","","Mollusca","51","Fluid-75% EtOH(1)","Antonio J. Ferreira","Acmaeidae","Forbes, 1850","","","","62","Cavite Province","Patellogastropoda","382158","","","Biota","1","Lottioidea","391063","","","","Physical Object","14.409493","120.838067","1979","c7787f2b-b46e-483d-bb97-49f33efc9c60","aa16d305-d413-4c4a-90be-b1ec3298d58d","[""b7c47783-a020-4173-b390-7b57c4fa1426""]","false","false","Acmaeidae","114","[]","2","560","","","","","0","","","","","","","0","","","","","","","","","","","","","Specimens in 1-8 oz. bottle and in very good condition. Ecological data: murky water, a few stones at water's edge.Original accession date 5 Apr 1979.","","3 Mar 1979","2024-08-29 12:23:44","","","","","","","","","","","","","","","","","","","","","","","","","rock","","","","","","","","","","","","","","","","","","","","","","","","","","","","","","","",""
"HumanObservation","","33168033","Gastropoda","101","Observations","","","4000","","2023-07-09T14:02:07Z","347155200000","347155200000","347155200000","1981","","14.4791297","120.8894102994","1981-01-01T17:55:00-08:00","Neritidae","13588","","Nerita","138254","EPSG:4326","","","","沈","","","","","iNaturalist","","Animalia","2","","https://creativecommons.org/licenses/by-nc/4.0/","","","true","","","https://www.inaturalist.org/observations/33168033","Collected by my father","Cycloneritida","1054475","Mollusca","51","","Donna Pomeroy","Nerita albicilla","","Nerita albicilla","216254","","","Cavite","Neritimorpha","156484","","","Biota","1","Neritoidea","196314","","","species","","","","","c8b4fd61-0dd2-4c10-bd23-00a6c28fa0bb","eaea291a-1e1d-4382-b86f-ac3cc15b8d5a","[""f92d5d7f-47a6-4605-9fd0-a8538dfde3fd""]","false","false","Nerita albicilla","216254","[""NO_DEPTH"",""ON_LAND""]","-1","-22","28.52","31.48","","","","","","","","","","","","","urn:lsid:marinespecies.org:taxname:216254","Neritinae","411638","","","","","","","","","","1981/01/01 5:55 PM -0800","2023-07-09T19:01:58Z","","PH","iNaturalist research-grade observations","17:55:00-08:00","383828830","urn:lsid:marinespecies.org:taxname:216254","https://www.inaturalist.org/observations/33168033","Donna Pomeroy","368225","Cavite City, Philippines","","","","","","","","","","","","","","","","","","","","","","","","","","","","","","","","","","","","","","","","","","","","","","",""
"PreservedSpecimen","false","149365.5220409","Teleostei","293496","Vertebrate Zoology; Fishes","","","","Philippines","","-1921708800000","-1921708800000","-1921708800000","1909","8","14.3000001907","120.699996948","1909-02-08T12:00:00Z","Apogonidae","125518","","Jaydia","206779","","","","","","","","","","USNM","","Animalia","2","","","Corregidor Lt., N. 74 Degrees W., 6.9 Miles, Manila Bay","","true","2","","","","Kurtiformes","1517499","Chordata","1821","","","Jaydia smithi","","Jaydia smithi","313170","","","","","","","","","","","","","","","","","","1909","c914f2c1-994e-42a9-9a42-294c7f918e3a","d6d6fe4c-425f-4ce7-bf28-7a6befaeb413","[""310922b4-9d0c-4de1-92d7-9b442d34765b""]","false","false","Apogon smithi","313170","[]","10","1370","28.48","31.6","National Museum of Natural History, Smithsonian Institution","Department of Vertebrate Zoology, Research and Collections Information System, NMNH, Smithsonian Institution","22","Actinopterygii","10194","5.0","Gnathostomata","1828","22","22","Osteichthyes","152352","urn:lsid:marinespecies.org:taxname:401502","Apogoninae","267079","Vertebrata","146419","Actinopteri","843664","401502","Pacific","true","","","","","","","","","","","","","","","","","","","","","","","","","","","","","","","","","","","","","","","","","","","","","","","","","","","","","","","","","","","","",""
"PreservedSpecimen","","105677","Gastropoda","101","IZ","https://www.gbif.org/grscicoll/collection/5d4a63d3-e994-4b19-b592-e853a8e3b470","Asia","5729","Philippines","1995-03-04","794275200000","794275200000","794275200000","1995","4","14.170135","120.575502","1995-03-04","Gastropteridae","23045","046511","Sagaminopteron","531565","WGS 84","[needs verification] Hamilo Bay. Placed marker near Hamilo Point.","Animalia, Mollusca, Gastropoda, Heterobranchia, Euthyneura, Tectipleura, Cephalaspidea, Philinoidea, Gastropteridae","Asia, North Pacific Ocean, Philippines, Luzon Island","T.M. Gosliner","Euthyneura","1057247","","","CAS","http://grscicoll.org/institution/california-academy-sciences","Animalia","2","en","https://creativecommons.org/publicdomain/zero/1.0/","Hamilo Bay, The Head","062342d9-2598-11ed-aace-005056be1b7a","true","3","ICZN","urn:catalog:CAS:IZ:105677","","Cephalaspidea","154","Mollusca","51","Fluid-75% EtOH(1)|Image(s)(1)","T.M. Gosliner","Sagaminopteron nigropunctatum","Carlson & Hoff, 1973","Sagaminopteron nigropunctatum","599449","nigropunctatum","63","Batangas Province","Heterobranchia","14712","Tectipleura","1057250","Biota","1","Philinoidea","196322","","","species","Physical Object","14.170135","120.575502","1995","c97ed2cc-5e48-4f6e-9f90-36a7a96adc23","aa16d305-d413-4c4a-90be-b1ec3298d58d","[""b7c47783-a020-4173-b390-7b57c4fa1426""]","false","false","Sagaminopteron nigropunctatum","599449","[""NO_DEPTH""]","-21","78","28.48","31.91","","","","","","","","","","","","","","","","","","","","","","","","","","","","","","","","","","","","","","","","","","","","","","","","","","","","","","","","","","","","","","","","","","","","","","","","","","","","","","","","","","",""
"PreservedSpecimen","","C.76865","Gastropoda","101","co114","","","10000","","","","","","","","14.17638","120.60777","","Cypraeidae","23022","","Monetaria","205350","","","","","","","","","","AM","","Animalia","2","","","Luzon Is, Hamilo (Jamelo) Cove","","true","","","urn:lsid:ozcam.taxonomy.org.au:AM:Malacology:C.76865","","Littorinimorpha","382213","Mollusca","51","","","Monetaria annulus","","Monetaria annulus","216875","annulus","","","Caenogastropoda","224570","","","","","Cypraeoidea","14774","","","species","","","","","cc7d13e3-3b78-4bc1-98cb-10a0517509aa","58bb5aa2-2939-48d5-9015-b18706e26425","[""2a57cd59-6799-4579-955e-27c9af97aea4""]","false","false","Monetaria annulus","216875","[""NO_DEPTH""]","-1","70","","","","","","","","","","","","","","","urn:lsid:marinespecies.org:taxname:216875","Erosariinae","411674","","","","","","","true","","","","2017-03-08T17:36:48","","","","","","present","","","","","","","","","","","","","","","","","","","","","","","","","","","","","","","","","","","","","","","","","","0.0896","POINT (120.60777 14.17638)","Ringed Cowry","","","","","","",""
"PreservedSpecimen","","103781","Gastropoda","101","IZ","https://www.gbif.org/grscicoll/collection/5d4a63d3-e994-4b19-b592-e853a8e3b470","Asia","5729","Philippines","1995-03-04","794275200000","794275200000","794275200000","1995","4","14.170135","120.575502","1995-03-04","Plakobranchidae","411960","046533","Elysia","137928","WGS 84","[needs verification] Hamilo Bay. Placed marker near Hamilo Point.","Animalia, Mollusca, Gastropoda, Heterobranchia, Euthyneura, Tectipleura, Sacoglossa, Plakobranchoidea, Plakobranchidae","Asia, North Pacific Ocean, Philippines, Luzon Island","T.M. Gosliner","Euthyneura","1057247","","","CAS","http://grscicoll.org/institution/california-academy-sciences","Animalia","2","en","https://creativecommons.org/publicdomain/zero/1.0/","Hamilo Bay, Pinnacle Rock","0627b0de-2598-11ed-aace-005056be1b7a","true","3","ICZN","urn:catalog:CAS:IZ:103781","original label erroneously reads ""Sta. 40 Ligpo"".","","","Mollusca","51","Fluid-75% EtOH(1)","M.T. Ghiselin","Elysia ornata","(Swainson, 1840)","Elysia ornata","139682","ornata","63","Batangas Province","Heterobranchia","14712","Tectipleura","1057250","Biota","1","Plakobranchoidea","411959","Sacoglossa","167","species","Physical Object","14.170135","120.575502","1995","cefad969-0a41-41db-b370-98a1dbfc54e7","aa16d305-d413-4c4a-90be-b1ec3298d58d","[""b7c47783-a020-4173-b390-7b57c4fa1426""]","false","false","Elysia ornata","139682","[]","-21","78","28.48","31.91","","","10","","","","","","","10","","","","","","","","","","","","true","","","04 Mar 1995","","","","","","","","","","","","","","","","","","","","","","","","","","","","","","","","","","","","","","","","","","","","","","","","","","","","","","","","","",""
"PreservedSpecimen","false","32860","Teleostei","293496","ICH","http://grscicoll.org/institutional-collection/cas-ichthyology","Pacific Ocean","3131","Philippines","","-189388800000","-189388800000","-189388800000","1964","1","14.245076","120.610974","1964-01-01","Congridae","125427","JEN 1-I-64","Ariosoma","125622","","Polygon covers Limbones Cove. Coordinates placed at center of polygon.","Animalia, Chordata, Actinopteri, Anguilliformes, Congroidei, Congridae, Bathymyrinae","Pacific Ocean, Indo-West Pacific","","","","","","CAS","http://grscicoll.org/institution/california-academy-sciences","Animalia","2","en","https://creativecommons.org/publicdomain/zero/1.0/","Luzon, S of Manila Bay, eastern side of Limbones Cove; high tide.","","true","1","ICZN","urn:catalog:CAS:ICH:32860","Orig. no. 5","Anguilliformes","10295","Chordata","1821","alcohol-75% EtOH","Norton, J. E.","Ariosoma","Swainson 1838","","","","1","","","","","","Biota","1","","","","","","Physical Object","14.245076°","120.610974°","1964","cf7d1c14-bca4-45e4-b6fa-d8dea6ddcb84","d6af0fac-8a21-4d77-8872-f10d471fc0cf","[""b7c47783-a020-4173-b390-7b57c4fa1426""]","false","false","Ariosoma","125622","[]","25","1307","","","","","36.575","Actinopterygii","10194","1","Gnathostomata","1828","47.55","25.6","Osteichthyes","152352","","Bathymyrinae","151820","Vertebrata","146419","Actinopteri","843664","","","","Orig. no.5.","","","1995-02-16 00:00:00","","","","","","","","","","","","","","","","","","","","","14-26 fa","FishNet Collaborative Georeferencing Project","","","","","","","","","","","","","","","","","","","","","","","","","","","","","","","","","","",""
"PreservedSpecimen","","103906","Thecostraca","22388","IZ","https://www.gbif.org/grscicoll/collection/5d4a63d3-e994-4b19-b592-e853a8e3b470","Asia","5729","Philippines","1996-05-22","794275200000","794275200000","794275200000","1995","4","14.170135","120.575502","1995-03-04","Balanidae","106057","046288","Amphibalanus","415046","WGS 84","[needs verification] Hamilo Cove. Placed marker near Hamilo Point.","Animalia, Arthropoda, Crustacea, Thecostraca, Cirripedia, Thoracica, Thoracicalcarea, Balanomorpha, Balanoidea, Balanidae, Amphibalaninae","Asia, North Pacific Ocean, Philippines, Luzon","R. Van Syoc","Thoracica","1107","","","CAS","http://grscicoll.org/institution/california-academy-sciences","Animalia","2","en","https://creativecommons.org/publicdomain/zero/1.0/","Nasugbu, Hamilo Cove, Hamilo Cove Point","06269608-2598-11ed-aace-005056be1b7a","true","3","ICZN","urn:catalog:CAS:IZ:103906","","Balanomorpha","106039","Arthropoda","1065","Fluid-75% EtOH(1)","Gary C. Williams","Amphibalanus reticulatus","(Utinomi, 1967)","Amphibalanus reticulatus","421140","reticulatus","63","Batangas Province","Cirripedia","1082","","","Biota","1","Balanoidea","106041","Thoracicalcarea","1422167","species","Physical Object","14.170135","120.575502","1995","cf913716-34e1-4a36-97cb-82b2fb56aa33","aa16d305-d413-4c4a-90be-b1ec3298d58d","[""b7c47783-a020-4173-b390-7b57c4fa1426""]","false","false","Amphibalanus reticulatus","421140","[]","-21","78","28.48","31.91","","","12.190000000000001","","","","","","16.76","7.62","","","","Amphibalaninae","394026","Crustacea","1066","Multicrustacea","845959","","","true","Water temp: 78deg F, Visibility 15', ""murky"" conditions; Eleutherobia collected at 45 ft; many gorgonians (plexaurids).","","4 Mar 1995","","","","","4 Mar 1995","","","","","","","","","","","","","","","","","","","","","","","","","","","","","","","","","","","","","","","","","","","","","","","","","","","","",""
"PreservedSpecimen","","103851","Octocorallia","1341","IZ","https://www.gbif.org/grscicoll/collection/5d4a63d3-e994-4b19-b592-e853a8e3b470","Asia","5729","Philippines","","794275200000","794275200000","794275200000","1995","4","14.170135","120.575502","1995-03-04","Plexauridae","125277","046288","","","WGS 84","[needs verification] Hamilo Cove. Placed marker near Hamilo Point.","Animalia, Cnidaria, Anthozoa, Octocorallia, Alcyonacea, Holaxonia, Plexauridae","Asia, North Pacific Ocean, Philippines, Luzon","","","","","","CAS","http://grscicoll.org/institution/california-academy-sciences","Animalia","2","en","https://creativecommons.org/publicdomain/zero/1.0/","Nasugbu, Hamilo Cove, Hamilo Cove Point","06269608-2598-11ed-aace-005056be1b7a","true","3","ICZN","urn:catalog:CAS:IZ:103851","","Malacalcyonacea","1609357","Cnidaria","1267","Fluid-75% EtOH(1)","Gary C. Williams","Plexauridae","Gray, 1859","","","","63","Batangas Province","","","","","Biota","1","","","","","","Physical Object","14.170135","120.575502","1995","d1bb6d2c-1b0f-4665-a53e-e95ecfa8d51e","aa16d305-d413-4c4a-90be-b1ec3298d58d","[""b7c47783-a020-4173-b390-7b57c4fa1426""]","false","false","Plexauridae","125277","[]","-21","78","28.48","31.91","","","12.190000000000001","","","","","","16.76","7.62","","","","","","Anthozoa","1292","","","","","","Water temp: 78deg F, Visibility 15', ""murky"" conditions; Eleutherobia collected at 45 ft; many gorgonians (plexaurids).","","4 Mar 1995","","","","","4 Mar 1995","","","","","","","","","","","","","","","","","","","","","","","","","","","","","","","","","","","","","","","","","","","","","","","","","","","","",""
"PreservedSpecimen","false","51752","Teleostei","293496","ICH","http://grscicoll.org/institutional-collection/cas-ichthyology","Pacific Ocean","24829","Philippines","","-702172800000","-702172800000","-702172800000","1947","2","14.358786","120.760205","1947-10-02","Nemipteridae","151459","2-X-47 CAVITE","Nemipterus","205457","","Error covers Manila Bay off Cavite Province.","Animalia, Chordata, Actinopteri, Acanthuriformes, Nemipteridae","Pacific Ocean, Indo-West Pacific, Philippines","","","","","","CAS","http://grscicoll.org/institution/california-academy-sciences","Animalia","2","en","https://creativecommons.org/publicdomain/zero/1.0/","Manila Bay, off Cavite Prov.","","true","10","ICZN","urn:catalog:CAS:ICH:51752","","Eupercaria incertae sedis","1517577","Chordata","1821","alcohol-75% EtOH","","Nemipterus zysron","","Nemipterus zysron","218519","metopias","275","Cavite","","","","","Biota","1","","","","","species","Physical Object","14.358786°","120.760205°","1947","d7e4cee5-612e-4784-bf00-766de156ca58","d6af0fac-8a21-4d77-8872-f10d471fc0cf","[""b7c47783-a020-4173-b390-7b57c4fa1426""]","false","false","Nemipterus metopias","218519","[""NO_DEPTH""]","8","2461","28.51","31.51","","","","Actinopterygii","10194","1","Gnathostomata","1828","","","Osteichthyes","152352","","","","Vertebrata","146419","Actinopteri","843664","218521","MANILA BAY","","","","","1995-04-21 00:00:00","UW 7743","","","","","","","","","","","","","","","","","","","","","FishNet Collaborative Georeferencing Project","","","","","","","","","","","","","","","","","","","","","","","","","","","","","","","","","","",""
"PreservedSpecimen","","105690","Gastropoda","101","IZ","https://www.gbif.org/grscicoll/collection/5d4a63d3-e994-4b19-b592-e853a8e3b470","Asia","5729","Philippines","1995-03-04","794275200000","794275200000","794275200000","1995","4","14.170135","120.575502","1995-03-04","Chromodorididae","23003","046514","Hypselodoris","137784","WGS 84","[needs verification] Hamilo Bay. Placed marker near Hamilo Point.","Animalia, Mollusca, Gastropoda, Heterobranchia, Euthyneura, Ringipleura, Nudipleura, Nudibranchia, Doridina, Doridoidei, Chromodoridoidea, Chromodorididae, Miamirinae","Asia, North Pacific Ocean, Philippines, Luzon Island","T.M. Gosliner","Euthyneura","1057247","Doridoidei","246038","CAS","http://grscicoll.org/institution/california-academy-sciences","Animalia","2","en","https://creativecommons.org/publicdomain/zero/1.0/","Hamilo Bay, back bay","06279b22-2598-11ed-aace-005056be1b7a","true","3","ICZN","urn:catalog:CAS:IZ:105690","dissected. radula and jaws removed and mounted on stub. stub not present at time of cataloging.","Doridida","1829294","Mollusca","51","Fluid-75% EtOH(2)","D.W. Behrens","Hypselodoris infucata","(Rüppell & Leuckart, 1830)","Hypselodoris infucata","139151","infucata","63","Batangas Province","Heterobranchia","14712","Ringipleura","1057249","Biota","1","Chromodoridoidea","1370609","Nudipleura","411966","species","Physical Object","14.170135","120.575502","1995","d800c1b4-a414-4f9e-9896-c1a70fe3a71c","aa16d305-d413-4c4a-90be-b1ec3298d58d","[""b7c47783-a020-4173-b390-7b57c4fa1426""]","false","false","Hypselodoris infucata","139151","[]","-21","78","28.48","31.91","","","0.61","","","","","","","0.61","","","","Miamirinae","549835","","","","","","","true","snorkelling","VOUCHER","","","","","","","","","","","","","","","","","","","","","","","","","","","","","","","","","","","","","","","","","","","","","","","","","","","","","","","","","","",""
"HumanObservation","","33168041","Bivalvia","105","Observations","","","4000","","2025-03-02T00:46:28Z","347155200000","347155200000","347155200000","1981","","14.4791297","120.8894102994","1981-01-01T17:55:00-08:00","Donacidae","236","","Latona","511077","EPSG:4326","","","","amr_mn","Heteroconchia","1424949","","","iNaturalist","","Animalia","2","","https://creativecommons.org/licenses/by-nc/4.0/","","","true","","","https://www.inaturalist.org/observations/33168041","Collected by my father","Cardiida","869602","Mollusca","51","","Donna Pomeroy","Latona bicolor","","Latona bicolor","1760924","","","Cavite","Autobranchia","1424948","Euheterodonta","382296","Biota","1","Tellinoidea","14636","Imparidentia","869600","species","","","","","d8924ef9-a6e4-41e0-a424-b916ca68dffb","eaea291a-1e1d-4382-b86f-ac3cc15b8d5a","[""f92d5d7f-47a6-4605-9fd0-a8538dfde3fd""]","false","false","Latona bicolor","1760924","[""NO_DEPTH"",""ON_LAND""]","-1","-22","28.52","31.48","","","","","","","","","","","","","urn:lsid:marinespecies.org:taxname:1760924","","","","","","","","","","","","1981/01/01 5:55 PM -0800","2025-04-02T13:20:08Z","","PH","iNaturalist research-grade observations","17:55:00-08:00","597287753","urn:lsid:marinespecies.org:taxname:1760924","https://www.inaturalist.org/observations/33168041","Donna Pomeroy","1610898","Cavite City, Philippines","","","","","","","","","","","","","","","","","","","","","","","","","","","","","","","","","","","","","","","","","","","","","","",""
"PreservedSpecimen","","105675","Gastropoda","101","IZ","https://www.gbif.org/grscicoll/collection/5d4a63d3-e994-4b19-b592-e853a8e3b470","Asia","5729","Philippines","1995-03-04","794275200000","794275200000","794275200000","1995","4","14.170135","120.575502","1995-03-04","Chromodorididae","23003","046514","Mexichromis","224364","WGS 84","[needs verification] Hamilo Bay. Placed marker near Hamilo Point.","Animalia, Mollusca, Gastropoda, Heterobranchia, Euthyneura, Ringipleura, Nudipleura, Nudibranchia, Doridina, Doridoidei, Chromodoridoidea, Chromodorididae, Miamirinae","Asia, North Pacific Ocean, Philippines, Luzon Island","T.M. Gosliner","Euthyneura","1057247","Doridoidei","246038","CAS","http://grscicoll.org/institution/california-academy-sciences","Animalia","2","en","https://creativecommons.org/publicdomain/zero/1.0/","Hamilo Bay, back bay","06279b22-2598-11ed-aace-005056be1b7a","true","3","ICZN","urn:catalog:CAS:IZ:105675","","Doridida","1829294","Mollusca","51","Fluid-75% EtOH(1)|Image(s)(1)","D.W. Behrens","Mexichromis multituberculata","(Baba, 1953)","Mexichromis multituberculata","558673","multituberculata","63","Batangas Province","Heterobranchia","14712","Ringipleura","1057249","Biota","1","Chromodoridoidea","1370609","Nudipleura","411966","species","Physical Object","14.170135","120.575502","1995","da2f727c-1a92-40c3-a9cf-9b106fe57f4a","aa16d305-d413-4c4a-90be-b1ec3298d58d","[""b7c47783-a020-4173-b390-7b57c4fa1426""]","false","false","Mexichromis multituberculata","558673","[]","-21","78","28.48","31.91","","","0.61","","","","","","","0.61","","","","Miamirinae","549835","","","","","","","","snorkelling","","","","","","","","","","","","","","","","","","","","","","","","","","","","","","","","","","","","","","","","","","","","","","","","","","","","","","","","","","","",""
"PreservedSpecimen","true","NMI- 570","Teleostei","293496","SEAOBIS-795932","","","","Philippines","","","","","","","14.340603","120.762623","","Muraenesocidae","125430","","Muraenesox","125633","","","","","","","","","","SEAOBIS","","Animalia","2","","","","","true","","","795932","","Anguilliformes","10295","Chordata","1821","","Umali, A.F.","Muraenesox cinereus","","Muraenesox cinereus","126296","","","Cavite","","","","","","","","","","","","","","","1948","dab99770-b55c-44bc-9aeb-f7d4a9c2b233","288e63af-5f94-43d4-a039-f238b432129c","[""e19d3c02-134f-45b8-9577-e34e8d89cc22""]","false","false","Muraenesox cinereus","126296","[""NO_DEPTH""]","1","1093","28.51","31.51","","","","Actinopterygii","10194","1","Gnathostomata","1828","","","Osteichthyes","152352","","","","Vertebrata","146419","Actinopteri","843664","","","true","","","","2003-06-25","","PH","","","","","","","","","","","","","","","","","","45880","","","","","","","","","unsexed","","","","","Cavite","298","Umali, A.F.","","","","","","","","","","","","","","","","","","","","",""
"PreservedSpecimen","true","57154","Teleostei","293496","I","72","","","Philippines","","","","","","11","14.433333","120.833333","","Apogonidae","125518","","Jaydia","206779","","","","","","","","","","KAUM","","Animalia","2","","(CC-BY NC) 4.0","","","true","10","","FN2[31561996]:KAUM-72[273074:57154]","","Kurtiformes","1517499","Chordata","1821","","","Jaydia poeciloptera","","Jaydia poeciloptera","1059799","","","","","","","","","","","","","","","Collection","","","2013","dc4c4fca-d536-4287-929f-9a6dbe4b9cfc","2891a788-9f30-4413-8f73-9e7686890e9d","[""dcb0c76d-46a1-4e07-9a69-98cf3fd67576""]","false","false","Apogon poecilopterus","1059799","[""NO_DEPTH""]","9","2199","28.52","31.38","","","","Actinopterygii","10194","","Gnathostomata","1828","","","Osteichthyes","152352","urn:lsid:marinespecies.org:taxname:273074","Apogoninae","267079","Vertebrata","146419","Actinopteri","843664","273074","","","","","","2016-03-14T23:18:45+09:00","","","KAUM","","","","","Tulane University","273074","","","","","","","","","Non-commercial use only","TU","30240532","0 meters","","","","","","","","","","","","","","","","","","","","","","","","","","","","","","","","","","","",""
"PreservedSpecimen","false","361118.5271944","Teleostei","293496","Vertebrate Zoology; Fishes","","","","Philippines","","-1921708800000","-1921708800000","-1921708800000","1909","8","14.3000001907","120.699996948","1909-02-08T12:00:00Z","Apogonidae","125518","","Ostorhinchus","297317","","","","","","","","","","USNM","","Animalia","2","","","Corregidor Lt., N. 74 Degrees W., 6.9 Miles, Manila Bay","","true","2","","","","Kurtiformes","1517499","Chordata","1821","","","Ostorhinchus pleuron","Fraser","Ostorhinchus pleuron","712683","","","","","","","","","","","","","","","","","","1909","dd7c909e-e8e5-4fae-b768-eea845e2de83","d6d6fe4c-425f-4ce7-bf28-7a6befaeb413","[""310922b4-9d0c-4de1-92d7-9b442d34765b""]","false","false","Apogon pleuron","712683","[]","10","1370","28.48","31.6","National Museum of Natural History, Smithsonian Institution","Department of Vertebrate Zoology, Research and Collections Information System, NMNH, Smithsonian Institution","22","Actinopterygii","10194","4.0","Gnathostomata","1828","22","22","Osteichthyes","152352","urn:lsid:marinespecies.org:taxname:273073","Apogoninae","267079","Vertebrata","146419","Actinopteri","843664","273073","Pacific","","","","","","","","","","","","","","","","","","","","","","","","","","","","","","","","","","","","","","","","","","","","","","","","","","","","","","","","","","","","","",""
"PreservedSpecimen","false","NMI 1657","Teleostei","293496","SEAOBIS-795892","","","","Philippines","","","","","","","14.338538","120.761204","","Ostraciidae","125611","","Ostracion","206484","","","","","","","","","","SEAOBIS","","Animalia","2","","","","","true","","","795892","","Tetraodontiformes","10332","Chordata","1821","","Umali, A.F.","Ostracion rhinorhynchos","","Ostracion rhinorhynchos","278935","","","Cavite","","","","","","","","","","","","","","","1947","de331418-cfe9-4e0a-9797-8f2512729ad5","288e63af-5f94-43d4-a039-f238b432129c","[""e19d3c02-134f-45b8-9577-e34e8d89cc22""]","false","false","Ostracion rhinorhynchus","278935","[""NO_DEPTH""]","1","828","28.51","31.51","","","","Actinopterygii","10194","1","Gnathostomata","1828","","","Osteichthyes","152352","","","","Vertebrata","146419","Actinopteri","843664","403466","","","","","","2003-06-18","","PH","","","","","","","","","","","","","","","","","","45880","","","","","","","","","unsexed","","","","","Cavite","","Umali, A.F.","","","","","","","","","","","","","","","","","","","","",""
"PreservedSpecimen","","104007","Octocorallia","1341","IZ","https://www.gbif.org/grscicoll/collection/5d4a63d3-e994-4b19-b592-e853a8e3b470","Asia","5729","Philippines","1995-04-01","794275200000","794275200000","794275200000","1995","4","14.170135","120.575502","1995-03-04","Plexauridae","125277","046288","","","WGS 84","[needs verification] Hamilo Cove. Placed marker near Hamilo Point.","Animalia, Cnidaria, Anthozoa, Octocorallia, Alcyonacea, Holaxonia, Plexauridae","Asia, North Pacific Ocean, Philippines, Luzon","G.C. Williams","","","","","CAS","http://grscicoll.org/institution/california-academy-sciences","Animalia","2","en","https://creativecommons.org/publicdomain/zero/1.0/","Nasugbu, Hamilo Cove, Hamilo Cove Point","06269608-2598-11ed-aace-005056be1b7a","true","3","ICZN","urn:catalog:CAS:IZ:104007","","Malacalcyonacea","1609357","Cnidaria","1267","Fluid-75% EtOH(2)","Gary C. Williams","Plexauridae","Gray, 1859","","","","63","Batangas Province","","","","","Biota","1","","","","","","Physical Object","14.170135","120.575502","1995","dfc6930a-4373-4170-9bfb-363bc74cd809","aa16d305-d413-4c4a-90be-b1ec3298d58d","[""b7c47783-a020-4173-b390-7b57c4fa1426""]","false","false","Plexauridae","125277","[]","-21","78","28.48","31.91","","","12.190000000000001","","","","","","16.76","7.62","","","","","","Anthozoa","1292","","","","","","Water temp: 78deg F, Visibility 15', ""murky"" conditions; Eleutherobia collected at 45 ft; many gorgonians (plexaurids).","","4 Mar 1995","","","","","4 Mar 1995","","","","","","","","","","","","","","","","","","","","","","","","","","","","","","","","","","","","","","","","","","","","","","","","","","","","",""
"PreservedSpecimen","false","Gal-II-1222","","","Galathea II","","","1750","","","","","","","","14.3666","120.75","1951-07-10 00:00:00.0000000","Phascolosomatidae","1645","","Phascolosoma","136029","","","","","","","","","","ZMUC","","Animalia","2","","","Manila Bay, Phillipines","","true","","","urn:catalog:ZMUC:Galathea II:Gal-II-1222","","Sipuncula","1268","Annelida","882","","Galathea II Danish Deep Sea Expedition 1950-52","Phascolosoma (Phascolosoma) nigrescens","Keferstein 1865","Phascolosoma (Phascolosoma) nigrescens","220538","nigrescens","","","","","","","","","","","","","","","","","","e00337d2-d21c-41c1-a49f-04341b0f707c","4b8ea120-4859-4645-a834-cc5b34c8416c","[""4bf79a01-65a9-4db6-b37b-18434f26ddfc""]","false","false","Phascolosoma nigrescens","220538","[]","10","3837","28.51","31.51","","","21","","","15","","","21","21","","","","","","","","","","","","","","","","2009-09-30 00:00:00.0000000","","","","","","","","","","","","","","","","","","","","","","","","","","","","","","","","","","","","","","","","","","","","","","","","","","","37",". Record published in http://www.zmuc.dk/InverWeb/","Phascolosoma (Phascolosoma)","410752","","",""
"PreservedSpecimen","false","32861","Teleostei","293496","ICH","http://grscicoll.org/institutional-collection/cas-ichthyology","Pacific Ocean","3131","Philippines","1986","-189388800000","-189388800000","-189388800000","1964","1","14.245076","120.610974","1964-01-01","Platycephalidae","125593","Z32861","Rogadius","204376","","Polygon covers Limbones Cove. Coordinates placed at center of polygon.","Animalia, Chordata, Actinopteri, Perciformes, Scorpaenoidei, Platycephalidae","Pacific Ocean, Indo-West Pacific","L. W. Knapp","","","","","CAS","http://grscicoll.org/institution/california-academy-sciences","Animalia","2","en","https://creativecommons.org/publicdomain/zero/1.0/","South of Manila Bay; E side of Limbones Cove","","true","1","ICZN","urn:catalog:CAS:ICH:32861","","Perciformes","11014","Chordata","1821","alcohol-75% EtOH","Norton, J. E.","Rogadius asper","(Cuvier 1829)","Rogadius asper","218150","asper","1","","","","","","Biota","1","","","","","species","Physical Object","14.245076°","120.610974°","1964","e116a18a-f3fa-4f47-99c4-672466f6470f","d6af0fac-8a21-4d77-8872-f10d471fc0cf","[""b7c47783-a020-4173-b390-7b57c4fa1426""]","false","false","Rogadius asper","218150","[]","25","1307","","","","","36.575","Actinopterygii","10194","2","Gnathostomata","1828","47.55","25.6","Osteichthyes","152352","","","","Vertebrata","146419","Actinopteri","843664","","","","","","","","5","","","","","","","","","","","","","Scorpaenoidei","154247","","","","","","14-26 fa","FishNet Collaborative Georeferencing Project","","","","","","","","","","","Luzon I.","","","","","","","","TRAWL","","","","","","","","","","","","","","","",""
"HumanObservation","false","1524389","Asteroidea","123080","Observations","","","","","2015-12-07T21:26:54Z","1431734400000","1431734400000","1431734400000","2015","","14.2897","120.7168","2015-05-16","Ophidiasteridae","123137","","Linckia","178186","EPSG:4326","","","","echinoblog","Neoasteroidea","1562576","","","iNaturalist","","Animalia","2","","https://creativecommons.org/licenses/by-nc/4.0/","","","true","","","http://www.inaturalist.org/observations/1524389","sea animals","Valvatida","123090","Echinodermata","1806","","Louella Villanueva","Linckia laevigata","","Linckia laevigata","207610","","","Cavite","Ambuloasteroidea","1562575","","","Biota","1","","","Valvatacea","582528","species","","","","","e503607b-8a91-4a53-a201-a4f28a037a5e","eaea291a-1e1d-4382-b86f-ac3cc15b8d5a","[""f92d5d7f-47a6-4605-9fd0-a8538dfde3fd""]","false","false","Linckia laevigata","207610","[""NO_DEPTH"",""ON_LAND""]","-10","-579","28.48","31.6","","","","","","","","","","","","","urn:lsid:marinespecies.org:taxname:207610","","","Asterozoa","148743","","","","","","","","2015-05-16","2017-02-24T06:46:46Z","","PH","iNaturalist research-grade observations","","4536558","urn:lsid:marinespecies.org:taxname:207610","https://www.inaturalist.org/observations/1524389","Louella Villanueva","57745","Ternate, PH-CV, PH","","","","","","","","","","","","","","","","","","","","","","","","","","","","","","","","","","","","","","","","","","","","","","",""
"HumanObservation","","113072272","","","Observations","","","30968","","2022-04-27T09:55:45Z","1637971200000","1637971200000","1637971200000","2021","","14.2054823155","120.6514392594","2021-11-27T22:18:39+08:00","Cheloniidae","136999","","Lepidochelys","137069","EPSG:4326","","","","Mark David","","","","","iNaturalist","","Animalia","2","","https://creativecommons.org/licenses/by-nc/4.0/","","","true","","","https://www.inaturalist.org/observations/113072272","","Testudines","2689","Chordata","1821","","Mark David","Lepidochelys olivacea","","Lepidochelys olivacea","220293","","","Cavite","","","","","Biota","1","Chelonioidea","987094","","","species","","","","","e5e9c35c-57a8-4fb7-a750-482b43b3b74d","eaea291a-1e1d-4382-b86f-ac3cc15b8d5a","[""f92d5d7f-47a6-4605-9fd0-a8538dfde3fd""]","false","false","Lepidochelys olivacea","220293","[""NO_DEPTH"",""ON_LAND""]","-212","-3558","","","","","","","","","Gnathostomata","1828","","","","","urn:lsid:marinespecies.org:taxname:220293","","","Vertebrata","146419","Reptilia","1838","","","true","","","2021-11-27 22:18:39+08:00","2022-05-02T12:26:58Z","","PH","iNaturalist research-grade observations","22:18:39+08:00","252886899","urn:lsid:marinespecies.org:taxname:220293","https://www.inaturalist.org/observations/113072272","Mark David","39670","Philippines","","","","Cryptodira","148741","","","","","","","","","","","","Coordinate uncertainty increased to 30968m to protect threatened taxon","","","","Tetrapoda","1831","","","","","","","","VU","","","","","","","","","","","","","","","","",""
"PreservedSpecimen","false","DMNS:Inv:28201","Gastropoda","101","Invertebrates","https://arctos.database.museum/collection/DMNS:Inv","","3036","Philippines","2018-05-15","","","","","","14.493288","120.90335","","Bursidae","22995","","Bufonaria","206366","World Geodetic System 1984","","Biota, Animalia, Mollusca, Gastropoda, Caenogastropoda, Littorinimorpha, Tonnoidea, Bursidae, Bufonaria, Bufonaria cavitensis","Philippines, Cavite","Hikari Fritz","","","","","DMNS","DMNS","Animalia","2","en","https://creativecommons.org/licenses/by-nc/3.0","Manila Bay, Cavite","","true","","","https://arctos.database.museum/guid/DMNS:Inv:28201","","Littorinimorpha","382213","Mollusca","51","shell","Collector(s): unknown","Bufonaria cavitensis","","Bufonaria cavitensis","476437","","","Cavite","Caenogastropoda","224570","","","Biota","1","Tonnoidea","14777","","","","PhysicalObject","","","","e7ed3af9-8f7a-445a-bc1d-33d1f5eb84ab","4a606f86-2e7b-44a3-b50d-3d55a887a11f","[""b7c47783-a020-4173-b390-7b57c4fa1426""]","false","false","Bufonaria cavitensis","476437","[""ON_LAND""]","-2","-351","28.52","31.48","","","7.5","","","1","","","10","5","","","urn:lsid:marinespecies.org:taxname:476437","","","","","","","","","","Schaake purchased most specimens between 1980 and 2011.  Purchased from Phillip Clover","","no verbatim date recorded","2025-10-11 10:54:00.013853","Richard Schaake collector number 1757","","","","","","","","","Caviti Pt., Manila Bay, Luzon, Philippines","","","","","","","","http://arctosdb.org/home/data/","","Richard Schaake 1757","","GeoLocate","","","5-10 meters mud/sand","[{""attribute_date"": ""2010-12-31"", ""attribute_type"": ""height"", ""attribute_units"": ""mm"", ""attribute_value"": ""65.5"", ""attribute_method"": null, ""attribute_remark"": ""from collector's catalog"", ""attribute_determiner"": {""agentID"": ""https://arctos.database.museum/agent/21304981"", ""agent_name"": ""Richard Schaake""}}, {""attribute_date"": null, ""attribute_type"": ""individual count"", ""attribute_units"": ""individuals"", ""attribute_value"": ""1"", ""attribute_method"": null, ""attribute_remark"": null, ""attribute_determiner"": {""agentID"": ""https://arctos.database.museum/agent/21263650"", ""agent_name"": ""Phyllis Sharp""}}]","","","","","","","","","","[{""made_date"": ""2018-05-15"", ""taxa_formula"": ""A"", ""taxon_concept"": null, ""scientific_name"": ""Bufonaria cavitensis"", ""identificationID"": ""https://arctos.database.museum/guid/DMNS:Inv:28201/IID13946539"", ""sensu_publication"": null, ""identification_taxa"": [{""taxon"": {""ftn"": ""Biota, Animalia, Mollusca, Gastropoda, Caenogastropoda, Littorinimorpha, Tonnoidea, Bursidae, Bufonaria, Bufonaria cavitensis"", ""name"": ""Bufonaria cavitensis"", ""ctrms"": [{""psn"": 1, ""typ"": ""superdomain"", ""term"": ""Biota""}, {""psn"": 2, ""typ"": ""kingdom"", ""term"": ""Animalia""}, {""psn"": 3, ""typ"": ""phylum"", ""term"": ""Mollusca""}, {""psn"": 4, ""typ"": ""class"", ""term"": ""Gastropoda""}, {""psn"": 5, ""typ"": ""subclass"", ""term"": ""Caenogastropoda""}, {""psn"": 6, ""typ"": ""order"", ""term"": ""Littorinimorpha""}, {""psn"": 7, ""typ"": ""superfamily"", ""term"": ""Tonnoidea""}, {""psn"": 8, ""typ"": ""family"", ""term"": ""Bursidae""}, {""psn"": 9, ""typ"": ""genus"", ""term"": ""Bufonaria""}, {""psn"": 10, ""typ"": ""species"", ""term"": ""Bufonaria cavitensis""}], ""nctrms"": [{""typ"": ""AphiaID"", ""term"": ""476437""}, {""typ"": ""authority"", ""term"": ""(Reeve, 1844)""}, {""typ"": ""citation"", ""term"": ""MolluscaBase eds. (2023). MolluscaBase. Bufonaria cavitensis (Reeve, 1844). Accessed through: World Register of Marine Species at: https://www.marinespecies.org/aphia.php?p=taxdetails&id=476437 on 2023-06-23""}, {""typ"": ""isBrackish"", ""term"": ""0""}, {""typ"": ""isFreshwater"", ""term"": ""0""}, {""typ"": ""isMarine"", ""term"": ""1""}, {""typ"": ""isTerrestrial"", ""term"": ""0""}, {""typ"": ""lsid"", ""term"": ""urn:lsid:marinespecies.org:taxname:476437""}, {""typ"": ""match_type"", ""term"": ""exact""}, {""typ"": ""modified"", ""term"": ""2021-12-24T21:25:13.167Z""}, {""typ"": ""parentNameUsageID"", ""term"": ""206366""}, {""typ"": ""rank"", ""term"": ""Species""}, {""typ"": ""scientificname"", ""term"": ""Bufonaria cavitensis""}, {""typ"": ""status"", ""term"": ""accepted""}, {""typ"": ""taxonRankID"", ""term"": ""220""}, {""typ"": ""url"", ""term"": ""https://www.marinespecies.org/aphia.php?p=taxdetails&id=476437""}, {""typ"": ""valid_AphiaID"", ""term"": ""476437""}, {""typ"": ""valid_authority"", ""term"": ""(Reeve, 1844)""}, {""typ"": ""valid_name"", ""term"": ""Bufonaria cavitensis""}], ""source"": ""WoRMS (via Arctos)"", ""classification_id"": ""https://arctos.database.museum/name/Bufonaria cavitensis#WoRMSviaArctos""}, ""taxon_id"": ""https://arctos.database.museum/name/Bufonaria cavitensis"", ""variable"": ""A""}], ""identification_order"": 1, ""identification_agents"": [{""agentID"": ""https://arctos.database.museum/agent/21302089"", ""agent_name"": ""Hikari Fritz""}], ""identification_remarks"": ""Legacy ID from dealer's label: Bursa crumena cavitensis (syn). ID confirmed by C. Fritz 15 May 2018."", ""identification_attributes"": [{""attribute_date"": null, ""attribute_type"": ""nature of identification"", ""attribute_units"": null, ""attribute_value"": ""revised taxonomy"", ""attribute_method"": null, ""attribute_remark"": null, ""attribute_determiner"": null}]}]","Legacy ID from dealer's label: Bursa crumena cavitensis (syn). ID confirmed by C. Fritz 15 May 2018.","","","","","wild","Hikari Fritz","2018-05-22 00:00:00","Hikari Fritz","decimal degrees","14.493288/120.90335","","","","","","","","GeoLocate","FORMER GEOGRAPHY: Asia, Philippines, Cavite, Philippine Islands, Luzon",""
"PreservedSpecimen","true","57162","Teleostei","293496","I","72","","","Philippines","","","","","","11","14.433333","120.833333","","Apogonidae","125518","","Jaydia","206779","","","","","","","","","","KAUM","","Animalia","2","","(CC-BY NC) 4.0","","","true","10","","FN2[31562004]:KAUM-72[273074:57162]","","Kurtiformes","1517499","Chordata","1821","","","Jaydia poeciloptera","","Jaydia poeciloptera","1059799","","","","","","","","","","","","","","","Collection","","","2013","ec41b996-6c93-40a1-acb0-794a3c6682a8","2891a788-9f30-4413-8f73-9e7686890e9d","[""dcb0c76d-46a1-4e07-9a69-98cf3fd67576""]","false","false","Apogon poecilopterus","1059799","[""NO_DEPTH""]","9","2199","28.52","31.38","","","","Actinopterygii","10194","","Gnathostomata","1828","","","Osteichthyes","152352","urn:lsid:marinespecies.org:taxname:273074","Apogoninae","267079","Vertebrata","146419","Actinopteri","843664","273074","","","","","","2016-03-14T23:19:11+09:00","","","KAUM","","","","","Tulane University","273074","","","","","","","","","Non-commercial use only","TU","30240540","0 meters","","","","","","","","","","","","","","","","","","","","","","","","","","","","","","","","","","","",""
"HumanObservation","","109732350","Bivalvia","105","Observations","","","25","","2022-07-14T08:33:08Z","1648425600000","1648425600000","1648425600000","2022","","14.3041102304","120.7257992774","2022-03-28T11:44:29+01:00","Veneridae","243","","Anomalodiscus","492478","EPSG:4326","","","","Gavin","Heteroconchia","1424949","","","iNaturalist","","Animalia","2","","https://creativecommons.org/licenses/by/4.0/","","","true","","","https://www.inaturalist.org/observations/109732350","","Venerida","217","Mollusca","51","","John P","Anomalodiscus squamosus","","Anomalodiscus squamosus","507445","","","Cavite","Autobranchia","1424948","Euheterodonta","382296","Biota","1","Veneroidea","14638","Imparidentia","869600","species","","","","","f01873ad-7053-4023-b912-8dcd3055cf58","eaea291a-1e1d-4382-b86f-ac3cc15b8d5a","[""f92d5d7f-47a6-4605-9fd0-a8538dfde3fd""]","false","false","Anomalodiscus squamosus","507445","[""NO_DEPTH"",""ON_LAND""]","-6","-73","28.48","31.6","","","","","","","","","","","","","urn:lsid:marinespecies.org:taxname:507445","Venerinae","152410","","","","","","","","","","2022-03-28 11:44:29","2023-12-29T03:57:03Z","","PH","iNaturalist research-grade observations","11:44:29+01:00","278940547","urn:lsid:marinespecies.org:taxname:507445","https://www.inaturalist.org/observations/109732350","John P","631140","Ternate, PH-CV, PH","","","","","","","","","","","","","","","","","","","","","","","","","","","","","","","","","","","","","","","","","","","","","","",""
"PreservedSpecimen","false","45860","Teleostei","293496","ICH","62","","24829","Philippines","","","","","","1","14.358786","120.760205","","Anthiadidae","1758484","","Pseudanthias","204513","","","","","","","","","","CAS","","Animalia","2","","(CC-BY NC) 4.0","","","true","10","","FN2[31196095]:CAS-62[312510:45860]","","Perciformes","11014","Chordata","1821","","Herre, Albert W.","Pseudanthias tuka","","Pseudanthias tuka","218272","","","","","","","","","","","","","","","Collection","","","1947","f132057b-db55-4173-9b72-de6740c89470","2891a788-9f30-4413-8f73-9e7686890e9d","[""dcb0c76d-46a1-4e07-9a69-98cf3fd67576""]","false","false","Mirolabrichthys tuka","218272","[""NO_DEPTH""]","8","2461","28.51","31.51","","","","Actinopterygii","10194","2","Gnathostomata","1828","","","Osteichthyes","152352","urn:lsid:marinespecies.org:taxname:312510","","","Vertebrata","146419","Actinopteri","843664","312510","","true","","","","51:00.0","","","CAS","","","","","Tulane University","312510","","","","","Percoidei","151751","","","Non-commercial use only","TU","31059893","","","","","","","","","","","","","Luzon I.","","","","","","","","","","","","","","","","","","","","","","","",""
"PreservedSpecimen","true","458159","Gastropoda","101","IZ","https://www.gbif.org/grscicoll/collection/5d4a63d3-e994-4b19-b592-e853a8e3b470","Asia","667","Philippines","","289526400000","289440000000","289353600000","1979","4","14.115468","120.612432","1979-03-04/06","Littorinidae","119","003115","","","WGS 84","Placed marker near Maya-maya Club, Given coordinates are located inland.","Animalia, Mollusca, Gastropoda, Caenogastropoda, Littorinimorpha, Littorinoidea, Littorinidae","Asia, North Pacific Ocean, Philippines, Luzon","","","","","","CAS","http://grscicoll.org/institution/california-academy-sciences","Animalia","2","en","https://creativecommons.org/publicdomain/zero/1.0/","Nasugbu, in front of the ""Maya-Maya Reef Club""","0573d53e-2598-11ed-aace-005056be1b7a","true","3","ICZN","urn:catalog:CAS:IZ:458159","Formerly IZ Acc. No. 970-M.","Littorinimorpha","382213","Mollusca","51","Fluid-75% EtOH(1)","Antonio J. Ferreira","Littorinidae","Children, 1834","","","","63","Batangas Province","Caenogastropoda","224570","","","Biota","1","Littorinoidea","14766","","","","Physical Object","14.115468","120.612432","1979","f5dc775d-a240-416d-abc7-46b793b78988","aa16d305-d413-4c4a-90be-b1ec3298d58d","[""b7c47783-a020-4173-b390-7b57c4fa1426""]","false","false","Littorinidae","119","[]","-3","15","28.43","31.84","","","0.61","","","","","","1.22","0","","","","","","","","","","","","true","Specimens in 2-8 oz. bottles and in very good condition.Original accession date 3 Apr 1979.","","4-6 Mar 1979","2026-06-08 08:50:37","","","","","","","","","","","65","","","","","","","","","","","","","","","","","","","","","","","","","","","","","","","","","","","","","","","","","","","","","",""
"HumanObservation","","33168040","Bivalvia","105","Observations","","","4000","","2025-03-02T00:45:54Z","347155200000","347155200000","347155200000","1981","","14.4791297","120.8894102994","1981-01-01T17:55:00-08:00","Donacidae","236","","Latona","511077","EPSG:4326","","","","amr_mn","Heteroconchia","1424949","","","iNaturalist","","Animalia","2","","https://creativecommons.org/licenses/by-nc/4.0/","","","true","","","https://www.inaturalist.org/observations/33168040","Collected by my father","Cardiida","869602","Mollusca","51","","Donna Pomeroy","Latona bicolor","","Latona bicolor","1760924","","","Cavite","Autobranchia","1424948","Euheterodonta","382296","Biota","1","Tellinoidea","14636","Imparidentia","869600","species","","","","","f7a88414-6453-41ce-8883-81328477b038","eaea291a-1e1d-4382-b86f-ac3cc15b8d5a","[""f92d5d7f-47a6-4605-9fd0-a8538dfde3fd""]","false","false","Latona bicolor","1760924","[""NO_DEPTH"",""ON_LAND""]","-1","-22","28.52","31.48","","","","","","","","","","","","","urn:lsid:marinespecies.org:taxname:1760924","","","","","","","","","","","","1981/01/01 5:55 PM -0800","2025-04-02T13:20:08Z","","PH","iNaturalist research-grade observations","17:55:00-08:00","597287517","urn:lsid:marinespecies.org:taxname:1760924","https://www.inaturalist.org/observations/33168040","Donna Pomeroy","1610898","Cavite City, Philippines","","","","","","","","","","","","","","","","","","","","","","","","","","","","","","","","","","","","","","","","","","","","","","",""
"PreservedSpecimen","","96196","Cephalopoda","11707","IZ","https://www.gbif.org/grscicoll/collection/5d4a63d3-e994-4b19-b592-e853a8e3b470","Asia","17050","Philippines","","","","","","","14.409493","120.838067","","Loliginidae","11734","026693","Loligo","138139","WGS 84","[no precise location] Cavite Province. Placed marker at the coast of Cavite.","Animalia, Mollusca, Cephalopoda, Coleoidea, Decapodiformes, Myopsida, Loliginidae","Asia, North Pacific Ocean, Philippines, Luzon","","","","","","CAS","http://grscicoll.org/institution/california-academy-sciences","Animalia","2","en","https://creativecommons.org/publicdomain/zero/1.0/","Cavite","05e07e99-2598-11ed-aace-005056be1b7a","true","","ICZN","urn:catalog:CAS:IZ:96196","Spec. notes: 2","Myopsida","11728","Mollusca","51","Fluid-75% EtOH(2)","Dr. Lung","Loligo","Lamarck, 1798","","","","","Cavite Province [= Cavite]","Coleoidea","11709","","","Biota","1","","","Decapodiformes","325342","","Physical Object","14.409493","120.838067","","f95ff8ff-bc3c-4744-9d05-2494baabbc57","aa16d305-d413-4c4a-90be-b1ec3298d58d","[""b7c47783-a020-4173-b390-7b57c4fa1426""]","false","false","Loligo","138139","[""NO_DEPTH""]","2","560","","","","","","","","","","","","","","","","","","","","","","","","","","","","","","","","","","","","","","","","","","","","","","","","","","","","","","","","","","","","","","","","","","","","","","","","","","","","","","","","","","","","",""
"PreservedSpecimen","false","695","Teleostei","293496","Fish","9","","1121686","Philippines","","","","","","7","14.107651","120.623249","","Kyphosidae","125540","","Girella","269217","","","","","","","","","","LACM","","Animalia","2","","(CC-BY NC) 4.0","","","true","3","","FN2[32535864]:LACM-9[280858:695]","","Centrarchiformes","1517557","Chordata","1821","","","Girella elevata","","Girella elevata","280858","","","","","","","","","","","","","","","Collection","","","1957","fb60f89c-53e8-4614-a51d-101cf92d0814","2891a788-9f30-4413-8f73-9e7686890e9d","[""dcb0c76d-46a1-4e07-9a69-98cf3fd67576""]","false","false","Girella elevata","280858","[""NO_DEPTH""]","-21","74","28.43","31.84","","","","Actinopterygii","10194","","Gnathostomata","1828","","","Osteichthyes","152352","urn:lsid:marinespecies.org:taxname:280858","Girellinae","151776","Vertebrata","146419","Actinopteri","843664","","","","","","","10/8/2018","","","LACM","","","","","Tulane University","280858","","","","","","","","","Non-commercial use only","TU","38003412","","","","","","","","","","","","","","","","","","","","","","","","","","","","","","","","","","","","",""
"PreservedSpecimen","false","32862","Teleostei","293496","ICH","http://grscicoll.org/institutional-collection/cas-ichthyology","Pacific Ocean","3131","Philippines","1980-09","-189388800000","-189388800000","-189388800000","1964","1","14.245076","120.610974","1964-01-01","Callionymidae","125522","JEN 1-I-64","Callionymus","125930","","Polygon covers Limbones Cove. Coordinates placed at center of polygon.","Animalia, Chordata, Actinopteri, Syngnathiformes, Callionymoidei, Callionymidae","Pacific Ocean, Indo-West Pacific","R. Fricke","","","","","CAS","http://grscicoll.org/institution/california-academy-sciences","Animalia","2","en","https://creativecommons.org/publicdomain/zero/1.0/","Luzon, S of Manila Bay, eastern side of Limbones Cove; high tide.","","true","1","ICZN","urn:catalog:CAS:ICH:32862","Orig. no. 5.","Callionymiformes","1517496","Chordata","1821","alcohol-75% EtOH","Norton, J. E.","Callionymus filamentosus","Valenciennes 1837","Callionymus filamentosus","126791","filamentosus","1","","","","","","Biota","1","","","","","species","Physical Object","14.245076°","120.610974°","1964","fcb8301b-87ea-419e-ae3b-1e04ca23a204","d6af0fac-8a21-4d77-8872-f10d471fc0cf","[""b7c47783-a020-4173-b390-7b57c4fa1426""]","false","false","Callionymus filamentosus","126791","[]","25","1307","","","","","36.575","Actinopterygii","10194","1","Gnathostomata","1828","47.55","25.6","Osteichthyes","152352","","","","Vertebrata","146419","Actinopteri","843664","","","true","Orig. no.5.","","","1995-02-16 00:00:00","","","","","","","","","","","","","","","","","","","","","14-26 fa","FishNet Collaborative Georeferencing Project","","","","","","","","","","","","","","","","","","","","","","","","","","","","","","","","","","",""
"PreservedSpecimen","","84989","Cephalopoda","11707","IZ","https://www.gbif.org/grscicoll/collection/5d4a63d3-e994-4b19-b592-e853a8e3b470","Asia","19200","Philippines","1991-10","-1011657600000","-1011657600000","-1011657600000","1937","11","14.147945","120.590675","1937-12-11","Octopodidae","11782","019198","Octopus","138268","WGS 84","[no precise location] Nasugbu, Batangas","Animalia, Mollusca, Cephalopoda, Coleoidea, Octopodiformes, Octopoda, Incirrata, Octopodoidea, Octopodidae","Asia, North Pacific Ocean, Philippines, Luzon Island","M. Norman","","","","","CAS","http://grscicoll.org/institution/california-academy-sciences","Animalia","2","en","https://creativecommons.org/publicdomain/zero/1.0/","Nasugbu","05b8f4a3-2598-11ed-aace-005056be1b7a","true","12","ICZN","urn:catalog:CAS:IZ:84989","Spec. notes: 4; NOTES:Identified as ""Octopus sp. 2.""","Octopoda","11718","Mollusca","51","Fluid-75% EtOH(4)","A.Wm.Chr.Th. Herre","Octopus","Cuvier, 1798","","","","345","Batangas Province","Coleoidea","11709","","","Biota","1","Octopodoidea","14672","Octopodiformes","325343","","Physical Object","14.147945","120.590675","1937","fd10c22d-e3cd-4cb7-94b3-fc235b74b316","aa16d305-d413-4c4a-90be-b1ec3298d58d","[""b7c47783-a020-4173-b390-7b57c4fa1426""]","false","false","Octopus","138268","[""NO_DEPTH""]","-3","493","28.43","31.84","","","","","","","","","","","","","","","","","","","","","","true","","","11 Dec 1937","","","","","","","","","","","","","","","Incirrata","11733","","","","","","","","","","","","","","","","","","","","","","","","","","","","","","","","","","","","","","","","","",""
"PreservedSpecimen","false","455383","Gastropoda","101","IZ","https://www.gbif.org/grscicoll/collection/5d4a63d3-e994-4b19-b592-e853a8e3b470","Asia","667","Philippines","","289526400000","289440000000","289353600000","1979","4","14.115468","120.612432","1979-03-04/06","Acmaeidae","114","003115","","","WGS 84","Placed marker near Maya-maya Club, Given coordinates are located inland.","Animalia, Mollusca, Gastropoda, Patellogastropoda, Lottioidea, Acmaeidae","Asia, North Pacific Ocean, Philippines, Luzon","","","","","","CAS","http://grscicoll.org/institution/california-academy-sciences","Animalia","2","en","https://creativecommons.org/publicdomain/zero/1.0/","Nasugbu, in front of the ""Maya-Maya Reef Club""","0573d53e-2598-11ed-aace-005056be1b7a","true","3","ICZN","urn:catalog:CAS:IZ:455383","Determination is Group No. 36-1-1: Acmaeidae, Lottiidae or Eoacmaeidae.","","","Mollusca","51","Fluid-75% EtOH(6)","Antonio J. Ferreira","Acmaeidae","Forbes, 1850","","","","63","Batangas Province","Patellogastropoda","382158","","","Biota","1","Lottioidea","391063","","","","Physical Object","14.115468","120.612432","1979","fdeca24f-bd8c-4cef-a5b3-4f53714272ac","aa16d305-d413-4c4a-90be-b1ec3298d58d","[""b7c47783-a020-4173-b390-7b57c4fa1426""]","false","false","Acmaeidae","114","[]","-3","15","28.43","31.84","","","0.61","","","","","","1.22","0","","","","","","","","","","","","","Specimens in 2-8 oz. bottles and in very good condition.Original accession date 3 Apr 1979.","","4-6 Mar 1979","2024-08-14 08:53:27","","","","","","","","","","","65","","","","","","","","","","","","","","","","","","","","","","","","","","","","","","","","","","","","","","","","","","","","","",""
"PreservedSpecimen","","103984","Octocorallia","1341","IZ","https://www.gbif.org/grscicoll/collection/5d4a63d3-e994-4b19-b592-e853a8e3b470","Asia","5729","Philippines","1995-04-01","794275200000","794275200000","794275200000","1995","4","14.170135","120.575502","1995-03-04","Sinulariidae","1749525","046286","Sinularia","205854","WGS 84","[needs verification] Hamilo Cove. Placed marker near Hamilo Point.","Animalia, Cnidaria, Anthozoa, Octocorallia, Alcyonacea, Alcyoniina, Alcyoniidae","Asia, North Pacific Ocean, Philippines, Luzon","G.C. Williams","","","","","CAS","http://grscicoll.org/institution/california-academy-sciences","Animalia","2","en","https://creativecommons.org/publicdomain/zero/1.0/","Nasugbu, Hamilo Cove, 14deg-10'N, 120 deg,33'E,","062693ea-2598-11ed-aace-005056be1b7a","true","3","ICZN","urn:catalog:CAS:IZ:103984","","Malacalcyonacea","1609357","Cnidaria","1267","Fluid-75% EtOH(1)","G.C. Williams","Sinularia","May, 1898","","","","63","Batangas Province","","","","","Biota","1","","","","","","Physical Object","14.170135","120.575502","1995","fe4abd78-4715-4f2d-9ec8-fbbc2722dc5a","aa16d305-d413-4c4a-90be-b1ec3298d58d","[""b7c47783-a020-4173-b390-7b57c4fa1426""]","false","false","Sinularia","205854","[]","-21","78","28.48","31.91","","","12.19","","","","","","","12.19","","","","","","Anthozoa","1292","","","","","","Water temp: 78deg F, Visibility 25-30'","","","","","","","","","","","","","","","","","","","","","","","","","","","","","","","","","","","","","","","","","","","","","","","","","","","","","","","","","","","",""
"PreservedSpecimen","","103903","Octocorallia","1341","IZ","https://www.gbif.org/grscicoll/collection/5d4a63d3-e994-4b19-b592-e853a8e3b470","Asia","5729","Philippines","","794275200000","794275200000","794275200000","1995","4","14.170135","120.575502","1995-03-04","Euplexauridae","1749534","046286","Euplexaura","204195","WGS 84","[needs verification] Hamilo Cove. Placed marker near Hamilo Point.","Animalia, Cnidaria, Anthozoa, Octocorallia, Alcyonacea, Holaxonia, Plexauridae","Asia, North Pacific Ocean, Philippines, Luzon","G.C. Williams","","","","","CAS","http://grscicoll.org/institution/california-academy-sciences","Animalia","2","en","https://creativecommons.org/publicdomain/zero/1.0/","Nasugbu, Hamilo Cove, 14deg-10'N, 120 deg,33'E,","062693ea-2598-11ed-aace-005056be1b7a","true","3","ICZN","urn:catalog:CAS:IZ:103903","","Malacalcyonacea","1609357","Cnidaria","1267","Fluid-75% EtOH(1)","G.C. Williams","Euplexaura","Verrill, 1869","","","","63","Batangas Province","","","","","Biota","1","","","","","","Physical Object","14.170135","120.575502","1995","feb3d6aa-b35a-42a9-ba77-fb2839f62d5b","aa16d305-d413-4c4a-90be-b1ec3298d58d","[""b7c47783-a020-4173-b390-7b57c4fa1426""]","false","false","Euplexaura","204195","[]","-21","78","28.48","31.91","","","12.19","","","","","","","12.19","","","","","","Anthozoa","1292","","","","","","Water temp: 78deg F, Visibility 25-30'","","","2026-09-08 12:00:15","","","","","","","","","","","","","","","","","","","","","","","","","","","","","","","","","","","","","","","","","","","","","","","","","","","","","","","","","cf."
"PreservedSpecimen","true","57161","Teleostei","293496","I","72","","","Philippines","","","","","","11","14.433333","120.833333","","Apogonidae","125518","","Jaydia","206779","","","","","","","","","","KAUM","","Animalia","2","","(CC-BY NC) 4.0","","","true","10","","FN2[31562003]:KAUM-72[273074:57161]","","Kurtiformes","1517499","Chordata","1821","","","Jaydia poeciloptera","","Jaydia poeciloptera","1059799","","","","","","","","","","","","","","","Collection","","","2013","fefadf1b-4562-4842-8e1e-31e5acad1ddb","2891a788-9f30-4413-8f73-9e7686890e9d","[""dcb0c76d-46a1-4e07-9a69-98cf3fd67576""]","false","false","Apogon poecilopterus","1059799","[""NO_DEPTH""]","9","2199","28.52","31.38","","","","Actinopterygii","10194","","Gnathostomata","1828","","","Osteichthyes","152352","urn:lsid:marinespecies.org:taxname:273074","Apogoninae","267079","Vertebrata","146419","Actinopteri","843664","273074","","","","","","2016-03-14T23:19:08+09:00","","","KAUM","","","","","Tulane University","273074","","","","","","","","","Non-commercial use only","TU","30240539","0 meters","","","","","","","","","","","","","","","","","","","","","","","","","","","","","","","","","","","",""