"associatedReferences","basisOfRecord","bibliographicCitation","brackish","catalogNumber","class","classid","collectionCode","country","date_end","date_mid","date_start","date_year","day","decimalLatitude","decimalLongitude","depth","eventDate","family","familyid","genus","genusid","gigaclass","gigaclassid","individualCount","infraphylum","infraphylumid","institutionCode","kingdom","kingdomid","locality","marine","maximumDepthInMeters","minimumDepthInMeters","month","order","orderid","parvphylum","parvphylumid","phylum","phylumid","scientificName","scientificNameID","species","speciesid","subfamily","subfamilyid","subphylum","subphylumid","superclass","superclassid","unaccepted","waterBody","wrims","year","id","dataset_id","node_id","dropped","absence","originalScientificName","aphiaID","flags","bathymetry","shoredistance","sst","sss","collectionID","continent","coordinateUncertaintyInMeters","dateIdentified","fieldNumber","georeferenceProtocol","georeferenceRemarks","higherClassification","higherGeography","identifiedBy","institutionID","language","license","modified","nomenclaturalCode","occurrenceID","otherCatalogNumbers","preparations","scientificNameAuthorship","specificEpithet","startDayOfYear","suborder","suborderid","superdomain","superdomainid","taxonRank","type","verbatimLatitude","verbatimLongitude","eventRemarks","eventTime","geodeticDatum","locationID","occurrenceRemarks","recordedBy","stateProvince","verbatimEventDate","infraclass","infraclassid","subclass","subclassid","subterclass","subterclassid","superfamily","superfamilyid","superorder","superorderid","typeStatus","countryCode","datasetName","identificationID","occurrenceStatus","references","rightsHolder","taxonID","verbatimLocality","accessRights","ownerInstitutionCode","recordNumber","verbatimDepth","infraorder","infraorderid","endDayOfYear","habitat","dynamicProperties","informationWithheld","lifeStage","sex","vitality","section","sectionid","subsection","subsectionid","megaclass","megaclassid","island","samplingProtocol","parvorder","parvorderid","degreeOfEstablishment","georeferenceSources","georeferencedBy","georeferencedDate","identificationRemarks","locationAccordingTo","locationRemarks","previousIdentifications","verbatimCoordinateSystem","verbatimCoordinates","islandGroup","materialSampleID","tribe","tribeid","category","identificationQualifier","coordinatePrecision","footprintWKT","vernacularName","datasetID","fieldNotes","subgenus","subgenusid"
"National Museum of Natural History, Smithsonian Institution","PreservedSpecimen","Department of Vertebrate Zoology, Research and Collections Information System, NMNH, Smithsonian Institution","false","171462.5271945","Teleostei","293496","Vertebrate Zoology; Fishes","Philippines","-1921708800000","-1921708800000","-1921708800000","1909","8","14.3000001907","120.699996948","22","1909-02-08T12:00:00Z","Apogonidae","125518","Ostorhinchus","297317","Actinopterygii","10194","9.0","Gnathostomata","1828","USNM","Animalia","2","Corregidor Lt., N. 74 Degrees W., 6.9 Miles, Manila Bay","true","22","22","2","Kurtiformes","1517499","Osteichthyes","152352","Chordata","1821","Ostorhinchus fasciatus","urn:lsid:marinespecies.org:taxname:209342","Ostorhinchus fasciatus","712656","Apogoninae","267079","Vertebrata","146419","Actinopteri","843664","209342","Pacific","true","1909","0283ab44-b1e8-4ed4-9e11-2cff048300aa","d6d6fe4c-425f-4ce7-bf28-7a6befaeb413","[""310922b4-9d0c-4de1-92d7-9b442d34765b""]","false","false","Apogon fasciatus","712656","[]","10","1370","28.48","31.6","","","","","","","","","","","","","","","","","","","","","","","","","","","","","","","","","","","","","","","","","","","","","","","","","","","","","","","","","","","","","","","","","","","","","","","","","","","","","","","","","","","","","","","","","","","","","","","","","","","","","",""
"","PreservedSpecimen","","false","51590","Teleostei","293496","SU(ICH)","Philippines","-405043200000","-405043200000","-405043200000","1957","2","14.107651","120.623249","","1957-03-02","Bovichtidae","151403","Bovichtus","234569","Actinopterygii","10194","1","Gnathostomata","1828","CAS","Animalia","2","tidepool, Forest Cave, outer coast","true","","","3","Perciformes","11014","Osteichthyes","152352","Chordata","1821","Bovichtus variegatus","","Bovichtus variegatus","279377","","","Vertebrata","146419","Actinopteri","843664","","","","1957","03315c39-2052-4349-886a-abe467aada40","d6af0fac-8a21-4d77-8872-f10d471fc0cf","[""b7c47783-a020-4173-b390-7b57c4fa1426""]","false","false","Bovichtus variegatus","279377","[""NO_DEPTH""]","-21","74","28.43","31.84","http://grscicoll.org/institutional-collection/cas-ichthyology","Pacific Ocean","1121686","1972","Z151590","FishNet Collaborative Georeferencing Project","Coordinates at Forest Cove. Error expanded to covers the rest of Philippines.","Animalia, Chordata, Actinopteri, Perciformes, Notothenioidei, Bovichtidae","Pacific Ocean, Indo-West Pacific","D. Wilson","http://grscicoll.org/institution/california-academy-sciences","en","https://creativecommons.org/publicdomain/zero/1.0/","1995-10-05 00:00:00","ICZN","urn:catalog:CAS:SU(ICH):51590","4A","alcohol-75% EtOH","(Richardson 1846)","variegatus","61","Notothenioidei","151728","Biota","1","species","Physical Object","14.107651°","120.623249°","","","","","","","","","","","","","","","","","","","","","","","","","","","","","","","","","","","","","","","","","","","","","","","","","","","","","","","","","","","","","","","","","","","","","","","","",""
"","PreservedSpecimen","","","103905","Octocorallia","1341","IZ","Philippines","794275200000","794275200000","794275200000","1995","4","14.170135","120.575502","12.190000000000001","1995-03-04","Acanthogorgiidae","125272","Acanthogorgia","125293","","","","","","CAS","Animalia","2","Nasugbu, Hamilo Cove, Hamilo Cove Point","true","16.76","7.62","3","Malacalcyonacea","1609357","","","Cnidaria","1267","Acanthogorgia","","","","","","Anthozoa","1292","","","293247","","","1995","03a3aa57-1eb4-48cb-addb-499955e973f7","aa16d305-d413-4c4a-90be-b1ec3298d58d","[""b7c47783-a020-4173-b390-7b57c4fa1426""]","false","false","Acalycigorgia","125293","[]","-21","78","28.48","31.91","https://www.gbif.org/grscicoll/collection/5d4a63d3-e994-4b19-b592-e853a8e3b470","Asia","5729","1995-04-01","046288","","[needs verification] Hamilo Cove. Placed marker near Hamilo Point.","Animalia, Cnidaria, Anthozoa, Octocorallia, Alcyonacea, Holaxonia, Acanthogorgiidae","Asia, North Pacific Ocean, Philippines, Luzon","G.C. Williams","http://grscicoll.org/institution/california-academy-sciences","en","https://creativecommons.org/publicdomain/zero/1.0/","","ICZN","urn:catalog:CAS:IZ:103905","","Fluid-75% EtOH(2)|Image(s)(1)","Kükenthal & Gorzawsky, 1908","","63","","","Biota","1","","Physical Object","14.170135","120.575502","Water temp: 78deg F, Visibility 15', ""murky"" conditions; Eleutherobia collected at 45 ft; many gorgonians (plexaurids).","4 Mar 1995","WGS 84","06269608-2598-11ed-aace-005056be1b7a","barnacles (CASIZ Cat# 103906) split from lot on 19 Sept 1995 by C.Mah","Gary C. Williams","Batangas Province","4 Mar 1995","","","","","","","","","","","","","","","","","","","","","","","","","","","","","","","","","","","","","","","","","","","","","","","","","","","","","","","","","","","","","","","","",""
"","PreservedSpecimen","","","104011","Octocorallia","1341","IZ","Philippines","794275200000","794275200000","794275200000","1995","4","14.170135","120.575502","12.19","1995-03-04","Nephtheidae","146762","Dendronephthya","206503","","","","","","CAS","Animalia","2","Nasugbu, Hamilo Cove, 14deg-10'N, 120 deg,33'E,","true","","12.19","3","Malacalcyonacea","1609357","","","Cnidaria","1267","Dendronephthya","","","","","","Anthozoa","1292","","","","","","1995","04e477ee-d98d-482e-889b-e187f5699ed0","aa16d305-d413-4c4a-90be-b1ec3298d58d","[""b7c47783-a020-4173-b390-7b57c4fa1426""]","false","false","Dendronephthya","206503","[]","-21","78","28.48","31.91","https://www.gbif.org/grscicoll/collection/5d4a63d3-e994-4b19-b592-e853a8e3b470","Asia","5729","1995-04-01","046286","","[needs verification] Hamilo Cove. Placed marker near Hamilo Point.","Animalia, Cnidaria, Anthozoa, Octocorallia, Alcyonacea, Alcyoniina, Nephtheidae","Asia, North Pacific Ocean, Philippines, Luzon","G.C. Williams","http://grscicoll.org/institution/california-academy-sciences","en","https://creativecommons.org/publicdomain/zero/1.0/","","ICZN","urn:catalog:CAS:IZ:104011","","Fluid-75% EtOH(3)","Kükenthal, 1905","","63","","","Biota","1","","Physical Object","14.170135","120.575502","Water temp: 78deg F, Visibility 25-30'","","WGS 84","062693ea-2598-11ed-aace-005056be1b7a","","G.C. Williams","Batangas Province","","","","","","","","","","","","","","","","","","","","","","","","","","","","","","","","","","","","","","","","","","","","","","","","","","","","","","","","","","","","","","","","","",""
"","PreservedSpecimen","","","103754","Gastropoda","101","IZ","Philippines","794275200000","794275200000","794275200000","1995","4","14.170135","120.575502","","1995-03-04","Tethydidae","23125","Melibe","138547","","","","","","CAS","Animalia","2","Hamilo Bay, Pinnacle Rock","true","","","3","Nudibranchia","1762","","","Mollusca","51","Melibe digitata","","Melibe digitata","388315","","","","","","","","","","1995","07ebda54-b053-4a6d-a74c-4047ba5a65f4","aa16d305-d413-4c4a-90be-b1ec3298d58d","[""b7c47783-a020-4173-b390-7b57c4fa1426""]","false","false","Melibe digitata","388315","[""NO_DEPTH""]","-21","78","28.48","31.91","https://www.gbif.org/grscicoll/collection/5d4a63d3-e994-4b19-b592-e853a8e3b470","Asia","5729","2003-07-31","046509","","[needs verification] Hamilo Bay. Placed marker near Hamilo Point.","Animalia, Mollusca, Gastropoda, Heterobranchia, Euthyneura, Ringipleura, Nudipleura, Nudibranchia, Cladobranchia, Dendronotoidea, Tethydidae","Asia, North Pacific Ocean, Philippines, Luzon Island","Terrence M. Gosliner and Victor G. Smith","http://grscicoll.org/institution/california-academy-sciences","en","https://creativecommons.org/publicdomain/zero/1.0/","","ICZN","urn:catalog:CAS:IZ:103754","","Fluid-75% EtOH(6)|Image(s)(1)","Gosliner & V. G. Smith, 2003","digitata","63","Dendronotina","404961","Biota","1","species","Physical Object","14.170135","120.575502","","","WGS 84","062799b5-2598-11ed-aace-005056be1b7a","one specimen dissected. previously identified as """"Melibe"" sp. digitate"", 5 specimens.","T.M. Gosliner","Batangas Province","","Euthyneura","1057247","Heterobranchia","14712","Ringipleura","1057249","Dendronotoidea","182","Nudipleura","411966","PARATYPE","","","","","","","","","","","","","","","","","","","","","","","","","","","","","","","","","","","","","","","","","","","","","","","","","","","","","",""
"","HumanObservation","","false","37678123","Teleostei","293496","Observations","","1458691200000","1458691200000","1458691200000","2016","","14.120535323","120.6055988417","","2016-03-23T18:35:00+00:00","Soleidae","125581","Aseraggodes","268394","Actinopterygii","10194","","Gnathostomata","1828","iNaturalist","Animalia","2","","true","","","","Pleuronectiformes","10331","Osteichthyes","152352","Chordata","1821","Aseraggodes albidus","urn:lsid:marinespecies.org:taxname:398685","Aseraggodes albidus","398685","","","Vertebrata","146419","Actinopteri","843664","","","","","0ae2b285-f55f-4be1-bd52-13bc465d007c","eaea291a-1e1d-4382-b86f-ac3cc15b8d5a","[""f92d5d7f-47a6-4605-9fd0-a8538dfde3fd""]","false","false","Aseraggodes albidus","398685","[""NO_DEPTH""]","-19","35","28.43","31.84","","","8","2020-01-17T12:36:12Z","","","","","","Jim Greenfield","","","https://creativecommons.org/licenses/by-nc/4.0/","2026-05-04T09:07:43Z","","https://www.inaturalist.org/observations/37678123","","","","","","","","Biota","1","species","","","","","18:35:00+00:00","EPSG:4326","","","Jim Greenfield","Batangas","2016/03/23 6:35 PM GMT","","","","","","","","","","","","PH","iNaturalist research-grade observations","83978833","urn:lsid:marinespecies.org:taxname:398685","https://www.inaturalist.org/observations/37678123","Jim Greenfield","620959","Nasugbu, Batangas, Philippines","","","","","","","","","","","","","","","","","","","","","","","","","","","","","","","","","","","","","","","","","","","","","",""
"","PreservedSpecimen","","","103749","Gastropoda","101","IZ","Philippines","794275200000","794275200000","794275200000","1995","4","14.170135","120.575502","","1995-03-04","Plakobranchidae","411960","Thuridilla","137929","","","","","","CAS","Animalia","2","Hamilo Bay, The Head","true","","","3","","","","","Mollusca","51","Thuridilla albopustulosa","","Thuridilla albopustulosa","494488","","","","","","","","","","1995","0bca885e-e2c1-4987-afcc-04212fd6e21f","aa16d305-d413-4c4a-90be-b1ec3298d58d","[""b7c47783-a020-4173-b390-7b57c4fa1426""]","false","false","Thuridilla albopustulosa","494488","[""NO_DEPTH""]","-21","78","28.48","31.91","https://www.gbif.org/grscicoll/collection/5d4a63d3-e994-4b19-b592-e853a8e3b470","Asia","5729","1995-03-04","046532","","[needs verification] Hamilo Bay. Placed marker near Hamilo Point.","Animalia, Mollusca, Gastropoda, Heterobranchia, Euthyneura, Tectipleura, Sacoglossa, Plakobranchoidea, Plakobranchidae","Asia, North Pacific Ocean, Philippines, Luzon Island","T.M. Gosliner","http://grscicoll.org/institution/california-academy-sciences","en","https://creativecommons.org/publicdomain/zero/1.0/","","ICZN","urn:catalog:CAS:IZ:103749","","Fluid-75% EtOH(1)|Image(s)(1)","Gosliner, 1995","albopustulosa","63","","","Biota","1","species","Physical Object","14.170135","120.575502","","","WGS 84","062342d9-2598-11ed-aace-005056be1b7a","","Mel Segarra","Batangas Province","","Euthyneura","1057247","Heterobranchia","14712","Tectipleura","1057250","Plakobranchoidea","411959","Sacoglossa","167","","","","","","","","","","","","","","","","","","","","","","","","","","","","","","","","","","","","","","","","","","","","","","","","","","","","","","",""
"","PreservedSpecimen","","true","57153","Teleostei","293496","I","Philippines","","","","","11","14.433333","120.833333","","","Apogonidae","125518","Jaydia","206779","Actinopterygii","10194","","Gnathostomata","1828","KAUM","Animalia","2","","true","","","10","Kurtiformes","1517499","Osteichthyes","152352","Chordata","1821","Jaydia poeciloptera","urn:lsid:marinespecies.org:taxname:273074","Jaydia poeciloptera","1059799","Apogoninae","267079","Vertebrata","146419","Actinopteri","843664","273074","","","2013","0fed35cf-dbcc-4a2f-884e-723d33f3c2f9","2891a788-9f30-4413-8f73-9e7686890e9d","[""dcb0c76d-46a1-4e07-9a69-98cf3fd67576""]","false","false","Apogon poecilopterus","1059799","[""NO_DEPTH""]","9","2199","28.52","31.38","72","","","","","","","","","","","","(CC-BY NC) 4.0","2016-03-14T23:18:42+09:00","","FN2[31561995]:KAUM-72[273074:57153]","","","","","","","","","","","Collection","","","","","","","","","","","","","","","","","","","","","","","KAUM","","","","Tulane University","273074","","Non-commercial use only","TU","30240531","0 meters","","","","","","","","","","","","","","","","","","","","","","","","","","","","","","","","","","","","","","","","","",""
"","PreservedSpecimen","","false","103788","Gastropoda","101","IZ","Philippines","794275200000","794275200000","794275200000","1995","4","14.170135","120.575502","","1995-03-04","Phyllidiidae","23093","Phyllidiella","206596","","","","","","CAS","Animalia","2","Hamilo Bay, Pinnacle Rock","true","","","3","Doridida","1829294","","","Mollusca","51","Phyllidiella","","","","","","","","","","","","","1995","10147ff4-c5c9-44a5-8780-bba7e5b33883","aa16d305-d413-4c4a-90be-b1ec3298d58d","[""b7c47783-a020-4173-b390-7b57c4fa1426""]","false","false","Phyllidiella","206596","[""NO_DEPTH""]","-21","78","28.48","31.91","https://www.gbif.org/grscicoll/collection/5d4a63d3-e994-4b19-b592-e853a8e3b470","Asia","5729","1995-03-04","046509","","[needs verification] Hamilo Bay. Placed marker near Hamilo Point.","Animalia, Mollusca, Gastropoda, Heterobranchia, Euthyneura, Ringipleura, Nudipleura, Nudibranchia, Doridina, Doridoidei, Phyllidioidea, Phyllidiidae","Asia, North Pacific Ocean, Philippines, Luzon Island","T.M. Gosliner","http://grscicoll.org/institution/california-academy-sciences","en","https://creativecommons.org/publicdomain/zero/1.0/","","ICZN","urn:catalog:CAS:IZ:103788","","Fluid-75% EtOH(1)|Image(s)(1)","Bergh, 1869","","63","","","Biota","1","","Physical Object","14.170135","120.575502","","","WGS 84","062799b5-2598-11ed-aace-005056be1b7a","identified as """"Phyllidiella"" sp. cf. ""P. rudmani"". original label erroneously reads ""ST 40 Ligpo"".","T.M. Gosliner","Batangas Province","","Euthyneura","1057247","Heterobranchia","14712","Ringipleura","1057249","Phyllidioidea","412563","Nudipleura","411966","","","","","","","","","","","","","","Doridoidei","246038","","","","","","","","","","","","","","","","","","","","","","","","","","","","","","","","","","","","","","","",""
"","PreservedSpecimen","","false","105882","Gastropoda","101","IZ","Philippines","794275200000","794275200000","794275200000","1995","4","14.170135","120.575502","","1995-03-04","Chromodorididae","23003","Chromodoris","137782","","","","","","CAS","Animalia","2","Hamilo Bay, The Head","true","","","3","Doridida","1829294","","","Mollusca","51","Chromodoris","","","","Chromodoridinae","1370610","","","","","","","true","1995","1646b7ed-8d55-4252-8812-b59bc382690b","aa16d305-d413-4c4a-90be-b1ec3298d58d","[""b7c47783-a020-4173-b390-7b57c4fa1426""]","false","false","Chromodoris","137782","[""NO_DEPTH""]","-21","78","28.48","31.91","https://www.gbif.org/grscicoll/collection/5d4a63d3-e994-4b19-b592-e853a8e3b470","Asia","5729","1995-03-04","046515","","[needs verification] Hamilo Bay. Placed marker near Hamilo Point.","Animalia, Mollusca, Gastropoda, Heterobranchia, Euthyneura, Ringipleura, Nudipleura, Nudibranchia, Doridina, Doridoidei, Chromodoridoidea, Chromodorididae, Chromodoridinae","Asia, North Pacific Ocean, Philippines, Luzon Island","T.M. Gosliner","http://grscicoll.org/institution/california-academy-sciences","en","https://creativecommons.org/publicdomain/zero/1.0/","","ICZN","urn:catalog:CAS:IZ:105882","","Fluid-75% EtOH(1)","Alder & Hancock, 1855","","63","","","Biota","1","","Physical Object","14.170135","120.575502","","","WGS 84","062342d9-2598-11ed-aace-005056be1b7a","identified as """"Chromodoris"" sp. ""purplatus"""". No original label. Split from CASIZ 105664. Locale confirmed by TMG.","D.W. Behrens","Batangas Province","","Euthyneura","1057247","Heterobranchia","14712","Ringipleura","1057249","Chromodoridoidea","1370609","Nudipleura","411966","","","","","","","","","","","","","","Doridoidei","246038","","","","","","","","","","","","","","","","","","","","","","","","","","","","","","","","","","","","","","","",""
"","PreservedSpecimen","","","103781","Gastropoda","101","IZ","Philippines","794275200000","794275200000","794275200000","1995","4","14.170135","120.575502","10","1995-03-04","Plakobranchidae","411960","Elysia","137928","","","","","","CAS","Animalia","2","Hamilo Bay, Pinnacle Rock","true","","10","3","","","","","Mollusca","51","Elysia ornata","","Elysia ornata","139682","","","","","","","","","true","1995","198f4b21-46b8-4f6e-926f-10c3758b0f0a","aa16d305-d413-4c4a-90be-b1ec3298d58d","[""b7c47783-a020-4173-b390-7b57c4fa1426""]","false","false","Elysia ornata","139682","[]","-21","78","28.48","31.91","https://www.gbif.org/grscicoll/collection/5d4a63d3-e994-4b19-b592-e853a8e3b470","Asia","5729","1995-03-04","046533","","[needs verification] Hamilo Bay. Placed marker near Hamilo Point.","Animalia, Mollusca, Gastropoda, Heterobranchia, Euthyneura, Tectipleura, Sacoglossa, Plakobranchoidea, Plakobranchidae","Asia, North Pacific Ocean, Philippines, Luzon Island","T.M. Gosliner","http://grscicoll.org/institution/california-academy-sciences","en","https://creativecommons.org/publicdomain/zero/1.0/","","ICZN","urn:catalog:CAS:IZ:103781","","Fluid-75% EtOH(1)","(Swainson, 1840)","ornata","63","","","Biota","1","species","Physical Object","14.170135","120.575502","","","WGS 84","0627b0de-2598-11ed-aace-005056be1b7a","original label erroneously reads ""Sta. 40 Ligpo"".","M.T. Ghiselin","Batangas Province","04 Mar 1995","Euthyneura","1057247","Heterobranchia","14712","Tectipleura","1057250","Plakobranchoidea","411959","Sacoglossa","167","","","","","","","","","","","","","","","","","","","","","","","","","","","","","","","","","","","","","","","","","","","","","","","","","","","","","","",""
"","PreservedSpecimen","","","103906","Thecostraca","22388","IZ","Philippines","794275200000","794275200000","794275200000","1995","4","14.170135","120.575502","12.190000000000001","1995-03-04","Balanidae","106057","Amphibalanus","415046","","","","","","CAS","Animalia","2","Nasugbu, Hamilo Cove, Hamilo Cove Point","true","16.76","7.62","3","Balanomorpha","106039","","","Arthropoda","1065","Amphibalanus reticulatus","","Amphibalanus reticulatus","421140","Amphibalaninae","394026","Crustacea","1066","Multicrustacea","845959","","","true","1995","1bba3091-1f7a-4d6a-a713-4dc679d63812","aa16d305-d413-4c4a-90be-b1ec3298d58d","[""b7c47783-a020-4173-b390-7b57c4fa1426""]","false","false","Amphibalanus reticulatus","421140","[]","-21","78","28.48","31.91","https://www.gbif.org/grscicoll/collection/5d4a63d3-e994-4b19-b592-e853a8e3b470","Asia","5729","1996-05-22","046288","","[needs verification] Hamilo Cove. Placed marker near Hamilo Point.","Animalia, Arthropoda, Crustacea, Thecostraca, Cirripedia, Thoracica, Thoracicalcarea, Balanomorpha, Balanoidea, Balanidae, Amphibalaninae","Asia, North Pacific Ocean, Philippines, Luzon","R. Van Syoc","http://grscicoll.org/institution/california-academy-sciences","en","https://creativecommons.org/publicdomain/zero/1.0/","","ICZN","urn:catalog:CAS:IZ:103906","","Fluid-75% EtOH(1)","(Utinomi, 1967)","reticulatus","63","","","Biota","1","species","Physical Object","14.170135","120.575502","Water temp: 78deg F, Visibility 15', ""murky"" conditions; Eleutherobia collected at 45 ft; many gorgonians (plexaurids).","4 Mar 1995","WGS 84","06269608-2598-11ed-aace-005056be1b7a","","Gary C. Williams","Batangas Province","4 Mar 1995","Thoracica","1107","Cirripedia","1082","","","Balanoidea","106041","Thoracicalcarea","1422167","","","","","","","","","","","","","","","","","","","","","","","","","","","","","","","","","","","","","","","","","","","","","","","","","","","","","","",""
"","PreservedSpecimen","","","105648","Gastropoda","101","IZ","Philippines","794275200000","794275200000","794275200000","1995","4","14.170135","120.575502","12","1995-03-04","Chromodorididae","23003","Hypselodoris","137784","","","","","","CAS","Animalia","2","Hamilo Bay, The Head","true","","12","3","Doridida","1829294","","","Mollusca","51","Hypselodoris maritima","","Hypselodoris maritima","558302","Miamirinae","549835","","","","","","","","1995","1f83cf46-a5f5-40fa-ac71-a8b6fdb44abf","aa16d305-d413-4c4a-90be-b1ec3298d58d","[""b7c47783-a020-4173-b390-7b57c4fa1426""]","false","false","Hypselodoris maritima","558302","[]","-21","78","28.48","31.91","https://www.gbif.org/grscicoll/collection/5d4a63d3-e994-4b19-b592-e853a8e3b470","Asia","5729","1995-03-04","053071","","[needs verification] Hamilo Bay. Placed marker near Hamilo Point.","Animalia, Mollusca, Gastropoda, Heterobranchia, Euthyneura, Ringipleura, Nudipleura, Nudibranchia, Doridina, Doridoidei, Chromodoridoidea, Chromodorididae, Miamirinae","Asia, North Pacific Ocean, Philippines, Luzon Island","T.M. Gosliner","http://grscicoll.org/institution/california-academy-sciences","en","https://creativecommons.org/publicdomain/zero/1.0/","","ICZN","urn:catalog:CAS:IZ:105648","","Fluid-75% EtOH(1)|Image(s)(1)","(Baba, 1949)","maritima","63","","","Biota","1","species","Physical Object","14.170135","120.575502","","","WGS 84","06479131-2598-11ed-aace-005056be1b7a","formerly IZ Acc. No. 46511. Not cited by Epstein et al 2018.","T.M. Gosliner","Batangas Province","04 Mar 1995","Euthyneura","1057247","Heterobranchia","14712","Ringipleura","1057249","Chromodoridoidea","1370609","Nudipleura","411966","VOUCHER","","","","","","","","","","","","","Doridoidei","246038","","","","","","","","","","","","","","","","","","","","","","","","","","","","","","","","","","","","","","","",""
"","PreservedSpecimen","","false","51976","Teleostei","293496","ICH","Philippines","","","","","2","14.358786","120.760205","","","Nemipteridae","151459","Nemipterus","205457","Actinopterygii","10194","1","Gnathostomata","1828","CAS","Animalia","2","","true","","","10","Eupercaria incertae sedis","1517577","Osteichthyes","152352","Chordata","1821","Nemipterus balinensis","urn:lsid:marinespecies.org:taxname:278118","Nemipterus balinensis","278118","","","Vertebrata","146419","Actinopteri","843664","","","","1947","2440495a-808f-4884-a3ee-bba45f8d072c","2891a788-9f30-4413-8f73-9e7686890e9d","[""dcb0c76d-46a1-4e07-9a69-98cf3fd67576""]","false","false","Nemipterus balinensis","278118","[""NO_DEPTH""]","8","2461","28.51","31.51","62","","24829","","","","","","","","","","(CC-BY NC) 4.0","00:00.0","","FN2[31210302]:CAS-62[278118:51976]","","","","","","","","","","","Collection","","","","","","","","","","","","","","","","","","","","","","","CAS","","","","Tulane University","278118","","Non-commercial use only","TU","31078147","","","","","","","","","","","","","","","","","","","","","","","","","","","","","","","","","","","","","","","","","","",""
"","PreservedSpecimen","","true","203992","Gastropoda","101","IZ","Philippines","289526400000","289440000000","289353600000","1979","4","14.115468","120.612432","0.61","1979-03-04/06","Muricidae","148","","","","","","","","CAS","Animalia","2","Nasugbu, in front of the ""Maya-Maya Reef Club""","true","1.22","0","3","Neogastropoda","146","","","Mollusca","51","Muricidae","","","","","","","","","","","","true","1979","28429963-4878-4a43-a19e-73c051d634cf","aa16d305-d413-4c4a-90be-b1ec3298d58d","[""b7c47783-a020-4173-b390-7b57c4fa1426""]","false","false","Muricidae","148","[]","-3","15","28.43","31.84","https://www.gbif.org/grscicoll/collection/5d4a63d3-e994-4b19-b592-e853a8e3b470","Asia","667","","003115","","Placed marker near Maya-maya Club, Given coordinates are located inland.","Animalia, Mollusca, Gastropoda, Caenogastropoda, Neogastropoda, Muricoidea, Muricidae","Asia, North Pacific Ocean, Philippines, Luzon","","http://grscicoll.org/institution/california-academy-sciences","en","https://creativecommons.org/publicdomain/zero/1.0/","","ICZN","urn:catalog:CAS:IZ:203992","","Fluid-75% EtOH(2)","Rafinesque, 1815","","63","","","Biota","1","","Physical Object","14.115468","120.612432","Specimens in 2-8 oz. bottles and in very good condition.Original accession date 3 Apr 1979.","","WGS 84","0573d53e-2598-11ed-aace-005056be1b7a","","Antonio J. Ferreira","Batangas Province","4-6 Mar 1979","","","Caenogastropoda","224570","","","Muricoidea","15138","","","","","","","","","","","","","","","","","","65","","","","","","","","","","","","","","","","","","","","","","","","","","","","","","","","","","","","","","",""
"","PreservedSpecimen","","false","198580","Bivalvia","105","IZ","Philippines","289267200000","289267200000","289267200000","1979","3","14.409493","120.838067","0","1979-03-03","Pectinidae","213","","","","","","","","CAS","Animalia","2","55 km S of Manila, Ternate, from a small beach on cove near a river, at water's edge.","true","","0","3","Pectinida","387324","","","Mollusca","51","Pectinidae","","","","","","","","","","","","true","1979","28de0e57-8692-46a7-bffb-a3bcee013bf1","aa16d305-d413-4c4a-90be-b1ec3298d58d","[""b7c47783-a020-4173-b390-7b57c4fa1426""]","false","false","Pectinidae","213","[]","2","560","","","https://www.gbif.org/grscicoll/collection/5d4a63d3-e994-4b19-b592-e853a8e3b470","Asia","17050","","003118","","[no precise location] Cavite Province. Placed marker at the coast of Cavite.","Animalia, Mollusca, Bivalvia, Autobranchia, Pteriomorphia, Pectinida, Pectinoidea, Pectinidae","Asia, North Pacific Ocean, Philippines, Luzon","","http://grscicoll.org/institution/california-academy-sciences","en","https://creativecommons.org/publicdomain/zero/1.0/","","ICZN","urn:catalog:CAS:IZ:198580","","Fluid-75% EtOH(1)","Rafinesque, 1815","","62","","","Biota","1","","Physical Object","14.409493","120.838067","Specimens in 1-8 oz. bottle and in very good condition. Ecological data: murky water, a few stones at water's edge.Original accession date 5 Apr 1979.","","WGS 84","0573d704-2598-11ed-aace-005056be1b7a","","Antonio J. Ferreira","Cavite Province","3 Mar 1979","Pteriomorphia","206","Autobranchia","1424948","","","Pectinoidea","151320","","","","","","","","","","","","","","","","","","","rock","","","","","","","","","","","","","","","","","","","","","","","","","","","","","","","","","","","","","",""
"","PreservedSpecimen","","true","458187","Gastropoda","101","IZ","Philippines","289267200000","289267200000","289267200000","1979","3","14.409493","120.838067","0","1979-03-03","Littorinidae","119","","","","","","","","CAS","Animalia","2","55 km S of Manila, Ternate, from a small beach on cove near a river, at water's edge.","true","","0","3","Littorinimorpha","382213","","","Mollusca","51","Littorinidae","","","","","","","","","","","","true","1979","2901d90a-c60f-4a23-98db-04dffce7e73a","aa16d305-d413-4c4a-90be-b1ec3298d58d","[""b7c47783-a020-4173-b390-7b57c4fa1426""]","false","false","Littorinidae","119","[]","2","560","","","https://www.gbif.org/grscicoll/collection/5d4a63d3-e994-4b19-b592-e853a8e3b470","Asia","17050","","003118","","[no precise location] Cavite Province. Placed marker at the coast of Cavite.","Animalia, Mollusca, Gastropoda, Caenogastropoda, Littorinimorpha, Littorinoidea, Littorinidae","Asia, North Pacific Ocean, Philippines, Luzon","","http://grscicoll.org/institution/california-academy-sciences","en","https://creativecommons.org/publicdomain/zero/1.0/","2026-06-08 08:50:43","ICZN","urn:catalog:CAS:IZ:458187","","Fluid-75% EtOH(15)","Children, 1834","","62","","","Biota","1","","Physical Object","14.409493","120.838067","Specimens in 1-8 oz. bottle and in very good condition. Ecological data: murky water, a few stones at water's edge.Original accession date 5 Apr 1979.","","WGS 84","0573d704-2598-11ed-aace-005056be1b7a","Specimen count approximate. Formerly IZ Acc. No. 0970-P.","Antonio J. Ferreira","Cavite Province","3 Mar 1979","","","Caenogastropoda","224570","","","Littorinoidea","14766","","","","","","","","","","","","","","","","","","","rock","","","","","","","","","","","","","","","","","","","","","","","","","","","","","","","","","","","","","",""
"","HumanObservation","","","328594188","Hexacorallia","1340","Observations","","1489622400000","1489622400000","1489622400000","2017","","14.1242038871","120.6292283851","","2017-03-16","Fungiidae","196100","Heliofungia","206539","","","","","","iNaturalist","Animalia","2","","true","","","","Scleractinia","1363","","","Cnidaria","1267","Heliofungia actiniformis","urn:lsid:marinespecies.org:taxname:207362","Heliofungia actiniformis","207362","","","Anthozoa","1292","","","","","","","29c0b698-752d-40e6-8422-c2a95ca372a0","eaea291a-1e1d-4382-b86f-ac3cc15b8d5a","[""f92d5d7f-47a6-4605-9fd0-a8538dfde3fd""]","false","false","Heliofungia actiniformis","207362","[""NO_DEPTH"",""ON_LAND""]","-87","-1355","28.43","31.84","","","30981","2025-11-28T07:39:34Z","","","","","","Trizza Grail Sanchez","","","https://creativecommons.org/licenses/by-nc/4.0/","2026-01-30T00:45:50Z","","https://www.inaturalist.org/observations/328594188","","","","","","Vacatina","1517259","Biota","1","species","","","","","","EPSG:4326","","","Trizza Grail Sanchez","Batangas","2017-03-16","","","","","","","","","","","","PH","iNaturalist research-grade observations","731739480","urn:lsid:marinespecies.org:taxname:207362","https://www.inaturalist.org/observations/328594188","Trizza Grail Sanchez","102420","Philippines","","","","","","","","","{""evidenceOfPresence"":""organism""}","Coordinate uncertainty increased to 30981m to protect threatened taxon","adult","undetermined","alive","","","","","","","","","","","","","","","","","","","","","","","","","","","","","","","","",""
"","PreservedSpecimen","","true","444380","Malacostraca","1071","IZ","Philippines","289526400000","289440000000","289353600000","1979","4","14.115468","120.612432","0.61","1979-03-04/06","Xanthidae","106769","","","","","","","","CAS","Animalia","2","Nasugbu, in front of the ""Maya-Maya Reef Club""","true","1.22","0","3","Decapoda","1130","","","Arthropoda","1065","Xanthidae","","","","","","Crustacea","1066","Multicrustacea","845959","","","true","1979","2b7486de-385e-4acd-92ad-c66904f91857","aa16d305-d413-4c4a-90be-b1ec3298d58d","[""b7c47783-a020-4173-b390-7b57c4fa1426""]","false","false","Xanthidae","106769","[]","-3","15","28.43","31.84","https://www.gbif.org/grscicoll/collection/5d4a63d3-e994-4b19-b592-e853a8e3b470","Asia","667","","003115","","Placed marker near Maya-maya Club, Given coordinates are located inland.","Animalia, Arthropoda, Crustacea, Malacostraca, Eumalacostraca, Eucarida, Decapoda, Pleocyemata, Brachyura, Xanthoidea, Xanthidae","Asia, North Pacific Ocean, Philippines, Luzon","","http://grscicoll.org/institution/california-academy-sciences","en","https://creativecommons.org/publicdomain/zero/1.0/","2023-02-15 09:25:23","ICZN","urn:catalog:CAS:IZ:444380","","Fluid-75% EtOH(2)","MacLeay, 1838","","63","Pleocyemata","106670","Biota","1","","Physical Object","14.115468","120.612432","Specimens in 2-8 oz. bottles and in very good condition.Original accession date 3 Apr 1979.","","WGS 84","0573d53e-2598-11ed-aace-005056be1b7a","","Antonio J. Ferreira","Batangas Province","4-6 Mar 1979","","","Eumalacostraca","1086","","","Xanthoidea","106703","Eucarida","1089","","","","","","","","","","","","","","Brachyura","106673","65","","","","","","","Eubrachyura","106679","Heterotremata","106680","","","","","","","","","","","","","","","","","","","","","","","","","","","","",""
"","HumanObservation","","false","37678124","Teleostei","293496","Observations","","1458691200000","1458691200000","1458691200000","2016","","14.1205213959","120.6056034126","","2016-03-23T18:35:00+00:00","Soleidae","125581","Aseraggodes","268394","Actinopterygii","10194","","Gnathostomata","1828","iNaturalist","Animalia","2","","true","","","","Pleuronectiformes","10331","Osteichthyes","152352","Chordata","1821","Aseraggodes albidus","urn:lsid:marinespecies.org:taxname:398685","Aseraggodes albidus","398685","","","Vertebrata","146419","Actinopteri","843664","","","","","2c81dff6-8578-44b6-b956-6c79e2638d1c","eaea291a-1e1d-4382-b86f-ac3cc15b8d5a","[""f92d5d7f-47a6-4605-9fd0-a8538dfde3fd""]","false","false","Aseraggodes albidus","398685","[""NO_DEPTH""]","-19","36","28.43","31.84","","","2","2020-01-17T12:36:13Z","","","","","","Jim Greenfield","","","https://creativecommons.org/licenses/by-nc/4.0/","2026-05-04T09:08:21Z","","https://www.inaturalist.org/observations/37678124","","","","","","","","Biota","1","species","","","","","18:35:00+00:00","EPSG:4326","","","Jim Greenfield","Batangas","2016/03/23 6:35 PM GMT","","","","","","","","","","","","PH","iNaturalist research-grade observations","83978834","urn:lsid:marinespecies.org:taxname:398685","https://www.inaturalist.org/observations/37678124","Jim Greenfield","620959","Nasugbu, Batangas, Philippines","","","","","","","","","","","","","","","","","","","","","","","","","","","","","","","","","","","","","","","","","","","","","",""
"","PreservedSpecimen","","false","51752","Teleostei","293496","ICH","Philippines","-702172800000","-702172800000","-702172800000","1947","2","14.358786","120.760205","","1947-10-02","Nemipteridae","151459","Nemipterus","205457","Actinopterygii","10194","1","Gnathostomata","1828","CAS","Animalia","2","Manila Bay, off Cavite Prov.","true","","","10","Eupercaria incertae sedis","1517577","Osteichthyes","152352","Chordata","1821","Nemipterus zysron","","Nemipterus zysron","218519","","","Vertebrata","146419","Actinopteri","843664","218521","MANILA BAY","","1947","2db0e246-95b3-4193-aa2b-731b6c23e182","d6af0fac-8a21-4d77-8872-f10d471fc0cf","[""b7c47783-a020-4173-b390-7b57c4fa1426""]","false","false","Nemipterus metopias","218519","[""NO_DEPTH""]","8","2461","28.51","31.51","http://grscicoll.org/institutional-collection/cas-ichthyology","Pacific Ocean","24829","","2-X-47 CAVITE","FishNet Collaborative Georeferencing Project","Error covers Manila Bay off Cavite Province.","Animalia, Chordata, Actinopteri, Acanthuriformes, Nemipteridae","Pacific Ocean, Indo-West Pacific, Philippines","","http://grscicoll.org/institution/california-academy-sciences","en","https://creativecommons.org/publicdomain/zero/1.0/","1995-04-21 00:00:00","ICZN","urn:catalog:CAS:ICH:51752","UW 7743","alcohol-75% EtOH","","metopias","275","","","Biota","1","species","Physical Object","14.358786°","120.760205°","","","","","","","Cavite","","","","","","","","","","","","","","","","","","","","","","","","","","","","","","","","","","","","","","","","","","","","","","","","","","","","","","","","","","","","","","","","","",""
"National Museum of Natural History, Smithsonian Institution","PreservedSpecimen","Department of Invertebrate Zoology, Research and Collections Information System, NMNH, Smithsonian Institution. See: http://www.mnh.si.edu/rc/db/collection_db_policy1.html, 05-14-2010","false","E4937.357429","Echinoidea","123082","Invertebrate Zoology: Echinoderms","Philippines","-1939852800000","-1939852800000","-1939852800000","1908","13","14.1669998169","120.583000183","","1908-07-13T12:00:00Z","Echinometridae","179653","Echinometra","179659","","","1.0","","","USNM","Animalia","2","Luzon Island, Hamilo Point","true","","","7","Camarodonta","510518","","","Echinodermata","1806","Echinometra mathaei","urn:lsid:marinespecies.org:taxname:213383","Echinometra mathaei","213383","","","Echinozoa","148744","","","","North Pacific Ocean","","1908","2dc12851-7a12-4c0b-865a-8c361f076a55","89e23fc8-3f61-4480-9de3-358fe6eefe0b","[""310922b4-9d0c-4de1-92d7-9b442d34765b""]","false","false","Echinometra mathaei","213383","[""NO_DEPTH""]","-21","122","28.48","31.91","","","","","","","","","","Clark, A. H.","","","","","","","","Dry","(De Blainville)","","","","","","","","","","","","","","","","","Batangas","","Carinacea","510517","Euechinoidea","149854","Echinacea","149855","Odontophora","510604","","","","","","","","","","","","","","","","Echinidea","510534","","","observedindividualcount=1;","","","","","","","","","","","","","","","","","","","","","","","","","","","","","","","","","","","","",""
"","PreservedSpecimen","","false","103700","Gastropoda","101","IZ","Philippines","794275200000","794275200000","794275200000","1995","4","14.170135","120.575502","","1995-03-04","Aglajidae","22981","Mariaglaja","1055127","","","","","","CAS","Animalia","2","Hamilo Bay, The Head","true","","","3","Cephalaspidea","154","","","Mollusca","51","Mariaglaja inornata","","Mariaglaja inornata","1055243","","","","","","","550460","","","1995","3035b1c0-e37e-43c1-bdc2-9a88c95939a6","aa16d305-d413-4c4a-90be-b1ec3298d58d","[""b7c47783-a020-4173-b390-7b57c4fa1426""]","false","false","Chelidonura inornata","1055243","[""NO_DEPTH""]","-21","78","28.48","31.91","https://www.gbif.org/grscicoll/collection/5d4a63d3-e994-4b19-b592-e853a8e3b470","Asia","5729","1995-03-04","045955","","[needs verification] Hamilo Bay. Placed marker near Hamilo Point.","Animalia, Mollusca, Gastropoda, Heterobranchia, Euthyneura, Tectipleura, Cephalaspidea, Philinoidea, Aglajidae","Asia, North Pacific Ocean, Philippines, Luzon Island","T.M. Gosliner","http://grscicoll.org/institution/california-academy-sciences","en","https://creativecommons.org/publicdomain/zero/1.0/","","ICZN","urn:catalog:CAS:IZ:103700","","Fluid-75% EtOH(2)|Image(s)(1)","Baba, 1949","inornata","63","","","Biota","1","species","Physical Object","14.170135","120.575502","","","WGS 84","062342d9-2598-11ed-aace-005056be1b7a","","T.M. Gosliner","Batangas Province","04 Mar 1995","Euthyneura","1057247","Heterobranchia","14712","Tectipleura","1057250","Philinoidea","196322","","","","","","","","","","","","","","","","","","","","","","","","","","","","","","","","","","","","","","","","","","","","","","","","","","","","","","","","",""
"","PreservedSpecimen","","true","57155","Teleostei","293496","I","Philippines","","","","","11","14.433333","120.833333","","","Apogonidae","125518","Jaydia","206779","Actinopterygii","10194","","Gnathostomata","1828","KAUM","Animalia","2","","true","","","10","Kurtiformes","1517499","Osteichthyes","152352","Chordata","1821","Jaydia poeciloptera","urn:lsid:marinespecies.org:taxname:273074","Jaydia poeciloptera","1059799","Apogoninae","267079","Vertebrata","146419","Actinopteri","843664","273074","","","2013","30c4b828-f942-46a4-8285-abd231859aa8","2891a788-9f30-4413-8f73-9e7686890e9d","[""dcb0c76d-46a1-4e07-9a69-98cf3fd67576""]","false","false","Apogon poecilopterus","1059799","[""NO_DEPTH""]","9","2199","28.52","31.38","72","","","","","","","","","","","","(CC-BY NC) 4.0","2016-03-14T23:18:48+09:00","","FN2[31561997]:KAUM-72[273074:57155]","","","","","","","","","","","Collection","","","","","","","","","","","","","","","","","","","","","","","KAUM","","","","Tulane University","273074","","Non-commercial use only","TU","30240533","0 meters","","","","","","","","","","","","","","","","","","","","","","","","","","","","","","","","","","","","","","","","","",""
"","HumanObservation","","","340425389","Aves","1836","Observations","","1772150400000","1772150400000","1772150400000","2026","","14.1914230439","120.5993362041","","2026-02-27T09:34:21+08:00","Ardeidae","148747","Egretta","159113","","","","Gnathostomata","1828","iNaturalist","Animalia","2","","true","","","","Ciconiiformes","148746","","","Chordata","1821","Egretta garzetta","urn:lsid:marinespecies.org:taxname:159115","Egretta garzetta","159115","","","Vertebrata","146419","Reptilia","1838","","","","","31281d78-f1ca-4695-8e45-84d8f807a5d2","eaea291a-1e1d-4382-b86f-ac3cc15b8d5a","[""f92d5d7f-47a6-4605-9fd0-a8538dfde3fd""]","false","false","Egretta garzetta","159115","[""NO_DEPTH"",""ON_LAND""]","-13","-317","","","","","396","2026-02-27T11:12:46Z","","","","","","HB","","","https://creativecommons.org/licenses/by-nc/4.0/","2026-02-27T12:28:03Z","","https://www.inaturalist.org/observations/340425389","","","","","","","","Biota","1","species","","","","","09:34:21+08:00","EPSG:4326","","","ianlrzo","Batangas","2026-02-27 09:34:21","","","","","","","","","","","","PH","iNaturalist research-grade observations","767514177","urn:lsid:marinespecies.org:taxname:159115","https://www.inaturalist.org/observations/340425389","ianlrzo","4943","Miranda A, Nasugbu, Batangas, PH","","","","","","","","","","","","","","","","","","Tetrapoda","1831","","","","","","","","","","","","","","","","","","","","","","","","","","",""
"","PreservedSpecimen","","","105675","Gastropoda","101","IZ","Philippines","794275200000","794275200000","794275200000","1995","4","14.170135","120.575502","0.61","1995-03-04","Chromodorididae","23003","Mexichromis","224364","","","","","","CAS","Animalia","2","Hamilo Bay, back bay","true","","0.61","3","Doridida","1829294","","","Mollusca","51","Mexichromis multituberculata","","Mexichromis multituberculata","558673","Miamirinae","549835","","","","","","","","1995","31439178-3419-456c-87f3-d0a0d321ec56","aa16d305-d413-4c4a-90be-b1ec3298d58d","[""b7c47783-a020-4173-b390-7b57c4fa1426""]","false","false","Mexichromis multituberculata","558673","[]","-21","78","28.48","31.91","https://www.gbif.org/grscicoll/collection/5d4a63d3-e994-4b19-b592-e853a8e3b470","Asia","5729","1995-03-04","046514","","[needs verification] Hamilo Bay. Placed marker near Hamilo Point.","Animalia, Mollusca, Gastropoda, Heterobranchia, Euthyneura, Ringipleura, Nudipleura, Nudibranchia, Doridina, Doridoidei, Chromodoridoidea, Chromodorididae, Miamirinae","Asia, North Pacific Ocean, Philippines, Luzon Island","T.M. Gosliner","http://grscicoll.org/institution/california-academy-sciences","en","https://creativecommons.org/publicdomain/zero/1.0/","","ICZN","urn:catalog:CAS:IZ:105675","","Fluid-75% EtOH(1)|Image(s)(1)","(Baba, 1953)","multituberculata","63","","","Biota","1","species","Physical Object","14.170135","120.575502","snorkelling","","WGS 84","06279b22-2598-11ed-aace-005056be1b7a","","D.W. Behrens","Batangas Province","","Euthyneura","1057247","Heterobranchia","14712","Ringipleura","1057249","Chromodoridoidea","1370609","Nudipleura","411966","","","","","","","","","","","","","","Doridoidei","246038","","","","","","","","","","","","","","","","","","","","","","","","","","","","","","","","","","","","","","","",""
"","PreservedSpecimen","","false","51752","Teleostei","293496","ICH","Philippines","","","","","2","14.358786","120.760205","","","Nemipteridae","151459","Nemipterus","205457","Actinopterygii","10194","1","Gnathostomata","1828","CAS","Animalia","2","","true","","","10","Eupercaria incertae sedis","1517577","Osteichthyes","152352","Chordata","1821","Nemipterus zysron","urn:lsid:marinespecies.org:taxname:218521","Nemipterus zysron","218519","","","Vertebrata","146419","Actinopteri","843664","218521","","","1947","32acf166-ebb1-4a74-bb84-fd71ca70489d","2891a788-9f30-4413-8f73-9e7686890e9d","[""dcb0c76d-46a1-4e07-9a69-98cf3fd67576""]","false","false","Nemipterus metopias","218519","[""NO_DEPTH""]","8","2461","28.51","31.51","62","","24829","","","","","","","","","","(CC-BY NC) 4.0","43:23.0","","FN2[31210099]:CAS-62[218521:51752]","","","","","","","","","","","Collection","","","","","","","","","","","","","","","","","","","","","","","CAS","","","","Tulane University","218521","","Non-commercial use only","TU","31077923","","","","","","","","","","","","","","","","","","","","","","","","","","","","","","","","","","","","","","","","","","",""
"","PreservedSpecimen","","false","32860","Teleostei","293496","ICH","Philippines","","","","","1","14.245076","120.610974","","","Congridae","125427","Ariosoma","125622","Actinopterygii","10194","1","Gnathostomata","1828","CAS","Animalia","2","","true","","","1","Anguilliformes","10295","Osteichthyes","152352","Chordata","1821","Ariosoma","urn:lsid:marinespecies.org:taxname:125622","","","Bathymyrinae","151820","Vertebrata","146419","Actinopteri","843664","","","","1964","3649b20b-7c30-4c81-97c0-0598177f07ba","2891a788-9f30-4413-8f73-9e7686890e9d","[""dcb0c76d-46a1-4e07-9a69-98cf3fd67576""]","false","false","Ariosoma","125622","[""NO_DEPTH""]","25","1307","","","62","","3131","","","","","","","","","","(CC-BY NC) 4.0","53:30.0","","FN2[31166863]:CAS-62[125622:32860]","","","","","","","","","","","Collection","","","","","","","","Norton, J. E.","","","","","","","","","","","","","","","CAS","","","","Tulane University","125622","","Non-commercial use only","TU","31023075","14-26 fa","","","","","","","","","","","","","","","","","","","","","","","","","","","","","","","","","","","","","","","","","",""
"","PreservedSpecimen","","false","103737","Gastropoda","101","IZ","Philippines","794275200000","794275200000","794275200000","1995","4","14.170135","120.575502","","1995-03-04","Phyllidiidae","23093","Phyllidiopsis","138348","","","","","","CAS","Animalia","2","Hamilo Bay, Pinnacle Rock","true","","","3","Doridida","1829294","","","Mollusca","51","Phyllidiopsis annae","","Phyllidiopsis annae","536725","","","","","","","","","","1995","38b66f40-c550-4392-8846-ad7ad34302e3","aa16d305-d413-4c4a-90be-b1ec3298d58d","[""b7c47783-a020-4173-b390-7b57c4fa1426""]","false","false","Phyllidiopsis annae","536725","[""NO_DEPTH""]","-21","78","28.48","31.91","https://www.gbif.org/grscicoll/collection/5d4a63d3-e994-4b19-b592-e853a8e3b470","Asia","5729","1995-03-04","046509","","[needs verification] Hamilo Bay. Placed marker near Hamilo Point.","Animalia, Mollusca, Gastropoda, Heterobranchia, Euthyneura, Ringipleura, Nudipleura, Nudibranchia, Doridina, Doridoidei, Phyllidioidea, Phyllidiidae","Asia, North Pacific Ocean, Philippines, Luzon Island","T.M. Gosliner","http://grscicoll.org/institution/california-academy-sciences","en","https://creativecommons.org/publicdomain/zero/1.0/","","ICZN","urn:catalog:CAS:IZ:103737","","Fluid-75% EtOH(1)|Image(s)(2)","Brunckhorst, 1993","annae","63","","","Biota","1","species","Physical Object","14.170135","120.575502","","","WGS 84","062799b5-2598-11ed-aace-005056be1b7a","original label erroneously reads ""ST 40"".","T.M. Gosliner","Batangas Province","","Euthyneura","1057247","Heterobranchia","14712","Ringipleura","1057249","Phyllidioidea","412563","Nudipleura","411966","","","","","","","","","","","","","","Doridoidei","246038","","","","","","","","","","","","","","","","","","","","","","","","","","","","","","","","","","","","","","","",""
"","PreservedSpecimen","","false","82066","Teleostei","293496","ICH","Philippines","-700012800000","-700012800000","-700012800000","1947","27","14.245076","120.610974","43.89","1947-10-27","Exocoetidae","125452","Parexocoetus","125694","Actinopterygii","10194","1","Gnathostomata","1828","CAS","Animalia","2","Limbones Cove, w. Luzon.","true","","43.89","10","Beloniformes","10320","Osteichthyes","152352","Chordata","1821","Parexocoetus mento","","Parexocoetus mento","126388","","","Vertebrata","146419","Actinopteri","843664","","","true","1947","3a26e32c-b505-4f09-8370-83ed687db83c","d6af0fac-8a21-4d77-8872-f10d471fc0cf","[""b7c47783-a020-4173-b390-7b57c4fa1426""]","false","false","Parexocoetus mento","126388","[]","25","1307","","","http://grscicoll.org/institutional-collection/cas-ichthyology","Pacific Ocean","3131","1994-11","G-19","FishNet Collaborative Georeferencing Project","Polygon covers Limbones Cove. Coordinates placed at center of polygon.","Animalia, Chordata, Actinopteri, Beloniformes, Exocoetidae","Pacific Ocean, Indo-West Pacific","N. Parin","http://grscicoll.org/institution/california-academy-sciences","en","https://creativecommons.org/publicdomain/zero/1.0/","1994-11-28 00:00:00","ICZN","urn:catalog:CAS:ICH:82066","","alcohol-55% isopropanol","(Valenciennes 1847)","mento","300","","","Biota","1","species","Physical Object","14.245076°","120.610974°","Philippine Fishery Program","1730-2330","","","","","","","","","","","","","","","","","","","","","","","","","","","","","24 fa","","","","","","","","","","","","","","","","Luzon I.","night light","","","","","","","","","","","","","","","","","","","","","","","","",""
"","HumanObservation","","","33168035","Bivalvia","105","Observations","","347155200000","347155200000","347155200000","1981","","14.4791297","120.8894102994","","1981-01-01T17:55:00-08:00","Mytilidae","211","Septifer","181280","","","","","","iNaturalist","Animalia","2","","true","","","","Mytilida","210","","","Mollusca","51","Septifer bilocularis","urn:lsid:marinespecies.org:taxname:216632","Septifer bilocularis","216632","Septiferinae","510726","","","","","","","true","","3da611eb-a2f6-4be3-82f3-f34b3e3a18d9","eaea291a-1e1d-4382-b86f-ac3cc15b8d5a","[""f92d5d7f-47a6-4605-9fd0-a8538dfde3fd""]","false","false","Septifer bilocularis","216632","[""NO_DEPTH"",""ON_LAND""]","-1","-22","28.52","31.48","","","4000","2025-02-28T03:38:02Z","","","","","","amr_mn","","","https://creativecommons.org/licenses/by-nc/4.0/","2025-03-22T15:29:53Z","","https://www.inaturalist.org/observations/33168035","","","","","","","","Biota","1","species","","","","","17:55:00-08:00","EPSG:4326","","Collected by my father","Donna Pomeroy","Cavite","1981/01/01 5:55 PM -0800","Pteriomorphia","206","Autobranchia","1424948","","","Mytiloidea","491766","","","","PH","iNaturalist research-grade observations","596736089","urn:lsid:marinespecies.org:taxname:216632","https://www.inaturalist.org/observations/33168035","Donna Pomeroy","369211","Cavite City, Philippines","","","","","","","","","","","","","","","","","","","","","","","","","","","","","","","","","","","","","","","","","","","","","",""
"","PreservedSpecimen","","false","32861","Teleostei","293496","ICH","Philippines","","","","","1","14.245076","120.610974","","","Platycephalidae","125593","Rogadius","204376","Actinopterygii","10194","2","Gnathostomata","1828","CAS","Animalia","2","","true","","","1","Perciformes","11014","Osteichthyes","152352","Chordata","1821","Rogadius asper","urn:lsid:marinespecies.org:taxname:218150","Rogadius asper","218150","","","Vertebrata","146419","Actinopteri","843664","","","","1964","3dba867c-f43a-4582-a026-04784d9b9b54","2891a788-9f30-4413-8f73-9e7686890e9d","[""dcb0c76d-46a1-4e07-9a69-98cf3fd67576""]","false","false","Rogadius asper","218150","[""NO_DEPTH""]","25","1307","","","62","","3131","","","","","","","","","","(CC-BY NC) 4.0","00:00.0","","FN2[31166864]:CAS-62[218150:32861]","","","","","","Scorpaenoidei","154247","","","","Collection","","","","","","","","Norton, J. E.","","","","","","","","","","","","","","","CAS","","","","Tulane University","218150","","Non-commercial use only","TU","31023076","14-26 fa","","","","","","","","","","","","","","","","Luzon I.","","","","","","","","","","","","","","","","","","","","","","","","","",""
"","PreservedSpecimen","","","103984","Octocorallia","1341","IZ","Philippines","794275200000","794275200000","794275200000","1995","4","14.170135","120.575502","12.19","1995-03-04","Sinulariidae","1749525","Sinularia","205854","","","","","","CAS","Animalia","2","Nasugbu, Hamilo Cove, 14deg-10'N, 120 deg,33'E,","true","","12.19","3","Malacalcyonacea","1609357","","","Cnidaria","1267","Sinularia","","","","","","Anthozoa","1292","","","","","","1995","3e6b56db-a316-4874-8313-4a3fd305f9f0","aa16d305-d413-4c4a-90be-b1ec3298d58d","[""b7c47783-a020-4173-b390-7b57c4fa1426""]","false","false","Sinularia","205854","[]","-21","78","28.48","31.91","https://www.gbif.org/grscicoll/collection/5d4a63d3-e994-4b19-b592-e853a8e3b470","Asia","5729","1995-04-01","046286","","[needs verification] Hamilo Cove. Placed marker near Hamilo Point.","Animalia, Cnidaria, Anthozoa, Octocorallia, Alcyonacea, Alcyoniina, Alcyoniidae","Asia, North Pacific Ocean, Philippines, Luzon","G.C. Williams","http://grscicoll.org/institution/california-academy-sciences","en","https://creativecommons.org/publicdomain/zero/1.0/","","ICZN","urn:catalog:CAS:IZ:103984","","Fluid-75% EtOH(1)","May, 1898","","63","","","Biota","1","","Physical Object","14.170135","120.575502","Water temp: 78deg F, Visibility 25-30'","","WGS 84","062693ea-2598-11ed-aace-005056be1b7a","","G.C. Williams","Batangas Province","","","","","","","","","","","","","","","","","","","","","","","","","","","","","","","","","","","","","","","","","","","","","","","","","","","","","","","","","","","","","","","","","",""
"","PreservedSpecimen","","false","46386","Teleostei","293496","ICH","Philippines","","","","","2","14.358786","120.760205","","","Champsodontidae","151407","Champsodon","206066","Actinopterygii","10194","6","Gnathostomata","1828","CAS","Animalia","2","","true","","","10","Acropomatiformes","1517567","Osteichthyes","152352","Chordata","1821","Champsodon nudivittis","urn:lsid:marinespecies.org:taxname:312267","Champsodon nudivittis","220338","","","Vertebrata","146419","Actinopteri","843664","312267","","true","1947","40c8e439-f11f-44fe-bd81-6b7138c5314b","2891a788-9f30-4413-8f73-9e7686890e9d","[""dcb0c76d-46a1-4e07-9a69-98cf3fd67576""]","false","false","Champsodon arafurensis","220338","[""NO_DEPTH""]","8","2461","28.51","31.51","62","","24829","","","","","","","","","","(CC-BY NC) 4.0","08:04.0","","FN2[31198007]:CAS-62[312267:46386]","","","","","","","","","","","Collection","","","","","","","","Herre, Albert W.","","","","","","","","","","","","","","","CAS","","","","Tulane University","312267","","Non-commercial use only","TU","31062148","","","","","","","","","","","","","","","","","","","","","","","","","","","","","","","","","","","","","","","","","","",""
"","PreservedSpecimen","","","103851","Octocorallia","1341","IZ","Philippines","794275200000","794275200000","794275200000","1995","4","14.170135","120.575502","12.190000000000001","1995-03-04","Plexauridae","125277","","","","","","","","CAS","Animalia","2","Nasugbu, Hamilo Cove, Hamilo Cove Point","true","16.76","7.62","3","Malacalcyonacea","1609357","","","Cnidaria","1267","Plexauridae","","","","","","Anthozoa","1292","","","","","","1995","4260b845-3e4a-4d88-b0d7-9b0f1142be42","aa16d305-d413-4c4a-90be-b1ec3298d58d","[""b7c47783-a020-4173-b390-7b57c4fa1426""]","false","false","Plexauridae","125277","[]","-21","78","28.48","31.91","https://www.gbif.org/grscicoll/collection/5d4a63d3-e994-4b19-b592-e853a8e3b470","Asia","5729","","046288","","[needs verification] Hamilo Cove. Placed marker near Hamilo Point.","Animalia, Cnidaria, Anthozoa, Octocorallia, Alcyonacea, Holaxonia, Plexauridae","Asia, North Pacific Ocean, Philippines, Luzon","","http://grscicoll.org/institution/california-academy-sciences","en","https://creativecommons.org/publicdomain/zero/1.0/","","ICZN","urn:catalog:CAS:IZ:103851","","Fluid-75% EtOH(1)","Gray, 1859","","63","","","Biota","1","","Physical Object","14.170135","120.575502","Water temp: 78deg F, Visibility 15', ""murky"" conditions; Eleutherobia collected at 45 ft; many gorgonians (plexaurids).","4 Mar 1995","WGS 84","06269608-2598-11ed-aace-005056be1b7a","","Gary C. Williams","Batangas Province","4 Mar 1995","","","","","","","","","","","","","","","","","","","","","","","","","","","","","","","","","","","","","","","","","","","","","","","","","","","","","","","","","","","","","","","","",""
"","PreservedSpecimen","","false","51590","Teleostei","293496","SU","Philippines","","","","","2","14.107651","120.623249","","","Bovichtidae","151403","Bovichtus","234569","Actinopterygii","10194","1","Gnathostomata","1828","CAS","Animalia","2","","true","","","3","Perciformes","11014","Osteichthyes","152352","Chordata","1821","Bovichtus variegatus","urn:lsid:marinespecies.org:taxname:279377","Bovichtus variegatus","279377","","","Vertebrata","146419","Actinopteri","843664","","","","1957","4373516c-f35f-4163-97d4-c34d3be60117","2891a788-9f30-4413-8f73-9e7686890e9d","[""dcb0c76d-46a1-4e07-9a69-98cf3fd67576""]","false","false","Bovichtus variegatus","279377","[""NO_DEPTH""]","-21","74","28.43","31.84","62","","1121686","","","","","","","","","","(CC-BY NC) 4.0","00:00.0","","FN2[31141748]:CAS-62[279377:51590]","","","","","","Notothenioidei","151728","","","","Collection","","","","","","","","","","","","","","","","","","","","","","","CAS","","","","Tulane University","279377","","Non-commercial use only","TU","30986505","","","","","","","","","","","","","","","","","","","","","","","","","","","","","","","","","","","","","","","","","","",""
"","PreservedSpecimen","","","103695","Gastropoda","101","IZ","Philippines","794275200000","794275200000","794275200000","1995","4","14.170135","120.575502","","1995-03-04","Ovulidae","1747","Phenacovolva","205898","","","","","","CAS","Animalia","2","Hamilo Bay, The Head","true","","","3","Littorinimorpha","382213","","","Mollusca","51","Phenacovolva nectarea","","Phenacovolva nectarea","467630","Ovulinae","411686","","","","","","","","1995","46b95dd1-13b1-4a7b-b8a0-cc0328b0d97f","aa16d305-d413-4c4a-90be-b1ec3298d58d","[""b7c47783-a020-4173-b390-7b57c4fa1426""]","false","false","Phenacovolva tokioi","467630","[""NO_DEPTH""]","-21","78","28.48","31.91","https://www.gbif.org/grscicoll/collection/5d4a63d3-e994-4b19-b592-e853a8e3b470","Asia","5729","1995-03-04","045956","","[needs verification] Hamilo Bay. Placed marker near Hamilo Point.","Animalia, Mollusca, Gastropoda, Caenogastropoda, Littorinimorpha, Cypraeoidea, Ovulidae, Ovulinae","Asia, North Pacific Ocean, Philippines, Luzon Island","T.M. Gosliner","http://grscicoll.org/institution/california-academy-sciences","en","https://creativecommons.org/publicdomain/zero/1.0/","","ICZN","urn:catalog:CAS:IZ:103695","","Fluid-75% EtOH(1)|Image(s)(1)","C. N. Cate, 1973","tokioi","63","","","Biota","1","species","Physical Object","14.170135","120.575502","","","WGS 84","062342d9-2598-11ed-aace-005056be1b7a","found on ""Plexaura""","G.C. Williams","Batangas Province","","","","Caenogastropoda","224570","","","Cypraeoidea","14774","","","","","","","","","","","","","","","","","","","","","","","","","","","","","","","","","","","","","","","","","","","","","","","","","","","","","","","","",""
"","PreservedSpecimen","","true","792","Teleostei","293496","Fish","Philippines","","","","","2","14.107651","120.623249","","","Kyphosidae","125540","Girella","269217","Actinopterygii","10194","12","Gnathostomata","1828","LACM","Animalia","2","","true","","","3","Centrarchiformes","1517557","Osteichthyes","152352","Chordata","1821","Girella zebra","urn:lsid:marinespecies.org:taxname:280871","Girella zebra","280871","Girellinae","151776","Vertebrata","146419","Actinopteri","843664","","","","1952","47531543-66c1-4a54-96b7-15f44ede27c4","2891a788-9f30-4413-8f73-9e7686890e9d","[""dcb0c76d-46a1-4e07-9a69-98cf3fd67576""]","false","false","Girella zebra","280871","[""NO_DEPTH""]","-21","74","28.43","31.84","9","","1121686","","","","","","","","","","(CC-BY NC) 4.0","10/8/2018","","FN2[32535919]:LACM-9[280871:792]","","","","","","","","","","","Collection","","","","","","","","","","","","","","","","","","","","","","","LACM","","","","Tulane University","280871","","Non-commercial use only","TU","38003467","","","","","","","","","","","","","","","","","","","","","","","","","","","","","","","","","","","","","","","","","","",""
"","PreservedSpecimen","","","105677","Gastropoda","101","IZ","Philippines","794275200000","794275200000","794275200000","1995","4","14.170135","120.575502","","1995-03-04","Gastropteridae","23045","Sagaminopteron","531565","","","","","","CAS","Animalia","2","Hamilo Bay, The Head","true","","","3","Cephalaspidea","154","","","Mollusca","51","Sagaminopteron nigropunctatum","","Sagaminopteron nigropunctatum","599449","","","","","","","","","","1995","47fd4834-0b17-4b87-ac3d-efd824a3b356","aa16d305-d413-4c4a-90be-b1ec3298d58d","[""b7c47783-a020-4173-b390-7b57c4fa1426""]","false","false","Sagaminopteron nigropunctatum","599449","[""NO_DEPTH""]","-21","78","28.48","31.91","https://www.gbif.org/grscicoll/collection/5d4a63d3-e994-4b19-b592-e853a8e3b470","Asia","5729","1995-03-04","046511","","[needs verification] Hamilo Bay. Placed marker near Hamilo Point.","Animalia, Mollusca, Gastropoda, Heterobranchia, Euthyneura, Tectipleura, Cephalaspidea, Philinoidea, Gastropteridae","Asia, North Pacific Ocean, Philippines, Luzon Island","T.M. Gosliner","http://grscicoll.org/institution/california-academy-sciences","en","https://creativecommons.org/publicdomain/zero/1.0/","","ICZN","urn:catalog:CAS:IZ:105677","","Fluid-75% EtOH(1)|Image(s)(1)","Carlson & Hoff, 1973","nigropunctatum","63","","","Biota","1","species","Physical Object","14.170135","120.575502","","","WGS 84","062342d9-2598-11ed-aace-005056be1b7a","","T.M. Gosliner","Batangas Province","","Euthyneura","1057247","Heterobranchia","14712","Tectipleura","1057250","Philinoidea","196322","","","","","","","","","","","","","","","","","","","","","","","","","","","","","","","","","","","","","","","","","","","","","","","","","","","","","","","","",""
"","PreservedSpecimen","","false","455562","Gastropoda","101","IZ","Philippines","289267200000","289267200000","289267200000","1979","3","14.409493","120.838067","0","1979-03-03","Acmaeidae","114","","","","","","","","CAS","Animalia","2","55 km S of Manila, Ternate, from a small beach on cove near a river, at water's edge.","true","","0","3","","","","","Mollusca","51","Acmaeidae","","","","","","","","","","","","","1979","4a54fb70-73b2-477b-9f1d-3495bb52b0bd","aa16d305-d413-4c4a-90be-b1ec3298d58d","[""b7c47783-a020-4173-b390-7b57c4fa1426""]","false","false","Acmaeidae","114","[]","2","560","","","https://www.gbif.org/grscicoll/collection/5d4a63d3-e994-4b19-b592-e853a8e3b470","Asia","17050","","003118","","[no precise location] Cavite Province. Placed marker at the coast of Cavite.","Animalia, Mollusca, Gastropoda, Patellogastropoda, Lottioidea, Acmaeidae","Asia, North Pacific Ocean, Philippines, Luzon","","http://grscicoll.org/institution/california-academy-sciences","en","https://creativecommons.org/publicdomain/zero/1.0/","2024-08-29 12:23:57","ICZN","urn:catalog:CAS:IZ:455562","","Fluid-75% EtOH(10)","Forbes, 1850","","62","","","Biota","1","","Physical Object","14.409493","120.838067","Specimens in 1-8 oz. bottle and in very good condition. Ecological data: murky water, a few stones at water's edge.Original accession date 5 Apr 1979.","","WGS 84","0573d704-2598-11ed-aace-005056be1b7a","Determination is Group No. 36-1-1: Acmaeidae, Lottiidae or Eoacmaeidae. specimen count approximate.","Antonio J. Ferreira","Cavite Province","3 Mar 1979","","","Patellogastropoda","382158","","","Lottioidea","391063","","","","","","","","","","","","","","","","","","","rock","","","","","","","","","","","","","","","","","","","","","","","","","","","","","","","","","","","","","",""
"","PreservedSpecimen","","true","57159","Teleostei","293496","I","Philippines","","","","","11","14.433333","120.833333","","","Apogonidae","125518","Jaydia","206779","Actinopterygii","10194","","Gnathostomata","1828","KAUM","Animalia","2","","true","","","10","Kurtiformes","1517499","Osteichthyes","152352","Chordata","1821","Jaydia poeciloptera","urn:lsid:marinespecies.org:taxname:273074","Jaydia poeciloptera","1059799","Apogoninae","267079","Vertebrata","146419","Actinopteri","843664","273074","","","2013","4bd13014-0c9c-48c1-83d9-4a7854fe2c27","2891a788-9f30-4413-8f73-9e7686890e9d","[""dcb0c76d-46a1-4e07-9a69-98cf3fd67576""]","false","false","Apogon poecilopterus","1059799","[""NO_DEPTH""]","9","2199","28.52","31.38","72","","","","","","","","","","","","(CC-BY NC) 4.0","2016-03-14T23:19:01+09:00","","FN2[31562001]:KAUM-72[273074:57159]","","","","","","","","","","","Collection","","","","","","","","","","","","","","","","","","","","","","","KAUM","","","","Tulane University","273074","","Non-commercial use only","TU","30240537","0 meters","","","","","","","","","","","","","","","","","","","","","","","","","","","","","","","","","","","","","","","","","",""
"","PreservedSpecimen","","","105684","Gastropoda","101","IZ","Philippines","794275200000","794275200000","794275200000","1995","4","14.170135","120.575502","","1995-03-04","Actinocyclidae","196290","Hallaxa","531808","","","","","","CAS","Animalia","2","Hamilo Bay, The Head","true","","","3","Doridida","1829294","","","Mollusca","51","Hallaxa indecora","","Hallaxa indecora","582450","","","","","","","","","","1995","4dbf38bd-273b-462f-913d-c5ff521fdd20","aa16d305-d413-4c4a-90be-b1ec3298d58d","[""b7c47783-a020-4173-b390-7b57c4fa1426""]","false","false","Hallaxa indecora","582450","[""NO_DEPTH""]","-21","78","28.48","31.91","https://www.gbif.org/grscicoll/collection/5d4a63d3-e994-4b19-b592-e853a8e3b470","Asia","5729","1995-03-04","046511","","[needs verification] Hamilo Bay. Placed marker near Hamilo Point.","Animalia, Mollusca, Gastropoda, Heterobranchia, Euthyneura, Ringipleura, Nudipleura, Nudibranchia, Doridina, Doridoidei, Chromodoridoidea, Actinocyclidae","Asia, North Pacific Ocean, Philippines, Luzon Island","T.M. Gosliner","http://grscicoll.org/institution/california-academy-sciences","en","https://creativecommons.org/publicdomain/zero/1.0/","","ICZN","urn:catalog:CAS:IZ:105684","","Fluid-75% EtOH(1)|Image(s)(1)","(Bergh, 1905)","indecora","63","","","Biota","1","species","Physical Object","14.170135","120.575502","","","WGS 84","062342d9-2598-11ed-aace-005056be1b7a","identified as """"Hallaxa indecora"" purple"".","T.M. Gosliner","Batangas Province","","Euthyneura","1057247","Heterobranchia","14712","Ringipleura","1057249","Chromodoridoidea","1370609","Nudipleura","411966","","","","","","","","","","","","","","Doridoidei","246038","","","","","","","","","","","","","","","","","","","","","","","","","","","","","","","","","","","","","","","",""
"","PreservedSpecimen","","","171492","Bivalvia","105","IZ","Philippines","-142128000000","-142128000000","-142128000000","1965","1","14.409493","120.838067","3.5","1965-07-01","Lucinidae","218","","","","","","","","CAS","Animalia","2","Cavite","true","5","2","7","Lucinida","489106","","","Mollusca","51","Lucinidae","","","","","","","","","","","","true","1965","53fccd58-562f-4d1d-8fab-a0353735c609","aa16d305-d413-4c4a-90be-b1ec3298d58d","[""b7c47783-a020-4173-b390-7b57c4fa1426""]","false","false","Lucinidae","218","[]","2","560","","","https://www.gbif.org/grscicoll/collection/5d4a63d3-e994-4b19-b592-e853a8e3b470","Asia","17050","1965-07-01","069621","","[no precise location] Cavite Province. Placed marker at the coast of Cavite.","Animalia, Mollusca, Bivalvia, Autobranchia, Heteroconchia, Euheterodonta, Imparidentia, Lucinida, Lucinoidea, Lucinidae","Asia, North Pacific Ocean, Philippines, Luzon Island","P. de Mesa","http://grscicoll.org/institution/california-academy-sciences","en","https://creativecommons.org/publicdomain/zero/1.0/","","ICZN","urn:catalog:CAS:IZ:171492","","Dry-dry(2)","J. Fleming, 1828","","182","","","Biota","1","","Physical Object","14.409493","120.838067","","","WGS 84","0696bfb6-2598-11ed-aace-005056be1b7a","","P. de Mesa","Cavite [Province]","01 Jul 1965","Heteroconchia","1424949","Autobranchia","1424948","Euheterodonta","382296","Lucinoidea","14627","Imparidentia","869600","","","","","","","","","","","","","","","","","","","","","","","","","","","","","","","","","","","","","","","","","","","","","","","","","","","","","","",""
"","PreservedSpecimen","","false","105250","Malacostraca","1071","IZ","Philippines","794275200000","794275200000","794275200000","1995","4","14.170135","120.575502","12.190000000000001","1995-03-04","","","","","","","","","","CAS","Animalia","2","Nasugbu, Hamilo Cove, Hamilo Cove Point","true","16.76","7.62","3","Amphipoda","1135","","","Arthropoda","1065","Caprelloidea","","","","","","Crustacea","1066","Multicrustacea","845959","1206","","true","1995","56d952aa-b301-49ee-90b4-7a03546ba7b0","aa16d305-d413-4c4a-90be-b1ec3298d58d","[""b7c47783-a020-4173-b390-7b57c4fa1426""]","false","false","Caprellidea","196121","[]","-21","78","28.48","31.91","https://www.gbif.org/grscicoll/collection/5d4a63d3-e994-4b19-b592-e853a8e3b470","Asia","5729","","046288","","[needs verification] Hamilo Cove. Placed marker near Hamilo Point.","Animalia, Arthropoda, Crustacea, Malacostraca, Eumalacostraca, Peracarida, Amphipoda, Caprellidea","Asia, North Pacific Ocean, Philippines, Luzon","","http://grscicoll.org/institution/california-academy-sciences","en","https://creativecommons.org/publicdomain/zero/1.0/","","ICZN","urn:catalog:CAS:IZ:105250","","Fluid-75% EtOH(1)","Leach, 1814","","63","Senticaudata","719424","Biota","1","","Physical Object","14.170135","120.575502","Water temp: 78deg F, Visibility 15', ""murky"" conditions; Eleutherobia collected at 45 ft; many gorgonians (plexaurids).","4 Mar 1995","WGS 84","06269608-2598-11ed-aace-005056be1b7a","Split from the octocoral Acalycigorgia with sponge. GCW Field # 44.","Gary C. Williams","Batangas Province","4 Mar 1995","","","Eumalacostraca","1086","","","Caprelloidea","196121","Peracarida","1090","","","","","","","","","","","","","","Corophiida","719474","","","","","","","","","","","","","","","","Caprellidira","719478","","","","","","","","","","","","","","","","","","","","","","",""
"","PreservedSpecimen","","false","DMNS:Inv:28201","Gastropoda","101","Invertebrates","Philippines","","","","","","14.493288","120.90335","7.5","","Bursidae","22995","Bufonaria","206366","","","1","","","DMNS","Animalia","2","Manila Bay, Cavite","true","10","5","","Littorinimorpha","382213","","","Mollusca","51","Bufonaria cavitensis","urn:lsid:marinespecies.org:taxname:476437","Bufonaria cavitensis","476437","","","","","","","","","","","58de02a0-0544-47b6-a0ac-98c2f715d8c9","4a606f86-2e7b-44a3-b50d-3d55a887a11f","[""b7c47783-a020-4173-b390-7b57c4fa1426""]","false","false","Bufonaria cavitensis","476437","[""ON_LAND""]","-2","-351","28.52","31.48","https://arctos.database.museum/collection/DMNS:Inv","","3036","2018-05-15","","GeoLocate","","Biota, Animalia, Mollusca, Gastropoda, Caenogastropoda, Littorinimorpha, Tonnoidea, Bursidae, Bufonaria, Bufonaria cavitensis","Philippines, Cavite","Hikari Fritz","DMNS","en","https://creativecommons.org/licenses/by-nc/3.0","2025-10-11 10:54:00.013853","","https://arctos.database.museum/guid/DMNS:Inv:28201","Richard Schaake collector number 1757","shell","","","","","","Biota","1","","PhysicalObject","","","Schaake purchased most specimens between 1980 and 2011.  Purchased from Phillip Clover","","World Geodetic System 1984","","","Collector(s): unknown","Cavite","no verbatim date recorded","","","Caenogastropoda","224570","","","Tonnoidea","14777","","","","","","","","","","","Caviti Pt., Manila Bay, Luzon, Philippines","http://arctosdb.org/home/data/","","Richard Schaake 1757","","","","","5-10 meters mud/sand","[{""attribute_date"": ""2010-12-31"", ""attribute_type"": ""height"", ""attribute_units"": ""mm"", ""attribute_value"": ""65.5"", ""attribute_method"": null, ""attribute_remark"": ""from collector's catalog"", ""attribute_determiner"": {""agentID"": ""https://arctos.database.museum/agent/21304981"", ""agent_name"": ""Richard Schaake""}}, {""attribute_date"": null, ""attribute_type"": ""individual count"", ""attribute_units"": ""individuals"", ""attribute_value"": ""1"", ""attribute_method"": null, ""attribute_remark"": null, ""attribute_determiner"": {""agentID"": ""https://arctos.database.museum/agent/21263650"", ""agent_name"": ""Phyllis Sharp""}}]","","","","","","","","","","","","","","","wild","GeoLocate","Hikari Fritz","2018-05-22 00:00:00","Legacy ID from dealer's label: Bursa crumena cavitensis (syn). ID confirmed by C. Fritz 15 May 2018.","Hikari Fritz","FORMER GEOGRAPHY: Asia, Philippines, Cavite, Philippine Islands, Luzon","[{""made_date"": ""2018-05-15"", ""taxa_formula"": ""A"", ""taxon_concept"": null, ""scientific_name"": ""Bufonaria cavitensis"", ""identificationID"": ""https://arctos.database.museum/guid/DMNS:Inv:28201/IID13946539"", ""sensu_publication"": null, ""identification_taxa"": [{""taxon"": {""ftn"": ""Biota, Animalia, Mollusca, Gastropoda, Caenogastropoda, Littorinimorpha, Tonnoidea, Bursidae, Bufonaria, Bufonaria cavitensis"", ""name"": ""Bufonaria cavitensis"", ""ctrms"": [{""psn"": 1, ""typ"": ""superdomain"", ""term"": ""Biota""}, {""psn"": 2, ""typ"": ""kingdom"", ""term"": ""Animalia""}, {""psn"": 3, ""typ"": ""phylum"", ""term"": ""Mollusca""}, {""psn"": 4, ""typ"": ""class"", ""term"": ""Gastropoda""}, {""psn"": 5, ""typ"": ""subclass"", ""term"": ""Caenogastropoda""}, {""psn"": 6, ""typ"": ""order"", ""term"": ""Littorinimorpha""}, {""psn"": 7, ""typ"": ""superfamily"", ""term"": ""Tonnoidea""}, {""psn"": 8, ""typ"": ""family"", ""term"": ""Bursidae""}, {""psn"": 9, ""typ"": ""genus"", ""term"": ""Bufonaria""}, {""psn"": 10, ""typ"": ""species"", ""term"": ""Bufonaria cavitensis""}], ""nctrms"": [{""typ"": ""AphiaID"", ""term"": ""476437""}, {""typ"": ""authority"", ""term"": ""(Reeve, 1844)""}, {""typ"": ""citation"", ""term"": ""MolluscaBase eds. (2023). MolluscaBase. Bufonaria cavitensis (Reeve, 1844). Accessed through: World Register of Marine Species at: https://www.marinespecies.org/aphia.php?p=taxdetails&id=476437 on 2023-06-23""}, {""typ"": ""isBrackish"", ""term"": ""0""}, {""typ"": ""isFreshwater"", ""term"": ""0""}, {""typ"": ""isMarine"", ""term"": ""1""}, {""typ"": ""isTerrestrial"", ""term"": ""0""}, {""typ"": ""lsid"", ""term"": ""urn:lsid:marinespecies.org:taxname:476437""}, {""typ"": ""match_type"", ""term"": ""exact""}, {""typ"": ""modified"", ""term"": ""2021-12-24T21:25:13.167Z""}, {""typ"": ""parentNameUsageID"", ""term"": ""206366""}, {""typ"": ""rank"", ""term"": ""Species""}, {""typ"": ""scientificname"", ""term"": ""Bufonaria cavitensis""}, {""typ"": ""status"", ""term"": ""accepted""}, {""typ"": ""taxonRankID"", ""term"": ""220""}, {""typ"": ""url"", ""term"": ""https://www.marinespecies.org/aphia.php?p=taxdetails&id=476437""}, {""typ"": ""valid_AphiaID"", ""term"": ""476437""}, {""typ"": ""valid_authority"", ""term"": ""(Reeve, 1844)""}, {""typ"": ""valid_name"", ""term"": ""Bufonaria cavitensis""}], ""source"": ""WoRMS (via Arctos)"", ""classification_id"": ""https://arctos.database.museum/name/Bufonaria cavitensis#WoRMSviaArctos""}, ""taxon_id"": ""https://arctos.database.museum/name/Bufonaria cavitensis"", ""variable"": ""A""}], ""identification_order"": 1, ""identification_agents"": [{""agentID"": ""https://arctos.database.museum/agent/21302089"", ""agent_name"": ""Hikari Fritz""}], ""identification_remarks"": ""Legacy ID from dealer's label: Bursa crumena cavitensis (syn). ID confirmed by C. Fritz 15 May 2018."", ""identification_attributes"": [{""attribute_date"": null, ""attribute_type"": ""nature of identification"", ""attribute_units"": null, ""attribute_value"": ""revised taxonomy"", ""attribute_method"": null, ""attribute_remark"": null, ""attribute_determiner"": null}]}]","decimal degrees","14.493288/120.90335","","","","","","","","","","","","",""
"","PreservedSpecimen","","true","119521","Gastropoda","101","IZ","Philippines","289526400000","289440000000","289353600000","1979","4","14.115468","120.612432","0.61","1979-03-04/06","Siphonariidae","23118","","","","","","","","CAS","Animalia","2","Nasugbu, in front of the ""Maya-Maya Reef Club""","true","1.22","0","3","Siphonariida","1057459","","","Mollusca","51","Siphonariidae","","","","","","","","","","","","true","1979","5a63c14e-ab4b-4c43-9995-b3e5e7f3908a","aa16d305-d413-4c4a-90be-b1ec3298d58d","[""b7c47783-a020-4173-b390-7b57c4fa1426""]","false","false","Siphonariidae","23118","[]","-3","15","28.43","31.84","https://www.gbif.org/grscicoll/collection/5d4a63d3-e994-4b19-b592-e853a8e3b470","Asia","667","","003115","","Placed marker near Maya-maya Club, Given coordinates are located inland.","Animalia, Mollusca, Gastropoda, Heterobranchia, Euthyneura, Tectipleura, Siphonarimorpha, Siphonariida, Siphonarioidea, Siphonariidae","Asia, North Pacific Ocean, Philippines, Luzon","","http://grscicoll.org/institution/california-academy-sciences","en","https://creativecommons.org/publicdomain/zero/1.0/","","ICZN","urn:catalog:CAS:IZ:119521","","Fluid-75% EtOH(22)","Gray, 1827","","63","","","Biota","1","","Physical Object","14.115468","120.612432","Specimens in 2-8 oz. bottles and in very good condition.Original accession date 3 Apr 1979.","","WGS 84","0573d53e-2598-11ed-aace-005056be1b7a","","Antonio J. Ferreira","Batangas Province","4-6 Mar 1979","Euthyneura","1057247","Heterobranchia","14712","Tectipleura","1057250","Siphonarioidea","382225","Siphonarimorpha","1057458","","","","","","","","","","","","","","","","65","","","","","","","","","","","","","","","","","","","","","","","","","","","","","","","","","","","","","","",""
"National Museum of Natural History, Smithsonian Institution","PreservedSpecimen","Department of Vertebrate Zoology, Research and Collections Information System, NMNH, Smithsonian Institution","true","170488.5051277","Elasmobranchii","10193","Vertebrate Zoology; Fishes","Philippines","-1921795200000","-1921795200000","-1921795200000","1909","7","14.3000001907","120.699996948","22","1909-02-07T12:00:00Z","Carcharhinidae","105689","Carcharhinus","105719","","","1.0","Gnathostomata","1828","USNM","Animalia","2","P.I.: Off La Monja Id.","true","22","22","2","Carcharhiniformes","10210","Chondrichthyes","1517375","Chordata","1821","Carcharhinus sorrah","urn:lsid:marinespecies.org:taxname:217339","Carcharhinus sorrah","217339","","","Vertebrata","146419","","","","Pacific","","1909","5a70834a-fac8-4fa1-b998-337587eb35b4","d6d6fe4c-425f-4ce7-bf28-7a6befaeb413","[""310922b4-9d0c-4de1-92d7-9b442d34765b""]","false","false","Carcharhinus sorrah","217339","[]","10","1370","28.48","31.6","","","","","TT 7908","","","","","","","","","","","","","Dry Osteological Specimen","","","","","","","","","","","","","","","","","","","","Selachii","368408","Neoselachii","368407","","","","","Galeomorphi","368410","","","","","","","","","","","","","","","","","","","","","","","","","","","","","","","","","","","","","","","","","","","","","","","","","","","","","","",""
"","PreservedSpecimen","","false","57151","Teleostei","293496","I","Philippines","","","","","11","14.433333","120.833333","","","Apogonidae","125518","Ostorhinchus","297317","Actinopterygii","10194","","Gnathostomata","1828","KAUM","Animalia","2","","true","","","10","Kurtiformes","1517499","Osteichthyes","152352","Chordata","1821","Ostorhinchus pleuron","urn:lsid:marinespecies.org:taxname:273073","Ostorhinchus pleuron","712683","Apogoninae","267079","Vertebrata","146419","Actinopteri","843664","273073","","","2013","5e40cfc8-4752-4df2-8e28-d00d3b29c332","2891a788-9f30-4413-8f73-9e7686890e9d","[""dcb0c76d-46a1-4e07-9a69-98cf3fd67576""]","false","false","Apogon pleuron","712683","[""NO_DEPTH""]","9","2199","28.52","31.38","72","","","","","","","","","","","","(CC-BY NC) 4.0","2016-03-14T23:18:35+09:00","","FN2[31561993]:KAUM-72[273073:57151]","","","","","","","","","","","Collection","","","","","","","","","","","","","","","","","","","","","","","KAUM","","","","Tulane University","273073","","Non-commercial use only","TU","30240529","0 meters","","","","","","","","","","","","","","","","","","","","","","","","","","","","","","","","","","","","","","","","","",""
"","PreservedSpecimen","","","103803","Octocorallia","1341","IZ","Philippines","794275200000","794275200000","794275200000","1995","4","14.170135","120.575502","12.190000000000001","1995-03-04","Plexauridae","125277","","","","","","","","CAS","Animalia","2","Nasugbu, Hamilo Cove, Hamilo Cove Point","true","16.76","7.62","3","Malacalcyonacea","1609357","","","Cnidaria","1267","Plexauridae","","","","","","Anthozoa","1292","","","","","","1995","5e4749e4-4e72-4ffc-aa60-03b80cc0b389","aa16d305-d413-4c4a-90be-b1ec3298d58d","[""b7c47783-a020-4173-b390-7b57c4fa1426""]","false","false","Plexauridae","125277","[]","-21","78","28.48","31.91","https://www.gbif.org/grscicoll/collection/5d4a63d3-e994-4b19-b592-e853a8e3b470","Asia","5729","","046288","","[needs verification] Hamilo Cove. Placed marker near Hamilo Point.","Animalia, Cnidaria, Anthozoa, Octocorallia, Alcyonacea, Holaxonia, Plexauridae","Asia, North Pacific Ocean, Philippines, Luzon","","http://grscicoll.org/institution/california-academy-sciences","en","https://creativecommons.org/publicdomain/zero/1.0/","","ICZN","urn:catalog:CAS:IZ:103803","","Fluid-75% EtOH(1)","Gray, 1859","","63","","","Biota","1","","Physical Object","14.170135","120.575502","Water temp: 78deg F, Visibility 15', ""murky"" conditions; Eleutherobia collected at 45 ft; many gorgonians (plexaurids).","4 Mar 1995","WGS 84","06269608-2598-11ed-aace-005056be1b7a","","Gary C. Williams","Batangas Province","4 Mar 1995","","","","","","","","","","","","","","","","","","","","","","","","","","","","","","","","","","","","","","","","","","","","","","","","","","","","","","","","","","","","","","","","",""
"","PreservedSpecimen","","","105664","Gastropoda","101","IZ","Philippines","794275200000","794275200000","794275200000","1995","4","14.170135","120.575502","13","1995-03-04","Discodorididae","1761","Carminodoris","138357","","","","","","CAS","Animalia","2","Hamilo Bay, The Head","true","","13","3","Doridida","1829294","","","Mollusca","51","Carminodoris estrelyado","","Carminodoris estrelyado","872610","","","","","","","457499","","","1995","5eb66d39-8c40-4921-b261-87297cf617c6","aa16d305-d413-4c4a-90be-b1ec3298d58d","[""b7c47783-a020-4173-b390-7b57c4fa1426""]","false","false","Hoplodoris estrelyado","872610","[]","-21","78","28.48","31.91","https://www.gbif.org/grscicoll/collection/5d4a63d3-e994-4b19-b592-e853a8e3b470","Asia","5729","1998-07-20","052356","","[needs verification] Hamilo Bay. Placed marker near Hamilo Point.","Animalia, Mollusca, Gastropoda, Heterobranchia, Euthyneura, Ringipleura, Nudipleura, Nudibranchia, Doridina, Doridoidei, Doridoidea, Discodorididae","Asia, North Pacific Ocean, Philippines, Luzon Island","T. M. Gosliner and D. W. Behrens","http://grscicoll.org/institution/california-academy-sciences","en","https://creativecommons.org/publicdomain/zero/1.0/","","ICZN","urn:catalog:CAS:IZ:105664","","Fluid-75% EtOH(3)|Image(s)(1)","Gosliner & Behrens, 1998","estrelyado","63","","","Biota","1","species","Physical Object","14.170135","120.575502","","","WGS 84","06434e47-2598-11ed-aace-005056be1b7a","formerly IZ Acc. No. 45995.","T.M. Gosliner","Batangas Province","04 Mar 1995","Euthyneura","1057247","Heterobranchia","14712","Ringipleura","1057249","Doridoidea","173","Nudipleura","411966","PARATYPE","","","","","","","","","","","","","Doridoidei","246038","","","","","","","","","","","","","","","","","","","","","","","","","","","","","","","","","","","","","","","",""
"","PreservedSpecimen","","true","21615","Teleostei","293496","SU","Philippines","","","","","","14.245076","120.610974","","","Ambassidae","151432","Ambassis","204831","Actinopterygii","10194","10","Gnathostomata","1828","CAS","Animalia","2","","true","","","","Ovalentaria incertae sedis","1517546","Osteichthyes","152352","Chordata","1821","Ambassis urotaenia","urn:lsid:marinespecies.org:taxname:220038","Ambassis urotaenia","220038","","","Vertebrata","146419","Actinopteri","843664","","","","","5f27e1cd-f942-4c2e-954f-90525941d7a2","2891a788-9f30-4413-8f73-9e7686890e9d","[""dcb0c76d-46a1-4e07-9a69-98cf3fd67576""]","false","false","Ambassis urotaenia","220038","[""NO_DEPTH""]","25","1307","","","62","","3131","","","","","","","","","","(CC-BY NC) 4.0","16:54.0","","FN2[31218422]:CAS-62[220038:21615]","","","","","","","","","","","Collection","","","","","","","","Seale, Alvin","","","","","","","","","","","","","","","CAS","","","","Tulane University","220038","","Non-commercial use only","TU","31088385","","","","","","","","","","","","","","","","","Luzon I.","","","","","","","","","","","","","","","","","","","","","","","","","",""
"","PreservedSpecimen","","","192520","Gastropoda","101","IZ","Philippines","289526400000","289440000000","289353600000","1979","4","14.115468","120.612432","0.61","1979-03-04/06","Turbinidae","503","","","","","","","","CAS","Animalia","2","Nasugbu, in front of the ""Maya-Maya Reef Club""","true","1.22","0","3","Trochida","1052448","","","Mollusca","51","Turbinidae","","","","","","","","","","","","true","1979","63865d93-1bbf-4e25-bcef-c2931fd6f1e7","aa16d305-d413-4c4a-90be-b1ec3298d58d","[""b7c47783-a020-4173-b390-7b57c4fa1426""]","false","false","Turbinidae","503","[]","-3","15","28.43","31.84","https://www.gbif.org/grscicoll/collection/5d4a63d3-e994-4b19-b592-e853a8e3b470","Asia","667","","003115","","Placed marker near Maya-maya Club, Given coordinates are located inland.","Animalia, Mollusca, Gastropoda, Vetigastropoda, Trochida, Trochoidea, Turbinidae","Asia, North Pacific Ocean, Philippines, Luzon","","http://grscicoll.org/institution/california-academy-sciences","en","https://creativecommons.org/publicdomain/zero/1.0/","","ICZN","urn:catalog:CAS:IZ:192520","","Fluid-75% EtOH(1)","Rafinesque, 1815","","63","","","Biota","1","","Physical Object","14.115468","120.612432","Specimens in 2-8 oz. bottles and in very good condition.Original accession date 3 Apr 1979.","","WGS 84","0573d53e-2598-11ed-aace-005056be1b7a","","Antonio J. Ferreira","Batangas Province","4-6 Mar 1979","","","Vetigastropoda","156485","","","Trochoidea","156489","","","","","","","","","","","","","","","","","","65","","","","","","","","","","","","","","","","","","","","","","","","","","","","","","","","","","","","","","",""
"","PreservedSpecimen","","false","32862","Teleostei","293496","ICH","Philippines","","","","","1","14.245076","120.610974","","","Callionymidae","125522","Callionymus","125930","Actinopterygii","10194","1","Gnathostomata","1828","CAS","Animalia","2","","true","","","1","Callionymiformes","1517496","Osteichthyes","152352","Chordata","1821","Callionymus filamentosus","urn:lsid:marinespecies.org:taxname:126791","Callionymus filamentosus","126791","","","Vertebrata","146419","Actinopteri","843664","","","true","1964","65be57c8-224e-4b11-aaed-3c5dd5469c83","2891a788-9f30-4413-8f73-9e7686890e9d","[""dcb0c76d-46a1-4e07-9a69-98cf3fd67576""]","false","false","Callionymus filamentosus","126791","[""NO_DEPTH""]","25","1307","","","62","","3131","","","","","","","","","","(CC-BY NC) 4.0","00:00.0","","FN2[31166865]:CAS-62[126791:32862]","","","","","","","","","","","Collection","","","","","","","","Norton, J. E.","","","","","","","","","","","","","","","CAS","","","","Tulane University","126791","","Non-commercial use only","TU","31023077","14-26 fa","","","","","","","","","","","","","","","","","","","","","","","","","","","","","","","","","","","","","","","","","",""
"","PreservedSpecimen","","","103551","Octocorallia","1341","IZ","Philippines","794275200000","794275200000","794275200000","1995","4","14.170135","120.575502","12.19","1995-03-04","Capnellidae","1749526","Capnella","146763","","","","","","CAS","Animalia","2","Nasugbu, Hamilo Cove, 14deg-10'N, 120 deg,33'E,","true","","12.19","3","Malacalcyonacea","1609357","","","Cnidaria","1267","Capnella imbricata","","Capnella imbricata","287333","","","Anthozoa","1292","","","","","","1995","6aaf9738-4a5e-493c-a19e-2affbe8b83ff","aa16d305-d413-4c4a-90be-b1ec3298d58d","[""b7c47783-a020-4173-b390-7b57c4fa1426""]","false","false","Capnella imbricata","287333","[]","-21","78","28.48","31.91","https://www.gbif.org/grscicoll/collection/5d4a63d3-e994-4b19-b592-e853a8e3b470","Asia","5729","1995-04-01","046286","","[needs verification] Hamilo Cove. Placed marker near Hamilo Point.","Animalia, Cnidaria, Anthozoa, Octocorallia, Alcyonacea, Alcyoniina, Nephtheidae","Asia, North Pacific Ocean, Philippines, Luzon","G.C. Williams","http://grscicoll.org/institution/california-academy-sciences","en","https://creativecommons.org/publicdomain/zero/1.0/","","ICZN","urn:catalog:CAS:IZ:103551","","Fluid-75% EtOH(2)","(Quoy & Gaimard, 1833)","imbricata","63","","","Biota","1","species","Physical Object","14.170135","120.575502","Water temp: 78deg F, Visibility 25-30'","","WGS 84","062693ea-2598-11ed-aace-005056be1b7a","","G.C. Williams","Batangas Province","","","","","","","","","","","","","","","","","","","","","","","","","","","","","","","","","","","","","","","","","","","","","","","","","","","","","","","","","","","","","","","","","",""
"","PreservedSpecimen","","true","NMI 859","Teleostei","293496","SEAOBIS-796425","Philippines","","","","","","14.34003","120.757798","","","Engraulidae","125465","Stolephorus","206924","Actinopterygii","10194","1","Gnathostomata","1828","SEAOBIS","Animalia","2","","true","","","","Clupeiformes","10297","Osteichthyes","152352","Chordata","1821","Stolephorus indicus","","Stolephorus indicus","212280","","","Vertebrata","146419","Actinopteri","843664","","","true","1948","6ad5b3c0-daee-4db4-b1fb-1ea45f32e912","288e63af-5f94-43d4-a039-f238b432129c","[""e19d3c02-134f-45b8-9577-e34e8d89cc22""]","false","false","Stolephorus indicus","212280","[""NO_DEPTH""]","2","978","28.51","31.51","","","","","","","","","","","","","","2003-08-25","","796425","","","","","","","","","","","","","","","","","","","Umali, A.F.","Cavite","","","","","","","","","","","","","PH","","","","","","","","","","45880","","","","","","","","","unsexed","","","","","","","","","","","","","","","","","","","Umali, A.F.","","","Cavite","569","","","","","","","","","","",""
"","PreservedSpecimen","","false","455514","Gastropoda","101","IZ","Philippines","289526400000","289440000000","289353600000","1979","4","14.115468","120.612432","0.61","1979-03-04/06","Acmaeidae","114","","","","","","","","CAS","Animalia","2","Nasugbu, in front of the ""Maya-Maya Reef Club""","true","1.22","0","3","","","","","Mollusca","51","Acmaeidae","","","","","","","","","","","","","1979","6d6b8111-e3eb-4185-848f-de679ac78e54","aa16d305-d413-4c4a-90be-b1ec3298d58d","[""b7c47783-a020-4173-b390-7b57c4fa1426""]","false","false","Acmaeidae","114","[]","-3","15","28.43","31.84","https://www.gbif.org/grscicoll/collection/5d4a63d3-e994-4b19-b592-e853a8e3b470","Asia","667","","003115","","Placed marker near Maya-maya Club, Given coordinates are located inland.","Animalia, Mollusca, Gastropoda, Patellogastropoda, Lottioidea, Acmaeidae","Asia, North Pacific Ocean, Philippines, Luzon","","http://grscicoll.org/institution/california-academy-sciences","en","https://creativecommons.org/publicdomain/zero/1.0/","2024-08-29 12:23:39","ICZN","urn:catalog:CAS:IZ:455514","","Fluid-75% EtOH(15)","Forbes, 1850","","63","","","Biota","1","","Physical Object","14.115468","120.612432","Specimens in 2-8 oz. bottles and in very good condition.Original accession date 3 Apr 1979.","","WGS 84","0573d53e-2598-11ed-aace-005056be1b7a","Determination is Group No. 36-1-1: Acmaeidae, Lottiidae or Eoacmaeidae. specimen count approximate.","Antonio J. Ferreira","Batangas Province","4-6 Mar 1979","","","Patellogastropoda","382158","","","Lottioidea","391063","","","","","","","","","","","","","","","","","","65","","","","","","","","","","","","","","","","","","","","","","","","","","","","","","","","","","","","","","",""
"","PreservedSpecimen","","true","57152","Teleostei","293496","I","Philippines","","","","","11","14.433333","120.833333","","","Apogonidae","125518","Jaydia","206779","Actinopterygii","10194","","Gnathostomata","1828","KAUM","Animalia","2","","true","","","10","Kurtiformes","1517499","Osteichthyes","152352","Chordata","1821","Jaydia poeciloptera","urn:lsid:marinespecies.org:taxname:273074","Jaydia poeciloptera","1059799","Apogoninae","267079","Vertebrata","146419","Actinopteri","843664","273074","","","2013","6d7b1e2f-2c4a-4676-991d-b605d453cbbe","2891a788-9f30-4413-8f73-9e7686890e9d","[""dcb0c76d-46a1-4e07-9a69-98cf3fd67576""]","false","false","Apogon poecilopterus","1059799","[""NO_DEPTH""]","9","2199","28.52","31.38","72","","","","","","","","","","","","(CC-BY NC) 4.0","2016-03-14T23:18:38+09:00","","FN2[31561994]:KAUM-72[273074:57152]","","","","","","","","","","","Collection","","","","","","","","","","","","","","","","","","","","","","","KAUM","","","","Tulane University","273074","","Non-commercial use only","TU","30240530","0 meters","","","","","","","","","","","","","","","","","","","","","","","","","","","","","","","","","","","","","","","","","",""
"","PreservedSpecimen","","true","51589","Teleostei","293496","SU(ICH)","Philippines","-405043200000","-405043200000","-405043200000","1957","2","14.107651","120.623249","","1957-03-02","Kyphosidae","125540","","","Actinopterygii","10194","1","Gnathostomata","1828","CAS","Animalia","2","tidepool; Forest Cave, outer coast","true","","","3","Centrarchiformes","1517557","Osteichthyes","152352","Chordata","1821","Kyphosidae","","","","","","Vertebrata","146419","Actinopteri","843664","","","","1957","6ed582f3-71f2-42d8-88c9-bbd3773e82b2","d6af0fac-8a21-4d77-8872-f10d471fc0cf","[""b7c47783-a020-4173-b390-7b57c4fa1426""]","false","false","Kyphosidae","125540","[""NO_DEPTH""]","-21","74","28.43","31.84","http://grscicoll.org/institutional-collection/cas-ichthyology","Pacific Ocean","1121686","","Z151589","FishNet Collaborative Georeferencing Project","Coordinates at Forest Cove. Error expanded to covers the rest of Philippines.","Animalia, Chordata, Actinopteri, Centrarchiformes, Terapontoidei, Kyphosidae","Pacific Ocean, Indo-West Pacific","","http://grscicoll.org/institution/california-academy-sciences","en","https://creativecommons.org/publicdomain/zero/1.0/","1995-09-30 00:00:00","ICZN","urn:catalog:CAS:SU(ICH):51589","4A","alcohol-75% EtOH","Jordan 1887","","61","","","Biota","1","","Physical Object","14.107651°","120.623249°","","","","","","","","","","","","","","","","","","","","","","","","","","","","","","","","","","","","","","","","","","","","","","","","","","","","","","","","","","","","","","","","","","","","","","","","",""
"","PreservedSpecimen","","true","458159","Gastropoda","101","IZ","Philippines","289526400000","289440000000","289353600000","1979","4","14.115468","120.612432","0.61","1979-03-04/06","Littorinidae","119","","","","","","","","CAS","Animalia","2","Nasugbu, in front of the ""Maya-Maya Reef Club""","true","1.22","0","3","Littorinimorpha","382213","","","Mollusca","51","Littorinidae","","","","","","","","","","","","true","1979","6edf3067-aceb-43b5-a24d-aa7185733dba","aa16d305-d413-4c4a-90be-b1ec3298d58d","[""b7c47783-a020-4173-b390-7b57c4fa1426""]","false","false","Littorinidae","119","[]","-3","15","28.43","31.84","https://www.gbif.org/grscicoll/collection/5d4a63d3-e994-4b19-b592-e853a8e3b470","Asia","667","","003115","","Placed marker near Maya-maya Club, Given coordinates are located inland.","Animalia, Mollusca, Gastropoda, Caenogastropoda, Littorinimorpha, Littorinoidea, Littorinidae","Asia, North Pacific Ocean, Philippines, Luzon","","http://grscicoll.org/institution/california-academy-sciences","en","https://creativecommons.org/publicdomain/zero/1.0/","2026-06-08 08:50:37","ICZN","urn:catalog:CAS:IZ:458159","","Fluid-75% EtOH(1)","Children, 1834","","63","","","Biota","1","","Physical Object","14.115468","120.612432","Specimens in 2-8 oz. bottles and in very good condition.Original accession date 3 Apr 1979.","","WGS 84","0573d53e-2598-11ed-aace-005056be1b7a","Formerly IZ Acc. No. 970-M.","Antonio J. Ferreira","Batangas Province","4-6 Mar 1979","","","Caenogastropoda","224570","","","Littorinoidea","14766","","","","","","","","","","","","","","","","","","65","","","","","","","","","","","","","","","","","","","","","","","","","","","","","","","","","","","","","","",""
"","PreservedSpecimen","","false","103701","Gastropoda","101","IZ","Philippines","794275200000","794275200000","794275200000","1995","4","14.170135","120.575502","","1995-03-04","Phyllidiidae","23093","Phyllidiopsis","138348","","","","","","CAS","Animalia","2","Hamilo Bay, Pinnacle Rock","true","","","3","Doridida","1829294","","","Mollusca","51","Phyllidiopsis striata","","Phyllidiopsis striata","536722","","","","","","","","","","1995","6f4b63fc-da9f-47b9-8a27-ce5b88727d7e","aa16d305-d413-4c4a-90be-b1ec3298d58d","[""b7c47783-a020-4173-b390-7b57c4fa1426""]","false","false","Phyllidiopsis striata","536722","[""NO_DEPTH""]","-21","78","28.48","31.91","https://www.gbif.org/grscicoll/collection/5d4a63d3-e994-4b19-b592-e853a8e3b470","Asia","5729","1995-03-04","046509","","[needs verification] Hamilo Bay. Placed marker near Hamilo Point.","Animalia, Mollusca, Gastropoda, Heterobranchia, Euthyneura, Ringipleura, Nudipleura, Nudibranchia, Doridina, Doridoidei, Phyllidioidea, Phyllidiidae","Asia, North Pacific Ocean, Philippines, Luzon Island","T.M. Gosliner","http://grscicoll.org/institution/california-academy-sciences","en","https://creativecommons.org/publicdomain/zero/1.0/","","ICZN","urn:catalog:CAS:IZ:103701","","Fluid-75% EtOH(1)","Bergh, 1889","striata","63","","","Biota","1","species","Physical Object","14.170135","120.575502","","","WGS 84","062799b5-2598-11ed-aace-005056be1b7a","original label erroneously reads ""ST 40"".","T.M. Gosliner","Batangas Province","","Euthyneura","1057247","Heterobranchia","14712","Ringipleura","1057249","Phyllidioidea","412563","Nudipleura","411966","","","","","","","","","","","","","","Doridoidei","246038","","","","","","","","","","","","","","","","","","","","","","","","","","","","","","","","","","","","","","","",""
"","PreservedSpecimen","","","248083","Hexacorallia","1340","IZ","Philippines","794275200000","794275200000","794275200000","1995","4","14.170135","120.575502","","1995-03-04","Poritidae","196105","Goniopora","205476","","","","","","CAS","Animalia","2","Hamilo Bay, The Head","true","","","3","Scleractinia","1363","","","Cnidaria","1267","Goniopora","","","","","","Anthozoa","1292","","","","","","1995","708bce10-d9d2-4720-9147-15fbe2619025","aa16d305-d413-4c4a-90be-b1ec3298d58d","[""b7c47783-a020-4173-b390-7b57c4fa1426""]","false","false","Goniopora","205476","[""NO_DEPTH""]","-21","78","28.48","31.91","https://www.gbif.org/grscicoll/collection/5d4a63d3-e994-4b19-b592-e853a8e3b470","Asia","5729","","045955","","[needs verification] Hamilo Bay. Placed marker near Hamilo Point.","Animalia, Cnidaria, Anthozoa, Hexacorallia, Scleractinia, Poritidae","Asia, North Pacific Ocean, Philippines, Luzon Island","T.M. Gosliner","http://grscicoll.org/institution/california-academy-sciences","en","https://creativecommons.org/publicdomain/zero/1.0/","2026-08-31 13:36:51","ICZN","urn:catalog:CAS:IZ:248083","","Fluid-75% EtOH(1)","de Blainville, 1830","","63","Refertina","1517258","Biota","1","","Physical Object","14.170135","120.575502","","","WGS 84","062342d9-2598-11ed-aace-005056be1b7a","coral upon which Chelidonura amoena was seen to feed by M.T. Ghiselin","T.M. Gosliner","Batangas Province","04 Mar 1995","","","","","","","","","","","","","","","","","","","","","","","","","","","","","","","","","","","","","","","","","","","","","","","","","","","","","","","","","","","","","","","","",""
"","PreservedSpecimen","","","103724","Gastropoda","101","IZ","Philippines","794275200000","794275200000","794275200000","1995","4","14.170135","120.575502","10","1995-03-04","Polyceridae","177","Nembrotha","456473","","","","","","CAS","Animalia","2","Hamilo Bay, The Head","true","","10","3","Doridida","1829294","","","Mollusca","51","Nembrotha mullineri","","Nembrotha mullineri","527329","Nembrothinae","412576","","","","","","","","1995","719d84ae-13ab-4a3f-90fd-1c95b9cdc755","aa16d305-d413-4c4a-90be-b1ec3298d58d","[""b7c47783-a020-4173-b390-7b57c4fa1426""]","false","false","Nembrotha mullineri","527329","[]","-21","78","28.48","31.91","https://www.gbif.org/grscicoll/collection/5d4a63d3-e994-4b19-b592-e853a8e3b470","Asia","5729","1997-01-10","048845","","[needs verification] Hamilo Bay. Placed marker near Hamilo Point.","Animalia, Mollusca, Gastropoda, Heterobranchia, Euthyneura, Ringipleura, Nudipleura, Nudibranchia, Doridina, Doridoidei, Polyceroidea, Polyceridae, Nembrothinae","Asia, North Pacific Ocean, Philippines, Luzon Island","T.M. Gosliner and D.W. Behrens","http://grscicoll.org/institution/california-academy-sciences","en","https://creativecommons.org/publicdomain/zero/1.0/","","ICZN","urn:catalog:CAS:IZ:103724","","Fluid-75% EtOH(1)|Image(s)(1)","Gosliner & Behrens, 1997","mullineri","63","","","Biota","1","species","Physical Object","14.170135","120.575502","","","WGS 84","0632b3c3-2598-11ed-aace-005056be1b7a","Specimen lost during transit from Spain 2006-07 [ejk] [refer to loan no. 528]. It is unknown whether or not mounts are at CAS. formerrly IZ Acc. No. 45955","T.M. Gosliner","Batangas Province","04 Mar 1995","Euthyneura","1057247","Heterobranchia","14712","Ringipleura","1057249","Polyceroidea","412569","Nudipleura","411966","PARATYPE","","","","","","","","","","","","","Doridoidei","246038","","","","","","","","","","","","","","","","","","","","","","","","","","","","","","","","","","","","","","","",""
"","PreservedSpecimen","","false","45860","Teleostei","293496","ICH","Philippines","-699667200000","-700963200000","-702259200000","1947","","14.358786","120.760205","","1947-10","Anthiadidae","1758484","Pseudanthias","204513","Actinopterygii","10194","2","Gnathostomata","1828","CAS","Animalia","2","S entrance of Bay: at Cavite coast.","true","","","10","Perciformes","11014","Osteichthyes","152352","Chordata","1821","Pseudanthias tuka","","Pseudanthias tuka","218272","","","Vertebrata","146419","Actinopteri","843664","312510","Manila Bay","true","1947","71c61eb9-dfe1-4045-ab23-4f79a429842a","d6af0fac-8a21-4d77-8872-f10d471fc0cf","[""b7c47783-a020-4173-b390-7b57c4fa1426""]","false","false","Mirolabrichthys tuka","218272","[""NO_DEPTH""]","8","2461","28.51","31.51","http://grscicoll.org/institutional-collection/cas-ichthyology","Pacific Ocean","24829","","AWH X-47B","FishNet Collaborative Georeferencing Project","Error covers Manila Bay off Cavite Province.","Animalia, Chordata, Actinopteri, Perciformes, Percoidei, Anthiadidae","Pacific Ocean, Indo-West Pacific, Philippines","","http://grscicoll.org/institution/california-academy-sciences","en","https://creativecommons.org/publicdomain/zero/1.0/","2002-08-29 13:57:32","ICZN","urn:catalog:CAS:ICH:45860","UW 10056","alcohol-75% EtOH","Herre & Montalban 1927","tuka","","Percoidei","151751","Biota","1","species","Physical Object","14.358786°","120.760205°","","","","","","Herre, Albert W.","Cavite","","","","","","","","","","","","","","","","","","","","","","","","","","","","","","","","","","","","","","","","Luzon I.","","","","","","","","","","","","","","","","","","","","","","","","","",""
"","PreservedSpecimen","","false","46386","Teleostei","293496","ICH","Philippines","-702172800000","-702172800000","-702172800000","1947","2","14.358786","120.760205","","1947-10-02","Champsodontidae","151407","Champsodon","206066","Actinopterygii","10194","6","Gnathostomata","1828","CAS","Animalia","2","Coast of Cavite Province: S. entrance to Manila Bay.","true","","","10","Acropomatiformes","1517567","Osteichthyes","152352","Chordata","1821","Champsodon nudivittis","","Champsodon nudivittis","220338","","","Vertebrata","146419","Actinopteri","843664","312267","Manila Bay","true","1947","72aa95e8-6462-4eba-8f18-2f4e092881c1","d6af0fac-8a21-4d77-8872-f10d471fc0cf","[""b7c47783-a020-4173-b390-7b57c4fa1426""]","false","false","Champsodon arafurensis","220338","[""NO_DEPTH""]","8","2461","28.51","31.51","http://grscicoll.org/institutional-collection/cas-ichthyology","Pacific Ocean","24829","","AWH 2-X-47C","FishNet Collaborative Georeferencing Project","Error covers Manila Bay off Cavite Province.","Animalia, Chordata, Actinopteri, Acropomatiformes, Champsodontidae","Pacific Ocean, Indo-West Pacific, Philippines","","http://grscicoll.org/institution/california-academy-sciences","en","https://creativecommons.org/publicdomain/zero/1.0/","1995-03-16 00:00:00","ICZN","urn:catalog:CAS:ICH:46386","UW 7475","alcohol-75% EtOH","Regan 1908","arafurensis","275","","","Biota","1","species","Physical Object","14.358786°","120.760205°","","","","","","Herre, Albert W.","Cavite","","","","","","","","","","","","","","","","","","","","","","","","","","","","","","","","","","","","","","","","","","","","","","","","","","","","","","","","","","","","","","","","","",""
"","HumanObservation","","","33168037","Gastropoda","101","Observations","","347155200000","347155200000","347155200000","1981","","14.4791297","120.8894102994","","1981-01-01T17:55:00-08:00","Lottiidae","7173","Patelloida","205118","","","","","","iNaturalist","Animalia","2","","true","","","","","","","","Mollusca","51","Patelloida lentiginosa","urn:lsid:marinespecies.org:taxname:456635","Patelloida lentiginosa","456635","Lottiinae","411585","","","","","","","","","760e35e9-8bc7-4ddb-a7df-fe3a4164e60f","eaea291a-1e1d-4382-b86f-ac3cc15b8d5a","[""f92d5d7f-47a6-4605-9fd0-a8538dfde3fd""]","false","false","Patelloida lentiginosa","456635","[""NO_DEPTH"",""ON_LAND""]","-1","-22","28.52","31.48","","","4000","2024-08-18T02:16:34Z","","","","","","R. Lucine","","","https://creativecommons.org/licenses/by-nc/4.0/","2024-08-20T21:22:09Z","","https://www.inaturalist.org/observations/33168037","","","","","","","","Biota","1","species","","","","","17:55:00-08:00","EPSG:4326","","Collected by my father","Donna Pomeroy","Cavite","1981/01/01 5:55 PM -0800","","","Patellogastropoda","382158","","","Lottioidea","391063","","","","PH","iNaturalist research-grade observations","529020486","urn:lsid:marinespecies.org:taxname:456635","https://www.inaturalist.org/observations/33168037","Donna Pomeroy","1212158","Cavite City, Philippines","","","","","","","","","","","","","","","","","","","","","","","","","","","","third time's the charm! a lot of these were misidentified in India, and this paper helped to disambiguate. the zigzag pattern of color and the radial rays on the shell are characteristic of this species, which was originally known only to reside in Philippines. compare https://zenodo.org/records/3621147","","","","","","","","Patelloidini","411588","","","","","","","","",""
"","PreservedSpecimen","","false","105697","Gastropoda","101","IZ","Philippines","794275200000","794275200000","794275200000","1995","4","14.170135","120.575502","","1995-03-04","Chromodorididae","23003","Hypselodoris","137784","","","","","","CAS","Animalia","2","Hamilo Bay, The Head","true","","","3","Doridida","1829294","","","Mollusca","51","Hypselodoris emma","","Hypselodoris emma","209596","Miamirinae","549835","","","","","","","","1995","7a3b51d2-fd5c-43d6-af9b-d5ddfc189bf8","aa16d305-d413-4c4a-90be-b1ec3298d58d","[""b7c47783-a020-4173-b390-7b57c4fa1426""]","false","false","Hypselodoris emma","209596","[""NO_DEPTH""]","-21","78","28.48","31.91","https://www.gbif.org/grscicoll/collection/5d4a63d3-e994-4b19-b592-e853a8e3b470","Asia","5729","1995-03-04","045955","","[needs verification] Hamilo Bay. Placed marker near Hamilo Point.","Animalia, Mollusca, Gastropoda, Heterobranchia, Euthyneura, Ringipleura, Nudipleura, Nudibranchia, Doridina, Doridoidei, Chromodoridoidea, Chromodorididae, Miamirinae","Asia, North Pacific Ocean, Philippines, Luzon Island","T.M. Gosliner","http://grscicoll.org/institution/california-academy-sciences","en","https://creativecommons.org/publicdomain/zero/1.0/","","ICZN","urn:catalog:CAS:IZ:105697","","Fluid-75% EtOH(2)","Rudman, 1977","emma","63","","","Biota","1","species","Physical Object","14.170135","120.575502","","","WGS 84","062342d9-2598-11ed-aace-005056be1b7a","original label erroneously reads ""ST 44"".","T.M. Gosliner","Batangas Province","04 Mar 1995","Euthyneura","1057247","Heterobranchia","14712","Ringipleura","1057249","Chromodoridoidea","1370609","Nudipleura","411966","","","","","","","","","","","","","","Doridoidei","246038","","","","","","","","","","","","","","","","","","","","","","","","","","","","","","","","","","","","","","","",""
"","HumanObservation","","","381922458","Hexacorallia","1340","Observations","","1741737600000","1741737600000","1741737600000","2025","","14.1364744655","120.6239345649","","2025-03-12","Fungiidae","196100","Heliofungia","206539","","","","","","iNaturalist","Animalia","2","","true","","","","Scleractinia","1363","","","Cnidaria","1267","Heliofungia actiniformis","urn:lsid:marinespecies.org:taxname:207362","Heliofungia actiniformis","207362","","","Anthozoa","1292","","","","","","","7a9d7bad-c7a8-4ee8-afe8-1f56fbc32b29","eaea291a-1e1d-4382-b86f-ac3cc15b8d5a","[""f92d5d7f-47a6-4605-9fd0-a8538dfde3fd""]","false","false","Heliofungia actiniformis","207362","[""NO_DEPTH"",""ON_LAND""]","-88","-1776","28.43","31.84","","","30981","2026-07-16T08:49:31Z","","","","","","ReefMo! by DLSU-SHORE","","","https://creativecommons.org/licenses/by-nc/4.0/","2026-07-16T13:30:26Z","","https://www.inaturalist.org/observations/381922458","","","","","","Vacatina","1517259","Biota","1","species","","","","","","EPSG:4326","","Photographed by WYLicuanan Identified by RAHPalomo & KCRPanado","ReefMo! by DLSU-SHORE","Batangas","2025/03/12","","","","","","","","","","","","PH","iNaturalist research-grade observations","851863664","urn:lsid:marinespecies.org:taxname:207362","https://www.inaturalist.org/observations/381922458","ReefMo! by DLSU-SHORE","102420","Philippines","","","","","","","","","{""evidenceOfPresence"":""organism""}","Coordinate uncertainty increased to 30981m to protect threatened taxon","","","alive","","","","","","","","","","","","","","","","","","","","","","","","","","","","","","","","",""
"","PreservedSpecimen","","false","DMNS:Inv:40161","Gastropoda","101","Invertebrates","Philippines","662601600000","646876800000","631152000000","1990","","14.493288","120.90335","15","1990-01-01/1990-12-31","Epitoniidae","132","Epitonium","137943","","","1","","","DMNS","Animalia","2","Manila Bay, Cavite","true","20","10","","Caenogastropoda incertae sedis","382204","","","Mollusca","51","Epitonium scalare","urn:lsid:marinespecies.org:taxname:207942","Epitonium scalare","207942","","","","","","","","","","","7fbd4377-c72c-4919-8927-22c57306f76d","4a606f86-2e7b-44a3-b50d-3d55a887a11f","[""b7c47783-a020-4173-b390-7b57c4fa1426""]","false","false","Epitonium scalare","207942","[""ON_LAND""]","-2","-351","28.52","31.48","https://arctos.database.museum/collection/DMNS:Inv","","3036","","","GeoLocate","","Biota, Animalia, Mollusca, Gastropoda, Caenogastropoda, [unassigned] Caenogastropoda, Epitonioidea, Epitoniidae, Epitonium, Epitonium scalare","Philippines, Cavite","unknown","DMNS","en","https://creativecommons.org/licenses/by-nc/3.0","2025-09-28 11:50:00.014328","","https://arctos.database.museum/guid/DMNS:Inv:40161","Richard Schaake collector number 2482","operculum (dry); shell (dry)","","","","","","Biota","1","","PhysicalObject","","","purchased specimen","1990-01-01/1990-12-31","World Geodetic System 1984","","All data verified per dealer label and Schaake catalog. 7 Dec  2023.  J Thompson","Collector(s): unknown","Cavite","1990","","","Caenogastropoda","224570","","","Epitonioidea","14781","","","","","","","","","","","Manila Bay, off Cavite, Philippines","http://arctosdb.org/home/data/","","Richard Schaake 2482","","","","","10-20 meters","[{""attribute_date"": ""2010-12-07"", ""attribute_type"": ""height"", ""attribute_units"": ""mm"", ""attribute_value"": ""52.9"", ""attribute_method"": null, ""attribute_remark"": ""from collector catalog"", ""attribute_determiner"": {""agentID"": ""https://arctos.database.museum/agent/21304981"", ""agent_name"": ""Richard Schaake""}}, {""attribute_date"": ""2023-12-07"", ""attribute_type"": ""individual count"", ""attribute_units"": ""individuals"", ""attribute_value"": ""1"", ""attribute_method"": null, ""attribute_remark"": null, ""attribute_determiner"": {""agentID"": ""https://arctos.database.museum/agent/21263870"", ""agent_name"": ""Jim Thompson""}}]","","","","","","","","","","","","fish nets","","","wild","","Jim Thompson","2023-12-07 00:00:00","legacy ID from dealer label","Jim Thompson","","[{""made_date"": null, ""taxa_formula"": ""A"", ""taxon_concept"": null, ""scientific_name"": ""Epitonium scalare"", ""identificationID"": ""https://arctos.database.museum/guid/DMNS:Inv:40161/IID16055701"", ""sensu_publication"": null, ""identification_taxa"": [{""taxon"": {""ftn"": ""Biota, Animalia, Mollusca, Gastropoda, Caenogastropoda, [unassigned] Caenogastropoda, Epitonioidea, Epitoniidae, Epitonium, Epitonium scalare"", ""name"": ""Epitonium scalare"", ""ctrms"": [{""psn"": 1, ""typ"": ""superdomain"", ""term"": ""Biota""}, {""psn"": 2, ""typ"": ""kingdom"", ""term"": ""Animalia""}, {""psn"": 3, ""typ"": ""phylum"", ""term"": ""Mollusca""}, {""psn"": 4, ""typ"": ""class"", ""term"": ""Gastropoda""}, {""psn"": 5, ""typ"": ""subclass"", ""term"": ""Caenogastropoda""}, {""psn"": 6, ""typ"": ""order"", ""term"": ""[unassigned] Caenogastropoda""}, {""psn"": 7, ""typ"": ""superfamily"", ""term"": ""Epitonioidea""}, {""psn"": 8, ""typ"": ""family"", ""term"": ""Epitoniidae""}, {""psn"": 9, ""typ"": ""genus"", ""term"": ""Epitonium""}, {""psn"": 10, ""typ"": ""species"", ""term"": ""Epitonium scalare""}], ""nctrms"": [{""typ"": ""AphiaID"", ""term"": ""207942""}, {""typ"": ""authority"", ""term"": ""(Linnaeus, 1758)""}, {""typ"": ""citation"", ""term"": ""MolluscaBase eds. (2023). MolluscaBase. Epitonium scalare (Linnaeus, 1758). Accessed through: World Register of Marine Species at: https://www.marinespecies.org/aphia.php?p=taxdetails&id=207942 on 2023-04-04""}, {""typ"": ""display_name"", ""term"": ""<i>Epitonium scalare</i>""}, {""typ"": ""isBrackish"", ""term"": ""0""}, {""typ"": ""isFreshwater"", ""term"": ""0""}, {""typ"": ""isMarine"", ""term"": ""1""}, {""typ"": ""isTerrestrial"", ""term"": ""0""}, {""typ"": ""lsid"", ""term"": ""urn:lsid:marinespecies.org:taxname:207942""}, {""typ"": ""match_type"", ""term"": ""exact""}, {""typ"": ""modified"", ""term"": ""2010-10-01T21:22:21.633Z""}, {""typ"": ""parentNameUsageID"", ""term"": ""137943""}, {""typ"": ""rank"", ""term"": ""Species""}, {""typ"": ""scientificname"", ""term"": ""Epitonium scalare""}, {""typ"": ""scientific_name"", ""term"": ""Epitonium scalare""}, {""typ"": ""status"", ""term"": ""accepted""}, {""typ"": ""taxonRankID"", ""term"": ""220""}, {""typ"": ""url"", ""term"": ""https://www.marinespecies.org/aphia.php?p=taxdetails&id=207942""}, {""typ"": ""valid_AphiaID"", ""term"": ""207942""}, {""typ"": ""valid_authority"", ""term"": ""(Linnaeus, 1758)""}, {""typ"": ""valid_name"", ""term"": ""Epitonium scalare""}], ""source"": ""WoRMS (via Arctos)"", ""classification_id"": ""https://arctos.database.museum/name/Epitonium scalare#WoRMSviaArctos""}, ""taxon_id"": ""https://arctos.database.museum/name/Epitonium scalare"", ""variable"": ""A""}], ""identification_order"": 1, ""identification_agents"": [{""agentID"": ""https://arctos.database.museum/agent/0"", ""agent_name"": ""unknown""}], ""identification_remarks"": ""legacy ID from dealer label"", ""identification_attributes"": [{""attribute_date"": ""2023-12-07"", ""attribute_type"": ""identification confidence"", ""attribute_units"": null, ""attribute_value"": ""medium"", ""attribute_method"": null, ""attribute_remark"": null, ""attribute_determiner"": {""agentID"": ""https://arctos.database.museum/agent/21263870"", ""agent_name"": ""Jim Thompson""}}, {""attribute_date"": ""2023-12-07"", ""attribute_type"": ""nature of identification"", ""attribute_units"": null, ""attribute_value"": ""features"", ""attribute_method"": null, ""attribute_remark"": ""legacy ID confirmed"", ""attribute_determiner"": {""agentID"": ""https://arctos.database.museum/agent/21263870"", ""agent_name"": ""Jim Thompson""}}]}]","decimal degrees","14.493288/120.90335","","","","","","","","","","","","",""
"","PreservedSpecimen","","","104009","Octocorallia","1341","IZ","Philippines","794275200000","794275200000","794275200000","1995","4","14.170135","120.575502","12.19","1995-03-04","Cladiellidae","1749530","Cladiella","205863","","","","","","CAS","Animalia","2","Nasugbu, Hamilo Cove, 14deg-10'N, 120 deg,33'E,","true","","12.19","3","Malacalcyonacea","1609357","","","Cnidaria","1267","Cladiella","","","","","","Anthozoa","1292","","","","","","1995","81126ac2-f03e-4865-bf96-a52a1cdf30f6","aa16d305-d413-4c4a-90be-b1ec3298d58d","[""b7c47783-a020-4173-b390-7b57c4fa1426""]","false","false","Cladiella","205863","[]","-21","78","28.48","31.91","https://www.gbif.org/grscicoll/collection/5d4a63d3-e994-4b19-b592-e853a8e3b470","Asia","5729","1995-04-01","046286","","[needs verification] Hamilo Cove. Placed marker near Hamilo Point.","Animalia, Cnidaria, Anthozoa, Octocorallia, Alcyonacea, Alcyoniina, Alcyoniidae","Asia, North Pacific Ocean, Philippines, Luzon","G.C. Williams","http://grscicoll.org/institution/california-academy-sciences","en","https://creativecommons.org/publicdomain/zero/1.0/","","ICZN","urn:catalog:CAS:IZ:104009","","Fluid-75% EtOH(6)","Gray, 1869","","63","","","Biota","1","","Physical Object","14.170135","120.575502","Water temp: 78deg F, Visibility 25-30'","","WGS 84","062693ea-2598-11ed-aace-005056be1b7a","","G.C. Williams","Batangas Province","","","","","","","","","","","","","","","","","","","","","","","","","","","","","","","","","","","","","","","","","","","","","","","","","","","","","","","","","","","","","","","","","",""
"","HumanObservation","","","256260569","Aves","1836","Observations","","1734998400000","1734998400000","1734998400000","2024","","14.144146396","120.6409367472","","2024-12-24T13:50:46+08:00","Ardeidae","148747","Egretta","159113","","","","Gnathostomata","1828","iNaturalist","Animalia","2","","true","","","","Ciconiiformes","148746","","","Chordata","1821","Egretta eulophotes","urn:lsid:marinespecies.org:taxname:446492","Egretta eulophotes","446492","","","Vertebrata","146419","Reptilia","1838","","","","","82a4157d-c8aa-43cc-923d-9e172e788cf0","eaea291a-1e1d-4382-b86f-ac3cc15b8d5a","[""f92d5d7f-47a6-4605-9fd0-a8538dfde3fd""]","false","false","Egretta eulophotes","446492","[""NO_DEPTH"",""ON_LAND""]","-143","-3357","28.43","31.84","","","30981","2025-01-18T08:36:12Z","","","","","","Mathieu Soetens","","","https://creativecommons.org/licenses/by/4.0/","2025-07-23T07:37:03Z","","https://www.inaturalist.org/observations/256260569","","","","","","","","Biota","1","species","","","","","13:50:46+08:00","EPSG:4326","","","Mathieu Soetens","Batangas","2024-12-24 13:50:46","","","","","","","","","","","","PH","iNaturalist research-grade observations","584386911","urn:lsid:marinespecies.org:taxname:446492","https://www.inaturalist.org/observations/256260569","Mathieu Soetens","4949","Philippines","","","","","","","","","","Coordinate uncertainty increased to 30981m to protect threatened taxon","","","","","","","","Tetrapoda","1831","","","","","","","","","","","","","","","","","","","VU","","","","","","","",""
"","PreservedSpecimen","","","103915","Octocorallia","1341","IZ","Philippines","794275200000","794275200000","794275200000","1995","4","14.170135","120.575502","12.19","1995-03-04","Plexauridae","125277","","","","","","","","CAS","Animalia","2","Nasugbu, Hamilo Cove, 14deg-10'N, 120 deg,33'E,","true","","12.19","3","Malacalcyonacea","1609357","","","Cnidaria","1267","Plexauridae","","","","","","Anthozoa","1292","","","","","","1995","82d28b19-176e-4a14-9dba-d2157067d294","aa16d305-d413-4c4a-90be-b1ec3298d58d","[""b7c47783-a020-4173-b390-7b57c4fa1426""]","false","false","Plexauridae","125277","[]","-21","78","28.48","31.91","https://www.gbif.org/grscicoll/collection/5d4a63d3-e994-4b19-b592-e853a8e3b470","Asia","5729","","046286","","[needs verification] Hamilo Cove. Placed marker near Hamilo Point.","Animalia, Cnidaria, Anthozoa, Octocorallia, Alcyonacea, Holaxonia, Plexauridae","Asia, North Pacific Ocean, Philippines, Luzon","","http://grscicoll.org/institution/california-academy-sciences","en","https://creativecommons.org/publicdomain/zero/1.0/","","ICZN","urn:catalog:CAS:IZ:103915","","Fluid-75% EtOH(2)","Gray, 1859","","63","","","Biota","1","","Physical Object","14.170135","120.575502","Water temp: 78deg F, Visibility 25-30'","","WGS 84","062693ea-2598-11ed-aace-005056be1b7a","","G.C. Williams","Batangas Province","","","","","","","","","","","","","","","","","","","","","","","","","","","","","","","","","","","","","","","","","","","","","","","","","","","","","","","","","","","","","","","","","",""
"","PreservedSpecimen","","true","21728","Teleostei","293496","SU","Philippines","","","","","","14.245076","120.610974","","","Sillaginidae","125563","Sillago","126072","Actinopterygii","10194","1","Gnathostomata","1828","CAS","Animalia","2","","true","","","","Eupercaria incertae sedis","1517577","Osteichthyes","152352","Chordata","1821","Sillago sihama","urn:lsid:marinespecies.org:taxname:127046","Sillago sihama","127046","","","Vertebrata","146419","Actinopteri","843664","","","true","","83efab83-717f-4310-a1da-8458a050e706","2891a788-9f30-4413-8f73-9e7686890e9d","[""dcb0c76d-46a1-4e07-9a69-98cf3fd67576""]","false","false","Sillago sihama","127046","[""NO_DEPTH""]","25","1307","","","62","","3131","","","","","","","","","","(CC-BY NC) 4.0","42:22.0","","FN2[31218531]:CAS-62[127046:21728]","","","","","","","","","","","Collection","","","","","","","","Seale, Alvin","","","","","","","","","","","","","","","CAS","","","","Tulane University","127046","","Non-commercial use only","TU","31088498","","","","","","","","","","","","","","","","","Luzon I.","","","","","","","","","","","","","","","","","","","","","","","","","",""
"","PreservedSpecimen","","","103784","Gastropoda","101","IZ","Philippines","794275200000","794275200000","794275200000","1995","4","14.170135","120.575502","10","1995-03-04","Aglajidae","22981","Odontoglaja","559046","","","","","","CAS","Animalia","2","Hamilo Bay, Pinnacle Rock","true","","10","3","Cephalaspidea","154","","","Mollusca","51","Odontoglaja guamensis","","Odontoglaja guamensis","559047","","","","","","","","","","1995","88e4483b-a3db-4427-841f-ae54270f71af","aa16d305-d413-4c4a-90be-b1ec3298d58d","[""b7c47783-a020-4173-b390-7b57c4fa1426""]","false","false","Odontoglaja guamensis","559047","[]","-21","78","28.48","31.91","https://www.gbif.org/grscicoll/collection/5d4a63d3-e994-4b19-b592-e853a8e3b470","Asia","5729","1995-03-04","046533","","[needs verification] Hamilo Bay. Placed marker near Hamilo Point.","Animalia, Mollusca, Gastropoda, Heterobranchia, Euthyneura, Tectipleura, Cephalaspidea, Philinoidea, Aglajidae","Asia, North Pacific Ocean, Philippines, Luzon Island","T.M. Gosliner","http://grscicoll.org/institution/california-academy-sciences","en","https://creativecommons.org/publicdomain/zero/1.0/","","ICZN","urn:catalog:CAS:IZ:103784","","Fluid-75% EtOH(1)|Image(s)(1)","Rudman, 1978","guamensis","63","","","Biota","1","species","Physical Object","14.170135","120.575502","","","WGS 84","0627b0de-2598-11ed-aace-005056be1b7a","","M.T. Ghiselin","Batangas Province","04 Mar 1995","Euthyneura","1057247","Heterobranchia","14712","Tectipleura","1057250","Philinoidea","196322","","","","","","","","","","","","","","","","","","","","","","","","","","","","","","","","","","","","","","","","","","","","","","","","","","","","","","","","",""
"","PreservedSpecimen","","false","57150","Teleostei","293496","I","Philippines","","","","","11","14.433333","120.833333","","","Apogonidae","125518","Ostorhinchus","297317","Actinopterygii","10194","","Gnathostomata","1828","KAUM","Animalia","2","","true","","","10","Kurtiformes","1517499","Osteichthyes","152352","Chordata","1821","Ostorhinchus pleuron","urn:lsid:marinespecies.org:taxname:273073","Ostorhinchus pleuron","712683","Apogoninae","267079","Vertebrata","146419","Actinopteri","843664","273073","","","2013","891458c1-6061-467b-ab4d-dde63d3f8f77","2891a788-9f30-4413-8f73-9e7686890e9d","[""dcb0c76d-46a1-4e07-9a69-98cf3fd67576""]","false","false","Apogon pleuron","712683","[""NO_DEPTH""]","9","2199","28.52","31.38","72","","","","","","","","","","","","(CC-BY NC) 4.0","2016-03-14T23:18:32+09:00","","FN2[31561992]:KAUM-72[273073:57150]","","","","","","","","","","","Collection","","","","","","","","","","","","","","","","","","","","","","","KAUM","","","","Tulane University","273073","","Non-commercial use only","TU","30240528","0 meters","","","","","","","","","","","","","","","","","","","","","","","","","","","","","","","","","","","","","","","","","",""
"","PreservedSpecimen","","true","458684","Gastropoda","101","IZ","Philippines","289267200000","289267200000","289267200000","1979","3","14.409493","120.838067","0","1979-03-03","Planaxidae","23097","","","","","","","","CAS","Animalia","2","55 km S of Manila, Ternate, from a small beach on cove near a river, at water's edge.","true","","0","3","Caenogastropoda incertae sedis","382204","","","Mollusca","51","Planaxidae","","","","","","","","","","","","true","1979","89451096-9541-4ede-8bb4-558e8e2b3584","aa16d305-d413-4c4a-90be-b1ec3298d58d","[""b7c47783-a020-4173-b390-7b57c4fa1426""]","false","false","Planaxidae","23097","[]","2","560","","","https://www.gbif.org/grscicoll/collection/5d4a63d3-e994-4b19-b592-e853a8e3b470","Asia","17050","","003118","","[no precise location] Cavite Province. Placed marker at the coast of Cavite.","Animalia, Mollusca, Gastropoda, Caenogastropoda, [unassigned] Caenogastropoda, Cerithioidea, Planaxidae","Asia, North Pacific Ocean, Philippines, Luzon","","http://grscicoll.org/institution/california-academy-sciences","en","https://creativecommons.org/publicdomain/zero/1.0/","2026-08-06 07:57:23","ICZN","urn:catalog:CAS:IZ:458684","","Fluid-75% EtOH(6)","Gray, 1850","","62","","","Biota","1","","Physical Object","14.409493","120.838067","Specimens in 1-8 oz. bottle and in very good condition. Ecological data: murky water, a few stones at water's edge.Original accession date 5 Apr 1979.","","WGS 84","0573d704-2598-11ed-aace-005056be1b7a","formerly IZ Acc. No. 970-P.","Antonio J. Ferreira","Cavite Province","3 Mar 1979","","","Caenogastropoda","224570","","","Cerithioidea","14769","","","","","","","","","","","","","","","","","","","rock","","","","","","","","","","","","","","","","","","","","","","","","","","","","","","","","","","","","","",""
"","PreservedSpecimen","","","104012","Octocorallia","1341","IZ","Philippines","794275200000","794275200000","794275200000","1995","4","14.170135","120.575502","12.190000000000001","1995-03-04","Plexauridae","125277","","","","","","","","CAS","Animalia","2","Nasugbu, Hamilo Cove, Hamilo Cove Point","true","16.76","7.62","3","Malacalcyonacea","1609357","","","Cnidaria","1267","Plexauridae","","","","","","Anthozoa","1292","","","","","","1995","8a394d3b-f77a-44c0-a903-e5baf85181a9","aa16d305-d413-4c4a-90be-b1ec3298d58d","[""b7c47783-a020-4173-b390-7b57c4fa1426""]","false","false","Plexauridae","125277","[]","-21","78","28.48","31.91","https://www.gbif.org/grscicoll/collection/5d4a63d3-e994-4b19-b592-e853a8e3b470","Asia","5729","1995-04-01","046288","","[needs verification] Hamilo Cove. Placed marker near Hamilo Point.","Animalia, Cnidaria, Anthozoa, Octocorallia, Alcyonacea, Holaxonia, Plexauridae","Asia, North Pacific Ocean, Philippines, Luzon","G.C. Williams","http://grscicoll.org/institution/california-academy-sciences","en","https://creativecommons.org/publicdomain/zero/1.0/","","ICZN","urn:catalog:CAS:IZ:104012","","Fluid-75% EtOH(1)","Gray, 1859","","63","","","Biota","1","","Physical Object","14.170135","120.575502","Water temp: 78deg F, Visibility 15', ""murky"" conditions; Eleutherobia collected at 45 ft; many gorgonians (plexaurids).","4 Mar 1995","WGS 84","06269608-2598-11ed-aace-005056be1b7a","","Gary C. Williams","Batangas Province","4 Mar 1995","","","","","","","","","","","","","","","","","","","","","","","","","","","","","","","","","","","","","","","","","","","","","","","","","","","","","","","","","","","","","","","","",""
"","PreservedSpecimen","","false","52211","Teleostei","293496","ICH","Philippines","-702172800000","-702172800000","-702172800000","1947","2","14.358786","120.760205","","1947-10-02","Apogonidae","125518","Amioides","712359","Actinopterygii","10194","1","Gnathostomata","1828","CAS","Animalia","2","Coast of Cavite Province: S. entrance to Manila Bay.","true","","","10","Kurtiformes","1517499","Osteichthyes","152352","Chordata","1821","Amioides polyacanthus","","Amioides polyacanthus","1017557","Apogoninae","267079","Vertebrata","146419","Actinopteri","843664","712583","Manila Bay","","1947","8a931e4e-58f6-4528-86b5-45c96d5e0459","d6af0fac-8a21-4d77-8872-f10d471fc0cf","[""b7c47783-a020-4173-b390-7b57c4fa1426""]","false","false","Amioides grossidens","1017557","[""NO_DEPTH""]","8","2461","28.51","31.51","http://grscicoll.org/institutional-collection/cas-ichthyology","Pacific Ocean","24829","","AWH 2-X-47C","FishNet Collaborative Georeferencing Project","Error covers Manila Bay off Cavite Province.","Chordata, Actinopteri, Gobiiformes, Apogonoidei, Apogonidae, Amioidinae","Pacific Ocean, Indo-West Pacific, Philippines","","http://grscicoll.org/institution/california-academy-sciences","en","https://creativecommons.org/publicdomain/zero/1.0/","1995-04-14 00:00:00","ICZN","urn:catalog:CAS:ICH:52211","UW 9319","alcohol-75% EtOH","(Smith & Radcliffe 1912)","grossidens","275","","","Biota","1","species","Physical Object","14.358786°","120.760205°","","","","","","Herre, Albert W.","Cavite","","","","","","","","","","","","","","","","","","","","","","","","","","","","","","","","","","","","","","","","","","","","","","","","","","","","","","","","","","","","","","","","","",""
"","PreservedSpecimen","","true","458174","Gastropoda","101","IZ","Philippines","289526400000","289440000000","289353600000","1979","4","14.115468","120.612432","0.61","1979-03-04/06","Littorinidae","119","","","","","","","","CAS","Animalia","2","Nasugbu, in front of the ""Maya-Maya Reef Club""","true","1.22","0","3","Littorinimorpha","382213","","","Mollusca","51","Littorinidae","","","","","","","","","","","","true","1979","8be4e5bf-8f66-4f8b-be38-011dc879338f","aa16d305-d413-4c4a-90be-b1ec3298d58d","[""b7c47783-a020-4173-b390-7b57c4fa1426""]","false","false","Littorinidae","119","[]","-3","15","28.43","31.84","https://www.gbif.org/grscicoll/collection/5d4a63d3-e994-4b19-b592-e853a8e3b470","Asia","667","","003115","","Placed marker near Maya-maya Club, Given coordinates are located inland.","Animalia, Mollusca, Gastropoda, Caenogastropoda, Littorinimorpha, Littorinoidea, Littorinidae","Asia, North Pacific Ocean, Philippines, Luzon","","http://grscicoll.org/institution/california-academy-sciences","en","https://creativecommons.org/publicdomain/zero/1.0/","2026-06-08 08:50:40","ICZN","urn:catalog:CAS:IZ:458174","","Fluid-75% EtOH(3)","Children, 1834","","63","","","Biota","1","","Physical Object","14.115468","120.612432","Specimens in 2-8 oz. bottles and in very good condition.Original accession date 3 Apr 1979.","","WGS 84","0573d53e-2598-11ed-aace-005056be1b7a","Formerly IZ Acc. No. 970-M.","Antonio J. Ferreira","Batangas Province","4-6 Mar 1979","","","Caenogastropoda","224570","","","Littorinoidea","14766","","","","","","","","","","","","","","","","","","65","","","","","","","","","","","","","","","","","","","","","","","","","","","","","","","","","","","","","","",""
"","PreservedSpecimen","","true","57156","Teleostei","293496","I","Philippines","","","","","11","14.433333","120.833333","","","Apogonidae","125518","Jaydia","206779","Actinopterygii","10194","","Gnathostomata","1828","KAUM","Animalia","2","","true","","","10","Kurtiformes","1517499","Osteichthyes","152352","Chordata","1821","Jaydia poeciloptera","urn:lsid:marinespecies.org:taxname:273074","Jaydia poeciloptera","1059799","Apogoninae","267079","Vertebrata","146419","Actinopteri","843664","273074","","","2013","8f34c6bd-1004-423d-93be-5145256ee2d2","2891a788-9f30-4413-8f73-9e7686890e9d","[""dcb0c76d-46a1-4e07-9a69-98cf3fd67576""]","false","false","Apogon poecilopterus","1059799","[""NO_DEPTH""]","9","2199","28.52","31.38","72","","","","","","","","","","","","(CC-BY NC) 4.0","2016-03-14T23:18:51+09:00","","FN2[31561998]:KAUM-72[273074:57156]","","","","","","","","","","","Collection","","","","","","","","","","","","","","","","","","","","","","","KAUM","","","","Tulane University","273074","","Non-commercial use only","TU","30240534","0 meters","","","","","","","","","","","","","","","","","","","","","","","","","","","","","","","","","","","","","","","","","",""
"","HumanObservation","","false","331509823","Malacostraca","1071","Observations","","1766275200000","1766275200000","1766275200000","2025","","14.1083609771","120.6241427084","","2025-12-21T12:40:30+08:00","Coenobitidae","196140","Coenobita","205507","","","","","","iNaturalist","Animalia","2","","true","","","","Decapoda","1130","","","Arthropoda","1065","Coenobita rugosus","urn:lsid:marinespecies.org:taxname:208657","Coenobita rugosus","208657","","","Crustacea","1066","Multicrustacea","845959","","","","","8fae88f6-493f-40e4-bdfb-ac8d3dc44469","eaea291a-1e1d-4382-b86f-ac3cc15b8d5a","[""f92d5d7f-47a6-4605-9fd0-a8538dfde3fd""]","false","false","Coenobita rugosus","208657","[""NO_DEPTH""]","-10","23","28.43","31.84","","","36","2025-12-21T05:23:48Z","","","","","","theanimalspotter","","","https://creativecommons.org/licenses/by-nc/4.0/","2026-03-07T07:14:01Z","","https://www.inaturalist.org/observations/331509823","","","","","","Pleocyemata","106670","Biota","1","species","","","","","12:40:30+08:00","EPSG:4326","","This tawny hermit crab was spotted on the sandy beaches of Batangas in the Philippines. As per WildSingapore, the species tend to be between 1-2cm, with similarly sized pincers.","theanimalspotter","Batangas","2025-12-21 12:40:30","","","Eumalacostraca","1086","","","Paguroidea","106687","Eucarida","1089","","PH","iNaturalist research-grade observations","740731545","urn:lsid:marinespecies.org:taxname:208657","https://www.inaturalist.org/observations/331509823","theanimalspotter","123362","Calabarzon, PH","","","","","Anomura","106671","","","","","","","","","","","","","","","","","","","","","","","","","","","","","","","","","","","","","","","",""
"","PreservedSpecimen","","true","171514","Gastropoda","101","IZ","Philippines","-142128000000","-142128000000","-142128000000","1965","1","14.409493","120.838067","","1965-07-01","Naticidae","145","","","","","","","","CAS","Animalia","2","Cavite","true","","","7","Littorinimorpha","382213","","","Mollusca","51","Naticidae","","","","","","","","","","","","true","1965","908365de-d41d-413d-a2b1-f0cce3737cca","aa16d305-d413-4c4a-90be-b1ec3298d58d","[""b7c47783-a020-4173-b390-7b57c4fa1426""]","false","false","Naticidae","145","[""NO_DEPTH""]","2","560","","","https://www.gbif.org/grscicoll/collection/5d4a63d3-e994-4b19-b592-e853a8e3b470","Asia","17050","1965-07-01","069624","","[no precise location] Cavite Province. Placed marker at the coast of Cavite.","Animalia, Mollusca, Gastropoda, Caenogastropoda, Littorinimorpha, Naticoidea, Naticidae","Asia, North Pacific Ocean, Philippines, Luzon","P. de Mesa","http://grscicoll.org/institution/california-academy-sciences","en","https://creativecommons.org/publicdomain/zero/1.0/","","ICZN","urn:catalog:CAS:IZ:171514","","Dry-dry(2)","Guilding, 1834","","182","","","Biota","1","","Physical Object","14.409493","120.838067","","","WGS 84","05e07e99-2598-11ed-aace-005056be1b7a","","P. de Mesa","Cavite Province [= Cavite]","01 Jul 1965","","","Caenogastropoda","224570","","","Naticoidea","14776","","","","","","","","","","","","","","","","","","","","","","","","","","","","","","","","","","","","","","","","","","","","","","","","","","","","","","","","",""
"","PreservedSpecimen","","","103856","Octocorallia","1341","IZ","Philippines","794275200000","794275200000","794275200000","1995","4","14.170135","120.575502","12.190000000000001","1995-03-04","Plexauridae","125277","","","","","","","","CAS","Animalia","2","Nasugbu, Hamilo Cove, Hamilo Cove Point","true","16.76","7.62","3","Malacalcyonacea","1609357","","","Cnidaria","1267","Plexauridae","","","","","","Anthozoa","1292","","","","","","1995","90ea9348-df67-48bc-b9db-dc21af34ee13","aa16d305-d413-4c4a-90be-b1ec3298d58d","[""b7c47783-a020-4173-b390-7b57c4fa1426""]","false","false","Plexauridae","125277","[]","-21","78","28.48","31.91","https://www.gbif.org/grscicoll/collection/5d4a63d3-e994-4b19-b592-e853a8e3b470","Asia","5729","","046288","","[needs verification] Hamilo Cove. Placed marker near Hamilo Point.","Animalia, Cnidaria, Anthozoa, Octocorallia, Alcyonacea, Holaxonia, Plexauridae","Asia, North Pacific Ocean, Philippines, Luzon","","http://grscicoll.org/institution/california-academy-sciences","en","https://creativecommons.org/publicdomain/zero/1.0/","","ICZN","urn:catalog:CAS:IZ:103856","","Fluid-75% EtOH(1)","Gray, 1859","","63","","","Biota","1","","Physical Object","14.170135","120.575502","Water temp: 78deg F, Visibility 15', ""murky"" conditions; Eleutherobia collected at 45 ft; many gorgonians (plexaurids).","4 Mar 1995","WGS 84","06269608-2598-11ed-aace-005056be1b7a","","Gary C. Williams","Batangas Province","4 Mar 1995","","","","","","","","","","","","","","","","","","","","","","","","","","","","","","","","","","","","","","","","","","","","","","","","","","","","","","","","","","","","","","","","",""
"","PreservedSpecimen","","","103702","Gastropoda","101","IZ","Philippines","794275200000","794275200000","794275200000","1995","4","14.170135","120.575502","","1995-03-04","Myrrhinidae","570862","Phyllodesmium","204424","","","","","","CAS","Animalia","2","Hamilo Bay, The Head","true","","","3","Nudibranchia","1762","","","Mollusca","51","Phyllodesmium","","","","","","","","","","","","","1995","927b89f3-60d8-4402-8bfe-cb14aab84b18","aa16d305-d413-4c4a-90be-b1ec3298d58d","[""b7c47783-a020-4173-b390-7b57c4fa1426""]","false","false","Phyllodesmium","204424","[""NO_DEPTH""]","-21","78","28.48","31.91","https://www.gbif.org/grscicoll/collection/5d4a63d3-e994-4b19-b592-e853a8e3b470","Asia","5729","1995-03-04","046511","","[needs verification] Hamilo Bay. Placed marker near Hamilo Point.","Animalia, Mollusca, Gastropoda, Heterobranchia, Euthyneura, Ringipleura, Nudipleura, Nudibranchia, Cladobranchia, Aeolidioidea, Myrrhinidae","Asia, North Pacific Ocean, Philippines, Luzon Island","T.M. Gosliner","http://grscicoll.org/institution/california-academy-sciences","en","https://creativecommons.org/publicdomain/zero/1.0/","","ICZN","urn:catalog:CAS:IZ:103702","","Fluid-75% EtOH(2)|Image(s)(1)","Ehrenberg, 1831","","63","Aeolidina","1565561","Biota","1","","Physical Object","14.170135","120.575502","","","WGS 84","062342d9-2598-11ed-aace-005056be1b7a","""white with recurved cerata""","T.M. Gosliner","Batangas Province","","Euthyneura","1057247","Heterobranchia","14712","Ringipleura","1057249","Aeolidioidea","189","Nudipleura","411966","","","","","","","","","","","","","","","","","","","","","","","","","","","","","","","","","","","","","","","","","","","","","","","","","","","","","","",""
"","PreservedSpecimen","","","175891","Octocorallia","1341","IZ","Philippines","794275200000","794275200000","794275200000","1995","4","14.170135","120.575502","","1995-03-04","Alcyoniidae","125269","Eleutherobia","203986","","","","","","CAS","Animalia","2","Hamilo Bay, The Head","true","","","3","Malacalcyonacea","1609357","","","Cnidaria","1267","Eleutherobia","","","","","","Anthozoa","1292","","","","","","1995","92831e68-4b4d-4543-a3a9-50c7575b5d69","aa16d305-d413-4c4a-90be-b1ec3298d58d","[""b7c47783-a020-4173-b390-7b57c4fa1426""]","false","false","Eleutherobia","203986","[""NO_DEPTH""]","-21","78","28.48","31.91","https://www.gbif.org/grscicoll/collection/5d4a63d3-e994-4b19-b592-e853a8e3b470","Asia","5729","","045956","","[needs verification] Hamilo Bay. Placed marker near Hamilo Point.","Animalia, Cnidaria, Anthozoa, Octocorallia, Alcyonacea, Alcyoniina, Alcyoniidae","Asia, North Pacific Ocean, Philippines, Luzon Island","","http://grscicoll.org/institution/california-academy-sciences","en","https://creativecommons.org/publicdomain/zero/1.0/","2026-08-17 12:41:39","ICZN","urn:catalog:CAS:IZ:175891","","Fluid-75% EtOH(3)","Pütter, 1900","","63","","","Biota","1","","Physical Object","14.170135","120.575502","","","WGS 84","062342d9-2598-11ed-aace-005056be1b7a","","G.C. Williams","Batangas Province","","","","","","","","","","","","","","","","","","","","","","","","","","","","","","","","","","","","","","","","","","","","","","","","","","","","","","","","","","","","","","","","","",""
"","PreservedSpecimen","","","54657","Bivalvia","105","IZ","Philippines","","","","","","14.37491","120.77824","","","Arcidae","208","Barbatia","137672","","","","","","CAS","Animalia","2","Manila Bay, Cavite","true","","","","Arcida","207","","","Mollusca","51","Barbatia","","","","","","","","","","","","true","","9409b0a7-54e2-4645-9c7f-83ab6ed76ba6","aa16d305-d413-4c4a-90be-b1ec3298d58d","[""b7c47783-a020-4173-b390-7b57c4fa1426""]","false","false","Barbatia","137672","[""NO_DEPTH""]","6","2081","28.51","31.51","https://www.gbif.org/grscicoll/collection/5d4a63d3-e994-4b19-b592-e853a8e3b470","Asia","23379","","180700","","Placed marker in Manila Bay, with large uncertainty radius. Precise location: off Cavite","Animalia, Mollusca, Bivalvia, Autobranchia, Pteriomorphia, Arcida, Arcoidea, Arcidae","Asia, North Pacific Ocean, Philippines, Luzon Island","","http://grscicoll.org/institution/california-academy-sciences","en","https://creativecommons.org/publicdomain/zero/1.0/","2026-08-24 17:45:11","ICZN","urn:catalog:CAS:IZ:54657","35714","Dry-dry(2)","Gray, 1842","","","","","Biota","1","","Physical Object","14.37491° N","120.77824° E","Data transcribed from catalogue card by Notes from Nature volunteers via Zooniverse.","","WGS 84","da2b82b7-2174-4bc9-80d5-4895515cf5a0","2 valves","H.G. Schenck","Cavite [Province]","","Pteriomorphia","206","Autobranchia","1424948","","","Arcoidea","489054","","","","","","","","","","","","","","","","","","","","","","","","","","","","","","","","","","","","","","","","","","","","","","","","","","","","","","","","",""
"","PreservedSpecimen","","","103901","Octocorallia","1341","IZ","Philippines","794275200000","794275200000","794275200000","1995","4","14.170135","120.575502","12.190000000000001","1995-03-04","Plexauridae","125277","","","","","","","","CAS","Animalia","2","Nasugbu, Hamilo Cove, Hamilo Cove Point","true","16.76","7.62","3","Malacalcyonacea","1609357","","","Cnidaria","1267","Plexauridae","","","","","","Anthozoa","1292","","","","","","1995","953ebefb-dfb9-40c8-8129-7081d7347c47","aa16d305-d413-4c4a-90be-b1ec3298d58d","[""b7c47783-a020-4173-b390-7b57c4fa1426""]","false","false","Plexauridae","125277","[]","-21","78","28.48","31.91","https://www.gbif.org/grscicoll/collection/5d4a63d3-e994-4b19-b592-e853a8e3b470","Asia","5729","","046288","","[needs verification] Hamilo Cove. Placed marker near Hamilo Point.","Animalia, Cnidaria, Anthozoa, Octocorallia, Alcyonacea, Holaxonia, Plexauridae","Asia, North Pacific Ocean, Philippines, Luzon","","http://grscicoll.org/institution/california-academy-sciences","en","https://creativecommons.org/publicdomain/zero/1.0/","","ICZN","urn:catalog:CAS:IZ:103901","","Fluid-75% EtOH(1)","Gray, 1859","","63","","","Biota","1","","Physical Object","14.170135","120.575502","Water temp: 78deg F, Visibility 15', ""murky"" conditions; Eleutherobia collected at 45 ft; many gorgonians (plexaurids).","4 Mar 1995","WGS 84","06269608-2598-11ed-aace-005056be1b7a","","Gary C. Williams","Batangas Province","4 Mar 1995","","","","","","","","","","","","","","","","","","","","","","","","","","","","","","","","","","","","","","","","","","","","","","","","","","","","","","","","","","","","","","","","",""
"","PreservedSpecimen","","","103557","Gastropoda","101","IZ","Philippines","794275200000","794275200000","794275200000","1995","4","14.170135","120.575502","9","1995-03-04","Plakobranchidae","411960","Thuridilla","137929","","","","","","CAS","Animalia","2","Hamilo Bay, The Head","true","","9","3","","","","","Mollusca","51","Thuridilla flavomaculata","","Thuridilla flavomaculata","494493","","","","","","","","","","1995","95b16f31-1297-4dcd-b601-302746199977","aa16d305-d413-4c4a-90be-b1ec3298d58d","[""b7c47783-a020-4173-b390-7b57c4fa1426""]","false","false","Thuridilla flavomaculata","494493","[]","-21","78","28.48","31.91","https://www.gbif.org/grscicoll/collection/5d4a63d3-e994-4b19-b592-e853a8e3b470","Asia","5729","1995-12-12","046881","","[needs verification] Hamilo Bay. Placed marker near Hamilo Point.","Animalia, Mollusca, Gastropoda, Heterobranchia, Euthyneura, Tectipleura, Sacoglossa, Plakobranchoidea, Plakobranchidae","Asia, North Pacific Ocean, Philippines, Luzon Island","T.M. Gosliner","http://grscicoll.org/institution/california-academy-sciences","en","https://creativecommons.org/publicdomain/zero/1.0/","","ICZN","urn:catalog:CAS:IZ:103557","","Fluid-75% EtOH(1)","Gosliner, 1995","flavomaculata","63","","","Biota","1","species","Physical Object","14.170135","120.575502","","","WGS 84","062912d9-2598-11ed-aace-005056be1b7a","","Mel Segarra","Batangas Province","04 Mar 1995","Euthyneura","1057247","Heterobranchia","14712","Tectipleura","1057250","Plakobranchoidea","411959","Sacoglossa","167","HOLOTYPE","","","","","","","","","","","","","","","","","","","","","","","","","","","","","","","","","","","","","","","","","","","","","","","","","","","","","",""
"","PreservedSpecimen","","true","458189","Gastropoda","101","IZ","Philippines","289267200000","289267200000","289267200000","1979","3","14.409493","120.838067","0","1979-03-03","Littorinidae","119","","","","","","","","CAS","Animalia","2","55 km S of Manila, Ternate, from a small beach on cove near a river, at water's edge.","true","","0","3","Littorinimorpha","382213","","","Mollusca","51","Littorinidae","","","","","","","","","","","","true","1979","9701e095-8719-402d-83fc-c2a7d781e3e6","aa16d305-d413-4c4a-90be-b1ec3298d58d","[""b7c47783-a020-4173-b390-7b57c4fa1426""]","false","false","Littorinidae","119","[]","2","560","","","https://www.gbif.org/grscicoll/collection/5d4a63d3-e994-4b19-b592-e853a8e3b470","Asia","17050","","003118","","[no precise location] Cavite Province. Placed marker at the coast of Cavite.","Animalia, Mollusca, Gastropoda, Caenogastropoda, Littorinimorpha, Littorinoidea, Littorinidae","Asia, North Pacific Ocean, Philippines, Luzon","","http://grscicoll.org/institution/california-academy-sciences","en","https://creativecommons.org/publicdomain/zero/1.0/","2026-06-08 08:50:44","ICZN","urn:catalog:CAS:IZ:458189","","Fluid-75% EtOH(1)","Children, 1834","","62","","","Biota","1","","Physical Object","14.409493","120.838067","Specimens in 1-8 oz. bottle and in very good condition. Ecological data: murky water, a few stones at water's edge.Original accession date 5 Apr 1979.","","WGS 84","0573d704-2598-11ed-aace-005056be1b7a","Formerly IZ Acc. No. 0970-P.","Antonio J. Ferreira","Cavite Province","3 Mar 1979","","","Caenogastropoda","224570","","","Littorinoidea","14766","","","","","","","","","","","","","","","","","","","rock","","","","","","","","","","","","","","","","","","","","","","","","","","","","","","","","","","","","","",""
"","PreservedSpecimen","","true","57158","Teleostei","293496","I","Philippines","","","","","11","14.433333","120.833333","","","Apogonidae","125518","Jaydia","206779","Actinopterygii","10194","","Gnathostomata","1828","KAUM","Animalia","2","","true","","","10","Kurtiformes","1517499","Osteichthyes","152352","Chordata","1821","Jaydia poeciloptera","urn:lsid:marinespecies.org:taxname:273074","Jaydia poeciloptera","1059799","Apogoninae","267079","Vertebrata","146419","Actinopteri","843664","273074","","","2013","98e36260-3cca-48a1-b95f-290d87f13651","2891a788-9f30-4413-8f73-9e7686890e9d","[""dcb0c76d-46a1-4e07-9a69-98cf3fd67576""]","false","false","Apogon poecilopterus","1059799","[""NO_DEPTH""]","9","2199","28.52","31.38","72","","","","","","","","","","","","(CC-BY NC) 4.0","2016-03-14T23:18:58+09:00","","FN2[31562000]:KAUM-72[273074:57158]","","","","","","","","","","","Collection","","","","","","","","","","","","","","","","","","","","","","","KAUM","","","","Tulane University","273074","","Non-commercial use only","TU","30240536","0 meters","","","","","","","","","","","","","","","","","","","","","","","","","","","","","","","","","","","","","","","","","",""
"","PreservedSpecimen","","true","51977","Teleostei","293496","ICH","Philippines","","","","","","14.358786","120.760205","","","Nemipteridae","151459","Nemipterus","205457","Actinopterygii","10194","1","Gnathostomata","1828","CAS","Animalia","2","","true","","","","Eupercaria incertae sedis","1517577","Osteichthyes","152352","Chordata","1821","Nemipterus peronii","urn:lsid:marinespecies.org:taxname:311497","Nemipterus peronii","218520","","","Vertebrata","146419","Actinopteri","843664","311497","","","","9af2a088-e4de-43bb-9f67-387236fe7abb","2891a788-9f30-4413-8f73-9e7686890e9d","[""dcb0c76d-46a1-4e07-9a69-98cf3fd67576""]","false","false","Nemipterus tolu","218520","[""NO_DEPTH""]","8","2461","28.51","31.51","62","","24829","","","","","","","","","","(CC-BY NC) 4.0","00:00.0","","FN2[31210303]:CAS-62[311497:51977]","","","","","","","","","","","Collection","","","","","","","","","","","","","","","","","","","","","","","CAS","","","","Tulane University","311497","","Non-commercial use only","TU","31078148","","","","","","","","","","","","","","","","","","","","","","","","","","","","","","","","","","","","","","","","","","",""
"","PreservedSpecimen","","","105705","Gastropoda","101","IZ","Philippines","794275200000","794275200000","794275200000","1995","4","14.170135","120.575502","12","1995-03-04","Chromodorididae","23003","Hypselodoris","137784","","","","","","CAS","Animalia","2","Hamilo Bay, Pinnacle Rock","true","","12","3","Doridida","1829294","","","Mollusca","51","Hypselodoris purpureomaculosa","","Hypselodoris purpureomaculosa","559984","Miamirinae","549835","","","","","","","","1995","9b779940-6878-47e0-85ad-d8c8f7bb3c90","aa16d305-d413-4c4a-90be-b1ec3298d58d","[""b7c47783-a020-4173-b390-7b57c4fa1426""]","false","false","Hypselodoris purpureomaculosa","559984","[]","-21","78","28.48","31.91","https://www.gbif.org/grscicoll/collection/5d4a63d3-e994-4b19-b592-e853a8e3b470","Asia","5729","1995-03-04","053063","","[needs verification] Hamilo Bay. Placed marker near Hamilo Point.","Animalia, Mollusca, Gastropoda, Heterobranchia, Euthyneura, Ringipleura, Nudipleura, Nudibranchia, Doridina, Doridoidei, Chromodoridoidea, Chromodorididae, Miamirinae","Asia, North Pacific Ocean, Philippines, Luzon Island","T.M. Gosliner","http://grscicoll.org/institution/california-academy-sciences","en","https://creativecommons.org/publicdomain/zero/1.0/","","ICZN","urn:catalog:CAS:IZ:105705","","Fluid-75% EtOH(1)","Hamatani, 1995","purpureomaculosa","63","","","Biota","1","species","Physical Object","14.170135","120.575502","","","WGS 84","0647868c-2598-11ed-aace-005056be1b7a","formerly IZ Acc. No. 46509.","T.M. Gosliner","Batangas Province","04 Mar 1995","Euthyneura","1057247","Heterobranchia","14712","Ringipleura","1057249","Chromodoridoidea","1370609","Nudipleura","411966","VOUCHER","","","","","","","","","","","","","Doridoidei","246038","","","","","","","","","","","","","","","","","","","","","","","","","","","","","","","","","","","","","","","",""
"","PreservedSpecimen","","true","57160","Teleostei","293496","I","Philippines","","","","","11","14.433333","120.833333","","","Apogonidae","125518","Jaydia","206779","Actinopterygii","10194","","Gnathostomata","1828","KAUM","Animalia","2","","true","","","10","Kurtiformes","1517499","Osteichthyes","152352","Chordata","1821","Jaydia poeciloptera","urn:lsid:marinespecies.org:taxname:273074","Jaydia poeciloptera","1059799","Apogoninae","267079","Vertebrata","146419","Actinopteri","843664","273074","","","2013","9f11d96f-3736-45ef-9ebc-4cb428b10f2c","2891a788-9f30-4413-8f73-9e7686890e9d","[""dcb0c76d-46a1-4e07-9a69-98cf3fd67576""]","false","false","Apogon poecilopterus","1059799","[""NO_DEPTH""]","9","2199","28.52","31.38","72","","","","","","","","","","","","(CC-BY NC) 4.0","2016-03-14T23:19:05+09:00","","FN2[31562002]:KAUM-72[273074:57160]","","","","","","","","","","","Collection","","","","","","","","","","","","","","","","","","","","","","","KAUM","","","","Tulane University","273074","","Non-commercial use only","TU","30240538","0 meters","","","","","","","","","","","","","","","","","","","","","","","","","","","","","","","","","","","","","","","","","",""
"National Museum of Natural History, Smithsonian Institution","PreservedSpecimen","Department of Vertebrate Zoology, Research and Collections Information System, NMNH, Smithsonian Institution","true","139605.5286869","Teleostei","293496","Vertebrate Zoology; Fishes","Philippines","-1921708800000","-1921708800000","-1921708800000","1909","8","14.3000001907","120.699996948","22","1909-02-08T12:00:00Z","Leiognathidae","125542","Nuchequula","397901","Actinopterygii","10194","9.0","Gnathostomata","1828","USNM","Animalia","2","Corregidor Lt., N. 74 Degrees W., 6.9 Miles, Manila Bay","true","22","22","2","Acanthuriformes","1517548","Osteichthyes","152352","Chordata","1821","Nuchequula blochii","urn:lsid:marinespecies.org:taxname:273617","Nuchequula blochii","398529","","","Vertebrata","146419","Actinopteri","843664","273617","Pacific","","1909","9f16eeaa-9c50-4cad-97f9-5a728254ea1f","d6d6fe4c-425f-4ce7-bf28-7a6befaeb413","[""310922b4-9d0c-4de1-92d7-9b442d34765b""]","false","false","Leiognathus blochii","398529","[]","10","1370","28.48","31.6","","","","","","","","","","","","","","","","","","","","","","","","","","","","","","","","","","","","","","","","","","","","","","","","","","","","","","","","","","","","","","","","","","","","","","","","","","","","","","","","","","","","","","","","","","","","","","","","","","","","","",""
"","PreservedSpecimen","","false","32860","Teleostei","293496","ICH","Philippines","-189388800000","-189388800000","-189388800000","1964","1","14.245076","120.610974","36.575","1964-01-01","Congridae","125427","Ariosoma","125622","Actinopterygii","10194","1","Gnathostomata","1828","CAS","Animalia","2","Luzon, S of Manila Bay, eastern side of Limbones Cove; high tide.","true","47.55","25.6","1","Anguilliformes","10295","Osteichthyes","152352","Chordata","1821","Ariosoma","","","","Bathymyrinae","151820","Vertebrata","146419","Actinopteri","843664","","","","1964","a1f04036-e6ad-4cd2-88b2-0098f52ef810","d6af0fac-8a21-4d77-8872-f10d471fc0cf","[""b7c47783-a020-4173-b390-7b57c4fa1426""]","false","false","Ariosoma","125622","[]","25","1307","","","http://grscicoll.org/institutional-collection/cas-ichthyology","Pacific Ocean","3131","","JEN 1-I-64","FishNet Collaborative Georeferencing Project","Polygon covers Limbones Cove. Coordinates placed at center of polygon.","Animalia, Chordata, Actinopteri, Anguilliformes, Congroidei, Congridae, Bathymyrinae","Pacific Ocean, Indo-West Pacific","","http://grscicoll.org/institution/california-academy-sciences","en","https://creativecommons.org/publicdomain/zero/1.0/","1995-02-16 00:00:00","ICZN","urn:catalog:CAS:ICH:32860","","alcohol-75% EtOH","Swainson 1838","","1","","","Biota","1","","Physical Object","14.245076°","120.610974°","Orig. no.5.","","","","Orig. no. 5","Norton, J. E.","","","","","","","","","","","","","","","","","","","","","","","","","14-26 fa","","","","","","","","","","","","","","","","","","","","","","","","","","","","","","","","","","","","","","","","","",""
"","HumanObservation","","false","331385568","Malacostraca","1071","Observations","","1766188800000","1766188800000","1766188800000","2025","","14.1333727122","120.5788395767","","2025-12-20T09:48:28+08:00","Grapsidae","106772","Grapsus","106963","","","","","","iNaturalist","Animalia","2","","true","","","","Decapoda","1130","","","Arthropoda","1065","Grapsus albolineatus","urn:lsid:marinespecies.org:taxname:207523","Grapsus albolineatus","207523","","","Crustacea","1066","Multicrustacea","845959","","","","","a2182535-0440-4531-8de0-2de5b698d0e5","eaea291a-1e1d-4382-b86f-ac3cc15b8d5a","[""f92d5d7f-47a6-4605-9fd0-a8538dfde3fd""]","false","false","Grapsus albolineatus","207523","[""NO_DEPTH""]","-5","1","28.47","32.01","","","83","2025-12-20T05:03:31Z","","","","","","theanimalspotter","","","https://creativecommons.org/licenses/by-nc/4.0/","2025-12-20T05:35:29Z","","https://www.inaturalist.org/observations/331385568","","","","","","Pleocyemata","106670","Biota","1","species","","","","","09:48:28+08:00","EPSG:4326","","This mottled lightfoot crab was tucked away in a tidepool at Sunset Beach in Batangas. As per the Marine Biodiversity Portal of Bangladesh, the species has a rounded carapace, with oblique striae on the lateral regions.","theanimalspotter","Batangas","2025-12-20 09:48:28","","","Eumalacostraca","1086","","","Grapsoidea","106706","Eucarida","1089","","PH","iNaturalist research-grade observations","740368491","urn:lsid:marinespecies.org:taxname:207523","https://www.inaturalist.org/observations/331385568","theanimalspotter","354596","Nasugbu, Batangas, PH","","","","","Brachyura","106673","","","","","","","","Eubrachyura","106679","Thoracotremata","106682","","","","","","","","","","","","","","","","","","","","","","","","","","","","",""
"National Museum of Natural History, Smithsonian Institution","PreservedSpecimen","Department of Invertebrate Zoology, Research and Collections Information System, NMNH, Smithsonian Institution. See: http://www.mnh.si.edu/rc/db/collection_db_policy1.html, 05-14-2010","false","E35922.344114","Echinoidea","123082","Invertebrate Zoology: Echinoderms","Philippines","-1939852800000","-1939852800000","-1939852800000","1908","13","14.1669998169","120.583000183","","1908-07-13T12:00:00Z","Laganidae","196178","Jacksonaster","204123","","","1.0","","","USNM","Animalia","2","Luzon Island, Jamelo Point","true","","","7","Echinolampadacea","1572018","","","Echinodermata","1806","Jacksonaster depressum","urn:lsid:marinespecies.org:taxname:212456","Jacksonaster depressum","513356","","","Echinozoa","148744","","","212456","North Pacific Ocean","","1908","a30c19cd-1c2d-48f3-892f-c6975e1eef87","89e23fc8-3f61-4480-9de3-358fe6eefe0b","[""310922b4-9d0c-4de1-92d7-9b442d34765b""]","false","false","Laganum depressum","513356","[""NO_DEPTH""]","-21","122","28.48","31.91","","","","1988-02-10","","","","","","Mooi, Richard J.","","","","","","","","Dry","Lesson in Agassiz","","","Scutelloida","1572019","","","","","","","","","","","","","Batangas","","Irregularia","510499","Euechinoidea","149854","Neognathostomata","510501","","","Luminacea","1572017","","","","","","","","","","","","","","Laganiformes","510558","","","observedindividualcount=1;","","","","","","","","","","","","","","","","","","","","","","","","","","","","","","","","","","","","",""
"","PreservedSpecimen","","true","57163","Teleostei","293496","I","Philippines","","","","","11","14.433333","120.833333","","","Apogonidae","125518","Jaydia","206779","Actinopterygii","10194","","Gnathostomata","1828","KAUM","Animalia","2","","true","","","10","Kurtiformes","1517499","Osteichthyes","152352","Chordata","1821","Jaydia poeciloptera","urn:lsid:marinespecies.org:taxname:273074","Jaydia poeciloptera","1059799","Apogoninae","267079","Vertebrata","146419","Actinopteri","843664","273074","","","2013","a3a8abfa-a5f6-4c74-bce9-b20e0f6a1691","2891a788-9f30-4413-8f73-9e7686890e9d","[""dcb0c76d-46a1-4e07-9a69-98cf3fd67576""]","false","false","Apogon poecilopterus","1059799","[""NO_DEPTH""]","9","2199","28.52","31.38","72","","","","","","","","","","","","(CC-BY NC) 4.0","2016-03-14T23:19:14+09:00","","FN2[31562005]:KAUM-72[273074:57163]","","","","","","","","","","","Collection","","","","","","","","","","","","","","","","","","","","","","","KAUM","","","","Tulane University","273074","","Non-commercial use only","TU","30240541","0 meters","","","","","","","","","","","","","","","","","","","","","","","","","","","","","","","","","","","","","","","","","",""
"","HumanObservation","","","267020510","","","Observations","","1703980800000","1703980800000","1703980800000","2023","","14.2167038688","120.6885415181","","2023-12-31T08:46:00+08:00","Cheloniidae","136999","Eretmochelys","137068","","","","Gnathostomata","1828","iNaturalist","Animalia","2","","true","","","","Testudines","2689","","","Chordata","1821","Eretmochelys imbricata","urn:lsid:marinespecies.org:taxname:137207","Eretmochelys imbricata","137207","","","Vertebrata","146419","Reptilia","1838","","","","","a3d32930-7cc0-4560-bcda-b5573bb722ad","eaea291a-1e1d-4382-b86f-ac3cc15b8d5a","[""f92d5d7f-47a6-4605-9fd0-a8538dfde3fd""]","false","false","Eretmochelys imbricata","137207","[""NO_DEPTH"",""ON_LAND""]","-244","-6842","","","","","30968","2025-03-26T08:31:25Z","","","","","","javisark","","","https://creativecommons.org/licenses/by-nc/4.0/","2026-02-26T00:21:01Z","","https://www.inaturalist.org/observations/267020510","","","","","","Cryptodira","148741","Biota","1","species","","","","","08:46:00+08:00","EPSG:4326","","","javisark","Batangas","2023/12/31 8:46 AM","","","","","","","Chelonioidea","987094","","","","PH","iNaturalist research-grade observations","605363190","urn:lsid:marinespecies.org:taxname:137207","https://www.inaturalist.org/observations/267020510","javisark","39672","Philippines","","","","","","","","","","Coordinate uncertainty increased to 30968m to protect threatened taxon","","","","","","","","Tetrapoda","1831","","","","","","","","","","","","","","","","","","","CR","","","","","","","",""
"","PreservedSpecimen","","false","52211","Teleostei","293496","ICH","Philippines","","","","","2","14.358786","120.760205","","","Apogonidae","125518","Amioides","712359","Actinopterygii","10194","1","Gnathostomata","1828","CAS","Animalia","2","","true","","","10","Kurtiformes","1517499","Osteichthyes","152352","Chordata","1821","Amioides polyacanthus","urn:lsid:marinespecies.org:taxname:712583","Amioides polyacanthus","1017557","Apogoninae","267079","Vertebrata","146419","Actinopteri","843664","712583","","","1947","a4a7679e-b7b8-4fc5-8daa-9838d8a569dc","2891a788-9f30-4413-8f73-9e7686890e9d","[""dcb0c76d-46a1-4e07-9a69-98cf3fd67576""]","false","false","Amioides grossidens","1017557","[""NO_DEPTH""]","8","2461","28.51","31.51","62","","24829","","","","","","","","","","(CC-BY NC) 4.0","08:04.0","","FN2[31210478]:CAS-62[712583:52211]","","","","","","","","","","","Collection","","","","","","","","Herre, Albert W.","","","","","","","","","","","","","","","CAS","","","","Tulane University","712583","","Non-commercial use only","TU","31078382","","","","","","","","","","","","","","","","","","","","","","","","","","","","","","","","","","","","","","","","","","",""
"","PreservedSpecimen","","","165071","Gastropoda","101","IZ","Philippines","289526400000","289440000000","289353600000","1979","4","14.115468","120.612432","0.61","1979-03-04/06","Cypraeidae","23022","Monetaria","205350","","","","","","CAS","Animalia","2","Nasugbu, in front of the ""Maya-Maya Reef Club""","true","1.22","0","3","Littorinimorpha","382213","","","Mollusca","51","Monetaria annulus","","Monetaria annulus","216875","Erosariinae","411674","","","","","","","true","1979","a738168d-759f-4fc6-8b17-e06dd181bcfc","aa16d305-d413-4c4a-90be-b1ec3298d58d","[""b7c47783-a020-4173-b390-7b57c4fa1426""]","false","false","Cypraea annulus","216875","[]","-3","15","28.43","31.84","https://www.gbif.org/grscicoll/collection/5d4a63d3-e994-4b19-b592-e853a8e3b470","Asia","667","2003-03-20","003115","","Placed marker near Maya-maya Club, Given coordinates are located inland.","Animalia, Mollusca, Gastropoda, Caenogastropoda, Littorinimorpha, Cypraeoidea, Cypraeidae, Cypraeinae","Asia, North Pacific Ocean, Philippines, Luzon","Christopher Meyer","http://grscicoll.org/institution/california-academy-sciences","en","https://creativecommons.org/publicdomain/zero/1.0/","","ICZN","urn:catalog:CAS:IZ:165071","","Fluid-75% EtOH(2)","Linnaeus, 1758","annulus","63","","","Biota","1","species","Physical Object","14.115468","120.612432","Specimens in 2-8 oz. bottles and in very good condition.Original accession date 3 Apr 1979.","","WGS 84","0573d53e-2598-11ed-aace-005056be1b7a","formerly IZ Acc. No. 0970-M.","Antonio J. Ferreira","Batangas Province","4-6 Mar 1979","","","Caenogastropoda","224570","","","Cypraeoidea","14774","","","","","","","","","","","","","","","","","","65","","","","","","","","","","","","","","","","","","","","","","","","","","","","","","","","","","","","","","",""
"","PreservedSpecimen","","true","21728","Teleostei","293496","SU(ICH)","Philippines","","","","","","14.245076","120.610974","","","Sillaginidae","125563","Sillago","126072","Actinopterygii","10194","1","Gnathostomata","1828","CAS","Animalia","2","Limbones Cove, Luzon I., P.I.","true","","","","Eupercaria incertae sedis","1517577","Osteichthyes","152352","Chordata","1821","Sillago sihama","","Sillago sihama","127046","","","Vertebrata","146419","Actinopteri","843664","","","true","","a79562a3-37e0-4ecc-b406-0b3093df11c6","d6af0fac-8a21-4d77-8872-f10d471fc0cf","[""b7c47783-a020-4173-b390-7b57c4fa1426""]","false","false","Sillago sihama","127046","[""NO_DEPTH""]","25","1307","","","http://grscicoll.org/institutional-collection/cas-ichthyology","Pacific Ocean","3131","","AS-LIMBONES","FishNet Collaborative Georeferencing Project","Polygon covers Limbones Cove. Coordinates placed at center of polygon.","Animalia, Chordata, Actinopteri, Acanthuriformes, Sillaginidae","Pacific Ocean, Indo-West Pacific","","http://grscicoll.org/institution/california-academy-sciences","en","https://creativecommons.org/publicdomain/zero/1.0/","2002-08-29 12:42:22","ICZN","urn:catalog:CAS:SU(ICH):21728","","alcohol-75% EtOH","(Forsskål 1775)","sihama","","","","Biota","1","species","Physical Object","14.245076°","120.610974°","","","","","","Seale, Alvin","","","","","","","","","","","","","","","","","","","","","","","","","","","","","marine","","","","","","","","","","","","Luzon I.","","","","","","","","","","","","","","","","","","","","","","","","","",""
"National Museum of Natural History, Smithsonian Institution","PreservedSpecimen","Department of Vertebrate Zoology, Research and Collections Information System, NMNH, Smithsonian Institution","false","340010.5242622","Teleostei","293496","Vertebrate Zoology; Fishes","Philippines","-1921708800000","-1921708800000","-1921708800000","1909","8","14.3000001907","120.699996948","22","1909-02-08T12:00:00Z","Apogonidae","125518","Jaydia","206779","Actinopterygii","10194","1.0","Gnathostomata","1828","USNM","Animalia","2","Corregidor Lt., N. 74 Degrees W., 6.9 Miles, Manila Bay","true","22","22","2","Kurtiformes","1517499","Osteichthyes","152352","Chordata","1821","Jaydia truncata","urn:lsid:marinespecies.org:taxname:273110","Jaydia truncata","713309","Apogoninae","267079","Vertebrata","146419","Actinopteri","843664","273110","Pacific","","1909","a958bedf-7c6a-4b82-96f1-f11e835a2c80","d6d6fe4c-425f-4ce7-bf28-7a6befaeb413","[""310922b4-9d0c-4de1-92d7-9b442d34765b""]","false","false","Apogon truncatus","713309","[]","10","1370","28.48","31.6","","","","","","","","","","","","","","","","","","","","","","","","","","","","","","","","","","","","","","","","","","","","","","","","","","","","","","","","","","","","","","","","","","","","","","","","","","","","","","","","","","","","","","","","","","","","","","","","","","","","","",""
"","PreservedSpecimen","","","103730","Gastropoda","101","IZ","Philippines","794275200000","794275200000","794275200000","1995","4","14.170135","120.575502","","1995-03-04","Aglajidae","22981","Tubulophilinopsis","1055130","","","","","","CAS","Animalia","2","Hamilo Bay, The Head","true","","","3","Cephalaspidea","154","","","Mollusca","51","Tubulophilinopsis gardineri","","Tubulophilinopsis gardineri","1055265","","","","","","","599444","","","1995","aaab3f35-6617-4532-986b-f61c0c049985","aa16d305-d413-4c4a-90be-b1ec3298d58d","[""b7c47783-a020-4173-b390-7b57c4fa1426""]","false","false","Philinopsis gardineri","1055265","[""NO_DEPTH""]","-21","78","28.48","31.91","https://www.gbif.org/grscicoll/collection/5d4a63d3-e994-4b19-b592-e853a8e3b470","Asia","5729","1995-03-01","045955","","[needs verification] Hamilo Bay. Placed marker near Hamilo Point.","Animalia, Mollusca, Gastropoda, Heterobranchia, Euthyneura, Tectipleura, Cephalaspidea, Philinoidea, Aglajidae","Asia, North Pacific Ocean, Philippines, Luzon Island","T.M. Gosliner","http://grscicoll.org/institution/california-academy-sciences","en","https://creativecommons.org/publicdomain/zero/1.0/","","ICZN","urn:catalog:CAS:IZ:103730","","Fluid-75% EtOH(1)","(Eliot, 1903)","gardineri","63","","","Biota","1","species","Physical Object","14.170135","120.575502","","","WGS 84","062342d9-2598-11ed-aace-005056be1b7a","","T.M. Gosliner","Batangas Province","04 Mar 1995","Euthyneura","1057247","Heterobranchia","14712","Tectipleura","1057250","Philinoidea","196322","","","","","","","","","","","","","","","","","","","","","","","","","","","","","","","","","","","","","","","","","","","","","","","","","","","","","","","","",""
"","PreservedSpecimen","","","175890","Octocorallia","1341","IZ","Philippines","794275200000","794275200000","794275200000","1995","4","14.170135","120.575502","12.190000000000001","1995-03-04","Alcyoniidae","125269","Eleutherobia","203986","","","","","","CAS","Animalia","2","Nasugbu, Hamilo Cove, Hamilo Cove Point","true","16.76","7.62","3","Malacalcyonacea","1609357","","","Cnidaria","1267","Eleutherobia","","","","","","Anthozoa","1292","","","","","","1995","ac57cb34-ed63-4d00-b70f-9acb21530b6e","aa16d305-d413-4c4a-90be-b1ec3298d58d","[""b7c47783-a020-4173-b390-7b57c4fa1426""]","false","false","Eleutherobia","203986","[]","-21","78","28.48","31.91","https://www.gbif.org/grscicoll/collection/5d4a63d3-e994-4b19-b592-e853a8e3b470","Asia","5729","","046288","","[needs verification] Hamilo Cove. Placed marker near Hamilo Point.","Animalia, Cnidaria, Anthozoa, Octocorallia, Alcyonacea, Alcyoniina, Alcyoniidae","Asia, North Pacific Ocean, Philippines, Luzon","G.C. Williams","http://grscicoll.org/institution/california-academy-sciences","en","https://creativecommons.org/publicdomain/zero/1.0/","2026-08-17 12:40:06","ICZN","urn:catalog:CAS:IZ:175890","","Fluid-75% EtOH(7)","Pütter, 1900","","63","","","Biota","1","","Physical Object","14.170135","120.575502","Water temp: 78deg F, Visibility 15', ""murky"" conditions; Eleutherobia collected at 45 ft; many gorgonians (plexaurids).","4 Mar 1995","WGS 84","06269608-2598-11ed-aace-005056be1b7a","","Gary C. Williams","Batangas Province","4 Mar 1995","","","","","","","","","","","","","","","","","","","","","","","","","","","","","","","","","","","","","","","","","","","","","","","","","","","","","","","","","","","","","","","","",""
"","PreservedSpecimen","","","96196","Cephalopoda","11707","IZ","Philippines","","","","","","14.409493","120.838067","","","Loliginidae","11734","Loligo","138139","","","","","","CAS","Animalia","2","Cavite","true","","","","Myopsida","11728","","","Mollusca","51","Loligo","","","","","","","","","","","","","","b1a5709b-ee9c-4ca9-9f1e-1412bc2fb46c","aa16d305-d413-4c4a-90be-b1ec3298d58d","[""b7c47783-a020-4173-b390-7b57c4fa1426""]","false","false","Loligo","138139","[""NO_DEPTH""]","2","560","","","https://www.gbif.org/grscicoll/collection/5d4a63d3-e994-4b19-b592-e853a8e3b470","Asia","17050","","026693","","[no precise location] Cavite Province. Placed marker at the coast of Cavite.","Animalia, Mollusca, Cephalopoda, Coleoidea, Decapodiformes, Myopsida, Loliginidae","Asia, North Pacific Ocean, Philippines, Luzon","","http://grscicoll.org/institution/california-academy-sciences","en","https://creativecommons.org/publicdomain/zero/1.0/","","ICZN","urn:catalog:CAS:IZ:96196","","Fluid-75% EtOH(2)","Lamarck, 1798","","","","","Biota","1","","Physical Object","14.409493","120.838067","","","WGS 84","05e07e99-2598-11ed-aace-005056be1b7a","Spec. notes: 2","Dr. Lung","Cavite Province [= Cavite]","","","","Coleoidea","11709","","","","","Decapodiformes","325342","","","","","","","","","","","","","","","","","","","","","","","","","","","","","","","","","","","","","","","","","","","","","","","","","","","","","","",""
"","PreservedSpecimen","","","103698","Gastropoda","101","IZ","Philippines","794275200000","794275200000","794275200000","1995","4","14.170135","120.575502","0.61","1995-03-04","Chromodorididae","23003","Goniobranchus","558453","","","","","","CAS","Animalia","2","Hamilo Bay, back bay","true","","0.61","3","Doridida","1829294","","","Mollusca","51","Goniobranchus preciosus","","Goniobranchus preciosus","597340","Chromodoridinae","1370610","","","","","","","","1995","b245f160-58d9-4050-bf25-1b026acdfddd","aa16d305-d413-4c4a-90be-b1ec3298d58d","[""b7c47783-a020-4173-b390-7b57c4fa1426""]","false","false","Goniobranchus preciosus","597340","[]","-21","78","28.48","31.91","https://www.gbif.org/grscicoll/collection/5d4a63d3-e994-4b19-b592-e853a8e3b470","Asia","5729","1995-03-04","046514","","[needs verification] Hamilo Bay. Placed marker near Hamilo Point.","Animalia, Mollusca, Gastropoda, Heterobranchia, Euthyneura, Ringipleura, Nudipleura, Nudibranchia, Doridina, Doridoidei, Chromodoridoidea, Chromodorididae, Chromodoridinae","Asia, North Pacific Ocean, Philippines, Luzon Island","T.M. Gosliner","http://grscicoll.org/institution/california-academy-sciences","en","https://creativecommons.org/publicdomain/zero/1.0/","","ICZN","urn:catalog:CAS:IZ:103698","","Fluid-75% EtOH(1)|Image(s)(1)","(Kelaart, 1858)","preciosus","63","","","Biota","1","species","Physical Object","14.170135","120.575502","snorkelling","","WGS 84","06279b22-2598-11ed-aace-005056be1b7a","formerly Chromodoris.","D.W. Behrens","Batangas Province","","Euthyneura","1057247","Heterobranchia","14712","Ringipleura","1057249","Chromodoridoidea","1370609","Nudipleura","411966","","","","","","","","","","","","","","Doridoidei","246038","","","","","","","","","","","","","","","","","","","","","","","","","","","","","","","","","","","","","","","",""
"","PreservedSpecimen","","false","51976","Teleostei","293496","ICH","Philippines","-702172800000","-702172800000","-702172800000","1947","2","14.358786","120.760205","","1947-10-02","Nemipteridae","151459","Nemipterus","205457","Actinopterygii","10194","1","Gnathostomata","1828","CAS","Animalia","2","off Cavite Prov.","true","","","10","Eupercaria incertae sedis","1517577","Osteichthyes","152352","Chordata","1821","Nemipterus balinensis","","Nemipterus balinensis","278118","","","Vertebrata","146419","Actinopteri","843664","","MANILA BAY","","1947","b3ed9cc7-2083-438f-8528-7db79dfd49c5","d6af0fac-8a21-4d77-8872-f10d471fc0cf","[""b7c47783-a020-4173-b390-7b57c4fa1426""]","false","false","Nemipterus balinensis","278118","[""NO_DEPTH""]","8","2461","28.51","31.51","http://grscicoll.org/institutional-collection/cas-ichthyology","Pacific Ocean","24829","","2-X-47 MANILA","FishNet Collaborative Georeferencing Project","Error covers Manila Bay off Cavite Province.","Animalia, Chordata, Actinopteri, Acanthuriformes, Nemipteridae","Pacific Ocean, Indo-West Pacific, Philippines","","http://grscicoll.org/institution/california-academy-sciences","en","https://creativecommons.org/publicdomain/zero/1.0/","1995-04-13 00:00:00","ICZN","urn:catalog:CAS:ICH:51976","UW 7741","alcohol-75% EtOH","(Bleeker 1858)","balinensis","275","","","Biota","1","species","Physical Object","14.358786°","120.760205°","","","","","","","Cavite","","","","","","","","","","","","","","","","","","","","","","","","","","","","","","","","","","","","","","","","","","","","","","","","","","","","","","","","","","","","","","","","","",""
"","PreservedSpecimen","","true","57157","Teleostei","293496","I","Philippines","","","","","11","14.433333","120.833333","","","Apogonidae","125518","Jaydia","206779","Actinopterygii","10194","","Gnathostomata","1828","KAUM","Animalia","2","","true","","","10","Kurtiformes","1517499","Osteichthyes","152352","Chordata","1821","Jaydia poeciloptera","urn:lsid:marinespecies.org:taxname:273074","Jaydia poeciloptera","1059799","Apogoninae","267079","Vertebrata","146419","Actinopteri","843664","273074","","","2013","b4152009-3bea-4b62-875f-dfc74ce7b506","2891a788-9f30-4413-8f73-9e7686890e9d","[""dcb0c76d-46a1-4e07-9a69-98cf3fd67576""]","false","false","Apogon poecilopterus","1059799","[""NO_DEPTH""]","9","2199","28.52","31.38","72","","","","","","","","","","","","(CC-BY NC) 4.0","2016-03-14T23:18:55+09:00","","FN2[31561999]:KAUM-72[273074:57157]","","","","","","","","","","","Collection","","","","","","","","","","","","","","","","","","","","","","","KAUM","","","","Tulane University","273074","","Non-commercial use only","TU","30240535","0 meters","","","","","","","","","","","","","","","","","","","","","","","","","","","","","","","","","","","","","","","","","",""
"","PreservedSpecimen","","false","103703","Gastropoda","101","IZ","Philippines","794275200000","794275200000","794275200000","1995","4","14.170135","120.575502","","1995-03-04","Aglajidae","22981","Chelidonura","137638","","","","","","CAS","Animalia","2","Hamilo Bay, The Head","true","","","3","Cephalaspidea","154","","","Mollusca","51","Chelidonura hirundinina","","Chelidonura hirundinina","420528","","","","","","","","","","1995","b4b31ebc-a911-406c-9c5b-127c9782cc24","aa16d305-d413-4c4a-90be-b1ec3298d58d","[""b7c47783-a020-4173-b390-7b57c4fa1426""]","false","false","Chelidonura hirundinina","420528","[""NO_DEPTH""]","-21","78","28.48","31.91","https://www.gbif.org/grscicoll/collection/5d4a63d3-e994-4b19-b592-e853a8e3b470","Asia","5729","1995-03-04","046515","","[needs verification] Hamilo Bay. Placed marker near Hamilo Point.","Animalia, Mollusca, Gastropoda, Heterobranchia, Euthyneura, Tectipleura, Cephalaspidea, Philinoidea, Aglajidae","Asia, North Pacific Ocean, Philippines, Luzon Island","T.M. Gosliner","http://grscicoll.org/institution/california-academy-sciences","en","https://creativecommons.org/publicdomain/zero/1.0/","","ICZN","urn:catalog:CAS:IZ:103703","","Fluid-75% EtOH(3)","(Quoy & Gaimard, 1833)","hirundinina","63","","","Biota","1","species","Physical Object","14.170135","120.575502","","","WGS 84","062342d9-2598-11ed-aace-005056be1b7a","","D.W. Behrens","Batangas Province","","Euthyneura","1057247","Heterobranchia","14712","Tectipleura","1057250","Philinoidea","196322","","","","","","","","","","","","","","","","","","","","","","","","","","","","","","","","","","","","","","","","","","","","","","","","","","","","","","","","",""
"","PreservedSpecimen","","true","422726","Malacostraca","1071","IZ","Philippines","","","","","","14.409493","120.838067","","","Penaeidae","106727","","","","","","","","CAS","Animalia","2","Cavite","true","","","","Decapoda","1130","","","Arthropoda","1065","Penaeidae","","","","","","Crustacea","1066","Multicrustacea","845959","","","true","","b6ee197a-eb87-4100-a0b7-f5b127275ebb","aa16d305-d413-4c4a-90be-b1ec3298d58d","[""b7c47783-a020-4173-b390-7b57c4fa1426""]","false","false","Penaeidae","106727","[""NO_DEPTH""]","2","560","","","https://www.gbif.org/grscicoll/collection/5d4a63d3-e994-4b19-b592-e853a8e3b470","Asia","17050","","019337","","[no precise location] Cavite Province. Placed marker at the coast of Cavite.","Animalia, Arthropoda, Crustacea, Malacostraca, Eumalacostraca, Eucarida, Decapoda, Dendrobranchiata, Penaeoidea, Penaeidae","Asia, North Pacific Ocean, Philippines, Luzon Island","","http://grscicoll.org/institution/california-academy-sciences","en","https://creativecommons.org/publicdomain/zero/1.0/","2023-06-22 16:11:52","ICZN","urn:catalog:CAS:IZ:422726","","Fluid-75% EtOH(2)","Rafinesque, 1815","","","Dendrobranchiata","106669","Biota","1","","Physical Object","14.409493","120.838067","","","WGS 84","05b9aead-2598-11ed-aace-005056be1b7a","","Dr. Lung","Cavite [Province]","","","","Eumalacostraca","1086","","","Penaeoidea","106683","Eucarida","1089","","","","","","","","","","","","","","","","","","","","","","","","","","","","","","","","","","","","","","","","","","","","","","","","","","","","","","",""
"","PreservedSpecimen","","","220675","Gastropoda","101","IZ","Philippines","1243728000000","1242432000000","1241136000000","2009","","14.409493","120.838067","","2009-05","Chromodorididae","23003","Hypselodoris","137784","","","","","","CAS","Animalia","2","Cavite Province","true","","","5","Doridida","1829294","","","Mollusca","51","Hypselodoris rositoi","","Hypselodoris rositoi","1297851","Miamirinae","549835","","","","","","","","2009","b71fb6e6-2557-4d74-8a16-41e5cc319e35","aa16d305-d413-4c4a-90be-b1ec3298d58d","[""b7c47783-a020-4173-b390-7b57c4fa1426""]","false","false","Hypselodoris rositoi","1297851","[""NO_DEPTH""]","2","560","","","https://www.gbif.org/grscicoll/collection/5d4a63d3-e994-4b19-b592-e853a8e3b470","Asia","17050","2018-09-14","091382","","[no precise location] Cavite Province. Placed marker at the coast of Cavite.","Animalia, Mollusca, Gastropoda, Heterobranchia, Euthyneura, Ringipleura, Nudipleura, Nudibranchia, Doridina, Doridoidei, Chromodoridoidea, Chromodorididae, Miamirinae","Asia, North Pacific Ocean, Philippines, Luzon","Terrence M. Gosliner and Rebecca Fay Johnson","http://grscicoll.org/institution/california-academy-sciences","en","https://creativecommons.org/publicdomain/zero/1.0/","","ICZN","urn:catalog:CAS:IZ:220675","","Fluid-95% EtOH(1)","Gosliner & R. F. Johnson, 2018","rositoi","","","","Biota","1","species","Physical Object","14.409493","120.838067","Epstein et al text reads ""Paratype: CASIZ 220675, one specimen, Cavite Province, Luzon, Philippines, May 2009, specimen provided by Denis Ty of Aquascapes Philippines Company.""","","WGS 84","06efeab9-2598-11ed-aace-005056be1b7a","""specimen provided by Denis Ty of Aquascapes Philippines Company""","","Cavite Province","May 2009","Euthyneura","1057247","Heterobranchia","14712","Ringipleura","1057249","Chromodoridoidea","1370609","Nudipleura","411966","PARATYPE","","","","","","","","","","","","","Doridoidei","246038","","","","","","","","","","","","","","","","","","","","","","","","","","","","","","","","","","","","","","","",""
"","PreservedSpecimen","","false","438467","Malacostraca","1071","IZ","Philippines","","","","","","14.409493","120.838067","","","Palinuridae","106794","","","","","","","","CAS","Animalia","2","Cavite","true","","","","Decapoda","1130","","","Arthropoda","1065","Palinuridae","","","","","","Crustacea","1066","Multicrustacea","845959","","","true","","bcb280d2-e7fc-447e-82d3-6edc3b29bf85","aa16d305-d413-4c4a-90be-b1ec3298d58d","[""b7c47783-a020-4173-b390-7b57c4fa1426""]","false","false","Palinuridae","106794","[""NO_DEPTH""]","2","560","","","https://www.gbif.org/grscicoll/collection/5d4a63d3-e994-4b19-b592-e853a8e3b470","Asia","17050","","153057","","[no precise location] Cavite Province. Placed marker at the coast of Cavite.","Animalia, Arthropoda, Crustacea, Malacostraca, Eumalacostraca, Eucarida, Decapoda, Pleocyemata, Achelata, Palinuridae","Asia, North Pacific Ocean","","http://grscicoll.org/institution/california-academy-sciences","en","https://creativecommons.org/publicdomain/zero/1.0/","2022-08-29 15:27:59","ICZN","urn:catalog:CAS:IZ:438467","","Fluid-75% EtOH(1)","Latreille, 1802","","","Pleocyemata","106670","Biota","1","","Physical Object","14.409493","120.838067","DIGIN ENTRY. Data imported incomplete. Replace this text and initial once record is complete for all tables.","","WGS 84","0682690c-97af-4d5f-b4bd-01abeb093bd3","","Dr. Lung","","","","","Eumalacostraca","1086","","","","","Eucarida","1089","","","","","","","","","","","","","","Achelata","383017","","","","","","","","","","","","","","","","","","","","","","","","","","","","","","","","","","","","","","","",""
"","PreservedSpecimen","","","105680","Gastropoda","101","IZ","Philippines","794275200000","794275200000","794275200000","1995","4","14.170135","120.575502","","1995-03-04","Tethydidae","23125","Melibe","138547","","","","","","CAS","Animalia","2","Hamilo Bay, The Head","true","","","3","Nudibranchia","1762","","","Mollusca","51","Melibe engeli","","Melibe engeli","593362","","","","","","","","","","1995","bd0bbe1e-19e0-42c4-b5a0-6f82c21e03aa","aa16d305-d413-4c4a-90be-b1ec3298d58d","[""b7c47783-a020-4173-b390-7b57c4fa1426""]","false","false","Melibe engeli","593362","[""NO_DEPTH""]","-21","78","28.48","31.91","https://www.gbif.org/grscicoll/collection/5d4a63d3-e994-4b19-b592-e853a8e3b470","Asia","5729","","046565","","[needs verification] Hamilo Bay. Placed marker near Hamilo Point.","Animalia, Mollusca, Gastropoda, Heterobranchia, Euthyneura, Ringipleura, Nudipleura, Nudibranchia, Cladobranchia, Dendronotoidea, Tethydidae","Asia, North Pacific Ocean, Philippines, Luzon Island","T.M. Gosliner and/or V.G. Smith","http://grscicoll.org/institution/california-academy-sciences","en","https://creativecommons.org/publicdomain/zero/1.0/","","ICZN","urn:catalog:CAS:IZ:105680","","Fluid-75% EtOH(1)|EmMounts(1)|Image(s)(1)|Other(1)","Risbec, 1937","engeli","63","Dendronotina","404961","Biota","1","species","Physical Object","14.170135","120.575502","","","WGS 84","062342d9-2598-11ed-aace-005056be1b7a","dissected. jaws pulled and mounted on stub. reproductive system removed and in jar. nervous system removed and in vial. stomach plates removed and mounted on stub. [per V.G. Smith 6 Oct 2003] previously identified as """"Melibe"" sp. transparent"".","M. Miller","Batangas Province","04 Mar 1995","Euthyneura","1057247","Heterobranchia","14712","Ringipleura","1057249","Dendronotoidea","182","Nudipleura","411966","VOUCHER","","","","","","","","","","","","","","","","","","","","","","","","","","","","","","","","","","","","","","","","","","","","","","","","","","","","","",""
"","PreservedSpecimen","","true","51977","Teleostei","293496","ICH","Philippines","","","","","","14.358786","120.760205","","","Nemipteridae","151459","Nemipterus","205457","Actinopterygii","10194","1","Gnathostomata","1828","CAS","Animalia","2","off Cavite Prov.","true","","","","Eupercaria incertae sedis","1517577","Osteichthyes","152352","Chordata","1821","Nemipterus peronii","","Nemipterus peronii","218520","","","Vertebrata","146419","Actinopteri","843664","311497","MANILA BAY","","","bf51e1db-b2ce-4425-81db-44e119c26070","d6af0fac-8a21-4d77-8872-f10d471fc0cf","[""b7c47783-a020-4173-b390-7b57c4fa1426""]","false","false","Nemipterus tolu","218520","[""NO_DEPTH""]","8","2461","28.51","31.51","http://grscicoll.org/institutional-collection/cas-ichthyology","Pacific Ocean","24829","","VIII-49 MANILA","FishNet Collaborative Georeferencing Project","Error covers Manila Bay off Cavite Province.","Animalia, Chordata, Actinopteri, Acanthuriformes, Nemipteridae","Pacific Ocean, Indo-West Pacific, Philippines","","http://grscicoll.org/institution/california-academy-sciences","en","https://creativecommons.org/publicdomain/zero/1.0/","1995-04-13 00:00:00","ICZN","urn:catalog:CAS:ICH:51977","UW 7756","alcohol-75% EtOH","Valenciennes 1830","tolu","","","","Biota","1","species","Physical Object","14.358786°","120.760205°","","","","","","","Cavite","","","","","","","","","","","","","","","","","","","","","","","","","","","","","","","","","","","","","","","","","","","","","","","","","","","","","","","","","","","","","","","","","",""
"","PreservedSpecimen","","false","457704","Gastropoda","101","IZ","Philippines","289526400000","289440000000","289353600000","1979","4","14.115468","120.612432","0.61","1979-03-04/06","Cymatiidae","196332","","","","","","","","CAS","Animalia","2","Nasugbu, in front of the ""Maya-Maya Reef Club""","true","1.22","0","3","Littorinimorpha","382213","","","Mollusca","51","Cymatiidae","","","","","","","","","","","","","1979","c0ef6444-82d2-445e-b02b-a99582adc265","aa16d305-d413-4c4a-90be-b1ec3298d58d","[""b7c47783-a020-4173-b390-7b57c4fa1426""]","false","false","Cymatiidae","196332","[]","-3","15","28.43","31.84","https://www.gbif.org/grscicoll/collection/5d4a63d3-e994-4b19-b592-e853a8e3b470","Asia","667","","003115","","Placed marker near Maya-maya Club, Given coordinates are located inland.","Animalia, Mollusca, Gastropoda, Caenogastropoda, Littorinimorpha, Tonnoidea, Cymatiidae","Asia, North Pacific Ocean, Philippines, Luzon","","http://grscicoll.org/institution/california-academy-sciences","en","https://creativecommons.org/publicdomain/zero/1.0/","2026-03-17 08:08:53","ICZN","urn:catalog:CAS:IZ:457704","","Fluid-75% EtOH(1)","Iredale, 1913","","63","","","Biota","1","","Physical Object","14.115468","120.612432","Specimens in 2-8 oz. bottles and in very good condition.Original accession date 3 Apr 1979.","","WGS 84","0573d53e-2598-11ed-aace-005056be1b7a","Determination is ""36-2-30"" Cymatiidae, Ranellidae or Charoniidae.","Antonio J. Ferreira","Batangas Province","4-6 Mar 1979","","","Caenogastropoda","224570","","","Tonnoidea","14777","","","","","","","","","","","","","","","","","","65","","","","","","","","","","","","","","","","","","","","","","","","","","","","","","","","","","","","","","",""
"","PreservedSpecimen","","false","32862","Teleostei","293496","ICH","Philippines","-189388800000","-189388800000","-189388800000","1964","1","14.245076","120.610974","36.575","1964-01-01","Callionymidae","125522","Callionymus","125930","Actinopterygii","10194","1","Gnathostomata","1828","CAS","Animalia","2","Luzon, S of Manila Bay, eastern side of Limbones Cove; high tide.","true","47.55","25.6","1","Callionymiformes","1517496","Osteichthyes","152352","Chordata","1821","Callionymus filamentosus","","Callionymus filamentosus","126791","","","Vertebrata","146419","Actinopteri","843664","","","true","1964","c3a0f39d-a9a2-4b6d-ba75-09ed357fde70","d6af0fac-8a21-4d77-8872-f10d471fc0cf","[""b7c47783-a020-4173-b390-7b57c4fa1426""]","false","false","Callionymus filamentosus","126791","[]","25","1307","","","http://grscicoll.org/institutional-collection/cas-ichthyology","Pacific Ocean","3131","1980-09","JEN 1-I-64","FishNet Collaborative Georeferencing Project","Polygon covers Limbones Cove. Coordinates placed at center of polygon.","Animalia, Chordata, Actinopteri, Syngnathiformes, Callionymoidei, Callionymidae","Pacific Ocean, Indo-West Pacific","R. Fricke","http://grscicoll.org/institution/california-academy-sciences","en","https://creativecommons.org/publicdomain/zero/1.0/","1995-02-16 00:00:00","ICZN","urn:catalog:CAS:ICH:32862","","alcohol-75% EtOH","Valenciennes 1837","filamentosus","1","","","Biota","1","species","Physical Object","14.245076°","120.610974°","Orig. no.5.","","","","Orig. no. 5.","Norton, J. E.","","","","","","","","","","","","","","","","","","","","","","","","","14-26 fa","","","","","","","","","","","","","","","","","","","","","","","","","","","","","","","","","","","","","","","","","",""
"","PreservedSpecimen","","","103549","Octocorallia","1341","IZ","Philippines","794275200000","794275200000","794275200000","1995","4","14.170135","120.575502","12.19","1995-03-04","Nephtheidae","146762","Litophyton","204523","","","","","","CAS","Animalia","2","Nasugbu, Hamilo Cove, 14deg-10'N, 120 deg,33'E,","true","","12.19","3","Malacalcyonacea","1609357","","","Cnidaria","1267","Litophyton","","","","","","Anthozoa","1292","","","","","","1995","c40af7a2-8b0b-4fe1-91bd-03ecb84c9982","aa16d305-d413-4c4a-90be-b1ec3298d58d","[""b7c47783-a020-4173-b390-7b57c4fa1426""]","false","false","Litophyton","204523","[]","-21","78","28.48","31.91","https://www.gbif.org/grscicoll/collection/5d4a63d3-e994-4b19-b592-e853a8e3b470","Asia","5729","1995-04-01","046286","","[needs verification] Hamilo Cove. Placed marker near Hamilo Point.","Animalia, Cnidaria, Anthozoa, Octocorallia, Alcyonacea, Alcyoniina, Nephtheidae","Asia, North Pacific Ocean, Philippines, Luzon","G.C. Williams","http://grscicoll.org/institution/california-academy-sciences","en","https://creativecommons.org/publicdomain/zero/1.0/","","ICZN","urn:catalog:CAS:IZ:103549","","Fluid-75% EtOH(2)","Forskål, 1775","","63","","","Biota","1","","Physical Object","14.170135","120.575502","Water temp: 78deg F, Visibility 25-30'","","WGS 84","062693ea-2598-11ed-aace-005056be1b7a","","G.C. Williams","Batangas Province","","","","","","","","","","","","","","","","","","","","","","","","","","","","","","","","","","","","","","","","","","","","","","","","","","","","","","","","","","","","","","","","","",""
"","PreservedSpecimen","","","103903","Octocorallia","1341","IZ","Philippines","794275200000","794275200000","794275200000","1995","4","14.170135","120.575502","12.19","1995-03-04","Euplexauridae","1749534","Euplexaura","204195","","","","","","CAS","Animalia","2","Nasugbu, Hamilo Cove, 14deg-10'N, 120 deg,33'E,","true","","12.19","3","Malacalcyonacea","1609357","","","Cnidaria","1267","Euplexaura","","","","","","Anthozoa","1292","","","","","","1995","c63d49d6-a46c-4882-9231-e617715eb00a","aa16d305-d413-4c4a-90be-b1ec3298d58d","[""b7c47783-a020-4173-b390-7b57c4fa1426""]","false","false","Euplexaura","204195","[]","-21","78","28.48","31.91","https://www.gbif.org/grscicoll/collection/5d4a63d3-e994-4b19-b592-e853a8e3b470","Asia","5729","","046286","","[needs verification] Hamilo Cove. Placed marker near Hamilo Point.","Animalia, Cnidaria, Anthozoa, Octocorallia, Alcyonacea, Holaxonia, Plexauridae","Asia, North Pacific Ocean, Philippines, Luzon","G.C. Williams","http://grscicoll.org/institution/california-academy-sciences","en","https://creativecommons.org/publicdomain/zero/1.0/","2026-09-08 12:00:15","ICZN","urn:catalog:CAS:IZ:103903","","Fluid-75% EtOH(1)","Verrill, 1869","","63","","","Biota","1","","Physical Object","14.170135","120.575502","Water temp: 78deg F, Visibility 25-30'","","WGS 84","062693ea-2598-11ed-aace-005056be1b7a","","G.C. Williams","Batangas Province","","","","","","","","","","","","","","","","","","","","","","","","","","","","","","","","","","","","","","","","","","","","","","","","","","","","","","","","","","","cf.","","","","","","",""
"National Museum of Natural History, Smithsonian Institution","PreservedSpecimen","Department of Vertebrate Zoology, Research and Collections Information System, NMNH, Smithsonian Institution","false","137658.5166698","Teleostei","293496","Vertebrate Zoology; Fishes","Philippines","-1921708800000","-1921708800000","-1921708800000","1909","8","14.3000001907","120.699996948","22","1909-02-08T12:00:00Z","Cynoglossidae","125578","Cynoglossus","126112","Actinopterygii","10194","2.0","Gnathostomata","1828","USNM","Animalia","2","Corregidor Lt., N. 74 Degrees W., 6.9 Miles, Manila Bay","true","22","22","2","Pleuronectiformes","10331","Osteichthyes","152352","Chordata","1821","Cynoglossus kopsii","urn:lsid:marinespecies.org:taxname:219856","Cynoglossus kopsii","219856","Cynoglossinae","154690","Vertebrata","146419","Actinopteri","843664","","Pacific","","1909","c6e47cd7-152a-4ba9-a0f7-c34129beb7e2","d6d6fe4c-425f-4ce7-bf28-7a6befaeb413","[""310922b4-9d0c-4de1-92d7-9b442d34765b""]","false","false","Cynoglossus kopsii","219856","[]","10","1370","28.48","31.6","","","","","","","","","","","","","","","","","","","","","","","","","","","","","","","","","","","","","","","","","","","","","","","","","","","","","","","","","","","","","","","","","","","","","","","","","","","","","","","","","","","","","","","","","","","","","","","","","","","","","",""
"","HumanObservation","","","33168033","Gastropoda","101","Observations","","347155200000","347155200000","347155200000","1981","","14.4791297","120.8894102994","","1981-01-01T17:55:00-08:00","Neritidae","13588","Nerita","138254","","","","","","iNaturalist","Animalia","2","","true","","","","Cycloneritida","1054475","","","Mollusca","51","Nerita albicilla","urn:lsid:marinespecies.org:taxname:216254","Nerita albicilla","216254","Neritinae","411638","","","","","","","","","c8b4fd61-0dd2-4c10-bd23-00a6c28fa0bb","eaea291a-1e1d-4382-b86f-ac3cc15b8d5a","[""f92d5d7f-47a6-4605-9fd0-a8538dfde3fd""]","false","false","Nerita albicilla","216254","[""NO_DEPTH"",""ON_LAND""]","-1","-22","28.52","31.48","","","4000","2023-07-09T14:02:07Z","","","","","","沈","","","https://creativecommons.org/licenses/by-nc/4.0/","2023-07-09T19:01:58Z","","https://www.inaturalist.org/observations/33168033","","","","","","","","Biota","1","species","","","","","17:55:00-08:00","EPSG:4326","","Collected by my father","Donna Pomeroy","Cavite","1981/01/01 5:55 PM -0800","","","Neritimorpha","156484","","","Neritoidea","196314","","","","PH","iNaturalist research-grade observations","383828830","urn:lsid:marinespecies.org:taxname:216254","https://www.inaturalist.org/observations/33168033","Donna Pomeroy","368225","Cavite City, Philippines","","","","","","","","","","","","","","","","","","","","","","","","","","","","","","","","","","","","","","","","","","","","","",""
"National Museum of Natural History, Smithsonian Institution","PreservedSpecimen","Department of Vertebrate Zoology, Research and Collections Information System, NMNH, Smithsonian Institution","false","149365.5220409","Teleostei","293496","Vertebrate Zoology; Fishes","Philippines","-1921708800000","-1921708800000","-1921708800000","1909","8","14.3000001907","120.699996948","22","1909-02-08T12:00:00Z","Apogonidae","125518","Jaydia","206779","Actinopterygii","10194","5.0","Gnathostomata","1828","USNM","Animalia","2","Corregidor Lt., N. 74 Degrees W., 6.9 Miles, Manila Bay","true","22","22","2","Kurtiformes","1517499","Osteichthyes","152352","Chordata","1821","Jaydia smithi","urn:lsid:marinespecies.org:taxname:401502","Jaydia smithi","313170","Apogoninae","267079","Vertebrata","146419","Actinopteri","843664","401502","Pacific","true","1909","c914f2c1-994e-42a9-9a42-294c7f918e3a","d6d6fe4c-425f-4ce7-bf28-7a6befaeb413","[""310922b4-9d0c-4de1-92d7-9b442d34765b""]","false","false","Apogon smithi","313170","[]","10","1370","28.48","31.6","","","","","","","","","","","","","","","","","","","","","","","","","","","","","","","","","","","","","","","","","","","","","","","","","","","","","","","","","","","","","","","","","","","","","","","","","","","","","","","","","","","","","","","","","","","","","","","","","","","","","",""
"","PreservedSpecimen","","","105678","Gastropoda","101","IZ","Philippines","794275200000","794275200000","794275200000","1995","4","14.170135","120.575502","","1995-03-04","Discodorididae","1761","Atagema","137659","","","","","","CAS","Animalia","2","Hamilo Bay, The Head","true","","","3","Doridida","1829294","","","Mollusca","51","Atagema","","","","","","","","","","","","","1995","c92d6a2b-71a1-491b-8564-32357038ee74","aa16d305-d413-4c4a-90be-b1ec3298d58d","[""b7c47783-a020-4173-b390-7b57c4fa1426""]","false","false","Atagema","137659","[""NO_DEPTH""]","-21","78","28.48","31.91","https://www.gbif.org/grscicoll/collection/5d4a63d3-e994-4b19-b592-e853a8e3b470","Asia","5729","1995-03-04","046564","","[needs verification] Hamilo Bay. Placed marker near Hamilo Point.","Animalia, Mollusca, Gastropoda, Heterobranchia, Euthyneura, Ringipleura, Nudipleura, Nudibranchia, Doridina, Doridoidei, Doridoidea, Discodorididae","Asia, North Pacific Ocean, Philippines, Luzon Island","T.M. Gosliner","http://grscicoll.org/institution/california-academy-sciences","en","https://creativecommons.org/publicdomain/zero/1.0/","","ICZN","urn:catalog:CAS:IZ:105678","","Fluid-75% EtOH(1)|Image(s)(1)","Gray, 1850","","63","","","Biota","1","","Physical Object","14.170135","120.575502","night dive. same as stations 42 and 44.","","WGS 84","062342d9-2598-11ed-aace-005056be1b7a","Shelved under 36-1-5.","Ron McPeak","Batangas Province","04 Mar 1995","Euthyneura","1057247","Heterobranchia","14712","Ringipleura","1057249","Doridoidea","173","Nudipleura","411966","","","","","","","","","","","","","","Doridoidei","246038","","","","","","","","","","","","","","","","","","","","","","","","","","","","","","","","","","","","","","","",""
"","PreservedSpecimen","","false","52679","Teleostei","293496","ICH","Philippines","-702172800000","-702172800000","-702172800000","1947","2","14.358786","120.760205","","1947-10-02","Serranidae","125561","Chelidoperca","204085","Actinopterygii","10194","1","Gnathostomata","1828","CAS","Animalia","2","Coast of Cavite Province: S. entrance to Manila Bay.","true","","","10","Perciformes","11014","Osteichthyes","152352","Chordata","1821","Chelidoperca stella","","Chelidoperca stella","1385046","","","Vertebrata","146419","Actinopteri","843664","","Manila Bay","","1947","caac5119-bc29-47d3-aa85-0a6ce3987016","d6af0fac-8a21-4d77-8872-f10d471fc0cf","[""b7c47783-a020-4173-b390-7b57c4fa1426""]","false","false","Chelidoperca stella","1385046","[""NO_DEPTH""]","8","2461","28.51","31.51","http://grscicoll.org/institutional-collection/cas-ichthyology","Pacific Ocean","24829","2025-09-22","AWH 2-X-47C","FishNet Collaborative Georeferencing Project","Error covers Manila Bay off Cavite Province.","Animalia, Chordata, Actinopteri, Perciformes, Percoidei, Serranidae","Pacific Ocean, Indo-West Pacific, Philippines","Mizuki Matsunuma","http://grscicoll.org/institution/california-academy-sciences","en","https://creativecommons.org/publicdomain/zero/1.0/","2025-09-24 16:16:21","ICZN","urn:catalog:CAS:ICH:52679","UW 9774","alcohol-75% EtOH","Matsunuma & Motomura 2016","stella","275","Percoidei","151751","Biota","1","species","Physical Object","14.358786°","120.760205°","","","","","","Herre, Albert W.","Cavite","","","","","","","","","","","","","","","","","","","","","","","","","","","","","","","","","","","","","","","","","","","","","","","","","","","","","","","","","","","","","","","","","",""
"","PreservedSpecimen","","","104007","Octocorallia","1341","IZ","Philippines","794275200000","794275200000","794275200000","1995","4","14.170135","120.575502","12.190000000000001","1995-03-04","Plexauridae","125277","","","","","","","","CAS","Animalia","2","Nasugbu, Hamilo Cove, Hamilo Cove Point","true","16.76","7.62","3","Malacalcyonacea","1609357","","","Cnidaria","1267","Plexauridae","","","","","","Anthozoa","1292","","","","","","1995","cb966c2c-c090-42d1-a1ef-0089a70c9b9c","aa16d305-d413-4c4a-90be-b1ec3298d58d","[""b7c47783-a020-4173-b390-7b57c4fa1426""]","false","false","Plexauridae","125277","[]","-21","78","28.48","31.91","https://www.gbif.org/grscicoll/collection/5d4a63d3-e994-4b19-b592-e853a8e3b470","Asia","5729","1995-04-01","046288","","[needs verification] Hamilo Cove. Placed marker near Hamilo Point.","Animalia, Cnidaria, Anthozoa, Octocorallia, Alcyonacea, Holaxonia, Plexauridae","Asia, North Pacific Ocean, Philippines, Luzon","G.C. Williams","http://grscicoll.org/institution/california-academy-sciences","en","https://creativecommons.org/publicdomain/zero/1.0/","","ICZN","urn:catalog:CAS:IZ:104007","","Fluid-75% EtOH(2)","Gray, 1859","","63","","","Biota","1","","Physical Object","14.170135","120.575502","Water temp: 78deg F, Visibility 15', ""murky"" conditions; Eleutherobia collected at 45 ft; many gorgonians (plexaurids).","4 Mar 1995","WGS 84","06269608-2598-11ed-aace-005056be1b7a","","Gary C. Williams","Batangas Province","4 Mar 1995","","","","","","","","","","","","","","","","","","","","","","","","","","","","","","","","","","","","","","","","","","","","","","","","","","","","","","","","","","","","","","","","",""
"","PreservedSpecimen","","","C.76865","Gastropoda","101","co114","","","","","","","14.17638","120.60777","","","Cypraeidae","23022","Monetaria","205350","","","","","","AM","Animalia","2","Luzon Is, Hamilo (Jamelo) Cove","true","","","","Littorinimorpha","382213","","","Mollusca","51","Monetaria annulus","urn:lsid:marinespecies.org:taxname:216875","Monetaria annulus","216875","Erosariinae","411674","","","","","","","true","","cc7d13e3-3b78-4bc1-98cb-10a0517509aa","58bb5aa2-2939-48d5-9015-b18706e26425","[""2a57cd59-6799-4579-955e-27c9af97aea4""]","false","false","Monetaria annulus","216875","[""NO_DEPTH""]","-1","70","","","","","10000","","","","","","","","","","","2017-03-08T17:36:48","","urn:lsid:ozcam.taxonomy.org.au:AM:Malacology:C.76865","","","","annulus","","","","","","species","","","","","","","","","","","","","","Caenogastropoda","224570","","","Cypraeoidea","14774","","","","","","","present","","","","","","","","","","","","","","","","","","","","","","","","","","","","","","","","","","","","","","","","","","","","0.0896","POINT (120.60777 14.17638)","Ringed Cowry","","","",""
"","PreservedSpecimen","","","103792","Gastropoda","101","IZ","Philippines","794275200000","794275200000","794275200000","1995","4","14.170135","120.575502","","1995-03-04","Myrrhinidae","570862","Phyllodesmium","204424","","","","","","CAS","Animalia","2","Hamilo Bay, The Head","true","","","3","Nudibranchia","1762","","","Mollusca","51","Phyllodesmium opalescens","","Phyllodesmium opalescens","599305","","","","","","","","","","1995","ce8552de-28b9-4b4c-b123-7b4fec98aa56","aa16d305-d413-4c4a-90be-b1ec3298d58d","[""b7c47783-a020-4173-b390-7b57c4fa1426""]","false","false","Phyllodesmium opalescens","599305","[""NO_DEPTH""]","-21","78","28.48","31.91","https://www.gbif.org/grscicoll/collection/5d4a63d3-e994-4b19-b592-e853a8e3b470","Asia","5729","","046544","","[needs verification] Hamilo Bay. Placed marker near Hamilo Point.","Animalia, Mollusca, Gastropoda, Heterobranchia, Euthyneura, Ringipleura, Nudipleura, Nudibranchia, Cladobranchia, Aeolidioidea, Myrrhinidae","Asia, North Pacific Ocean, Philippines, Luzon Island","T.M. Gosliner","http://grscicoll.org/institution/california-academy-sciences","en","https://creativecommons.org/publicdomain/zero/1.0/","","ICZN","urn:catalog:CAS:IZ:103792","","Fluid-75% EtOH(1)|Image(s)(1)","Rudman, 1991","opalescens","63","Aeolidina","1565561","Biota","1","species","Physical Object","14.170135","120.575502","","","WGS 84","062342d9-2598-11ed-aace-005056be1b7a","formerly catalogued as Phyllodesmium poindimiei.","M. Miller","Batangas Province","04 Mar 1995","Euthyneura","1057247","Heterobranchia","14712","Ringipleura","1057249","Aeolidioidea","189","Nudipleura","411966","","","","","","","","","","","","","","","","","","","","","","","","","","","","","","","","","","","","","","","","","","","","","","","","","","","","","","",""
"","PreservedSpecimen","","true","21615","Teleostei","293496","SU(ICH)","Philippines","","","","","","14.245076","120.610974","","","Ambassidae","151432","Ambassis","204831","Actinopterygii","10194","10","Gnathostomata","1828","CAS","Animalia","2","Limbones Cove, Luzon I., P.I.","true","","","","Ovalentaria incertae sedis","1517546","Osteichthyes","152352","Chordata","1821","Ambassis urotaenia","","Ambassis urotaenia","220038","","","Vertebrata","146419","Actinopteri","843664","","","","","cf54df3e-fd15-463c-a923-b578dc1a88d7","d6af0fac-8a21-4d77-8872-f10d471fc0cf","[""b7c47783-a020-4173-b390-7b57c4fa1426""]","false","false","Ambassis urotaenia","220038","[""NO_DEPTH""]","25","1307","","","http://grscicoll.org/institutional-collection/cas-ichthyology","Pacific Ocean","3131","","AS-LIMBONES","FishNet Collaborative Georeferencing Project","Polygon covers Limbones Cove. Coordinates placed at center of polygon.","Animalia, Chordata, Actinopteri, Mugiliformes, Ambassidae","Pacific Ocean, Indo-West Pacific","","http://grscicoll.org/institution/california-academy-sciences","en","https://creativecommons.org/publicdomain/zero/1.0/","2013-09-10 17:16:54","ICZN","urn:catalog:CAS:SU(ICH):21615","","alcohol-75% EtOH","Bleeker 1852","urotaenia","","","","Biota","1","species","Physical Object","14.245076°","120.610974°","","","","","","Seale, Alvin","","","","","","","","","","","","","","","","","","","","","","","","","","","","","marine","","","","","","","","","","","","Luzon I.","","","","","","","","","","","","","","","","","","","","","","","","","",""
"","PreservedSpecimen","","false","455508","Gastropoda","101","IZ","Philippines","289267200000","289267200000","289267200000","1979","3","14.409493","120.838067","0","1979-03-03","Acmaeidae","114","","","","","","","","CAS","Animalia","2","55 km S of Manila, Ternate, from a small beach on cove near a river, at water's edge.","true","","0","3","","","","","Mollusca","51","Acmaeidae","","","","","","","","","","","","","1979","d3d5fc08-bfb1-4d68-8d82-8edfe8ab2e6e","aa16d305-d413-4c4a-90be-b1ec3298d58d","[""b7c47783-a020-4173-b390-7b57c4fa1426""]","false","false","Acmaeidae","114","[]","2","560","","","https://www.gbif.org/grscicoll/collection/5d4a63d3-e994-4b19-b592-e853a8e3b470","Asia","17050","","003118","","[no precise location] Cavite Province. Placed marker at the coast of Cavite.","Animalia, Mollusca, Gastropoda, Patellogastropoda, Lottioidea, Acmaeidae","Asia, North Pacific Ocean, Philippines, Luzon","","http://grscicoll.org/institution/california-academy-sciences","en","https://creativecommons.org/publicdomain/zero/1.0/","2024-08-29 12:23:37","ICZN","urn:catalog:CAS:IZ:455508","","Fluid-75% EtOH(1)","Forbes, 1850","","62","","","Biota","1","","Physical Object","14.409493","120.838067","Specimens in 1-8 oz. bottle and in very good condition. Ecological data: murky water, a few stones at water's edge.Original accession date 5 Apr 1979.","","WGS 84","0573d704-2598-11ed-aace-005056be1b7a","Determination is Group No. 36-1-1: Acmaeidae, Lottiidae or Eoacmaeidae.","Antonio J. Ferreira","Cavite Province","3 Mar 1979","","","Patellogastropoda","382158","","","Lottioidea","391063","","","","","","","","","","","","","","","","","","","rock","","","","","","","","","","","","","","","","","","","","","","","","","","","","","","","","","","","","","",""
"","PreservedSpecimen","","","103852","Octocorallia","1341","IZ","Philippines","794275200000","794275200000","794275200000","1995","4","14.170135","120.575502","12.190000000000001","1995-03-04","Plexauridae","125277","","","","","","","","CAS","Animalia","2","Nasugbu, Hamilo Cove, Hamilo Cove Point","true","16.76","7.62","3","Malacalcyonacea","1609357","","","Cnidaria","1267","Plexauridae","","","","","","Anthozoa","1292","","","","","","1995","d6ee4327-21fb-48e8-9a99-0e492d370031","aa16d305-d413-4c4a-90be-b1ec3298d58d","[""b7c47783-a020-4173-b390-7b57c4fa1426""]","false","false","Plexauridae","125277","[]","-21","78","28.48","31.91","https://www.gbif.org/grscicoll/collection/5d4a63d3-e994-4b19-b592-e853a8e3b470","Asia","5729","","046288","","[needs verification] Hamilo Cove. Placed marker near Hamilo Point.","Animalia, Cnidaria, Anthozoa, Octocorallia, Alcyonacea, Holaxonia, Plexauridae","Asia, North Pacific Ocean, Philippines, Luzon","","http://grscicoll.org/institution/california-academy-sciences","en","https://creativecommons.org/publicdomain/zero/1.0/","","ICZN","urn:catalog:CAS:IZ:103852","","Fluid-75% EtOH(1)","Gray, 1859","","63","","","Biota","1","","Physical Object","14.170135","120.575502","Water temp: 78deg F, Visibility 15', ""murky"" conditions; Eleutherobia collected at 45 ft; many gorgonians (plexaurids).","4 Mar 1995","WGS 84","06269608-2598-11ed-aace-005056be1b7a","","Gary C. Williams","Batangas Province","4 Mar 1995","","","","","","","","","","","","","","","","","","","","","","","","","","","","","","","","","","","","","","","","","","","","","","","","","","","","","","","","","","","","","","","","",""
"","HumanObservation","","","33168041","Bivalvia","105","Observations","","347155200000","347155200000","347155200000","1981","","14.4791297","120.8894102994","","1981-01-01T17:55:00-08:00","Donacidae","236","Latona","511077","","","","","","iNaturalist","Animalia","2","","true","","","","Cardiida","869602","","","Mollusca","51","Latona bicolor","urn:lsid:marinespecies.org:taxname:1760924","Latona bicolor","1760924","","","","","","","","","","","d8924ef9-a6e4-41e0-a424-b916ca68dffb","eaea291a-1e1d-4382-b86f-ac3cc15b8d5a","[""f92d5d7f-47a6-4605-9fd0-a8538dfde3fd""]","false","false","Latona bicolor","1760924","[""NO_DEPTH"",""ON_LAND""]","-1","-22","28.52","31.48","","","4000","2025-03-02T00:46:28Z","","","","","","amr_mn","","","https://creativecommons.org/licenses/by-nc/4.0/","2025-04-02T13:20:08Z","","https://www.inaturalist.org/observations/33168041","","","","","","","","Biota","1","species","","","","","17:55:00-08:00","EPSG:4326","","Collected by my father","Donna Pomeroy","Cavite","1981/01/01 5:55 PM -0800","Heteroconchia","1424949","Autobranchia","1424948","Euheterodonta","382296","Tellinoidea","14636","Imparidentia","869600","","PH","iNaturalist research-grade observations","597287753","urn:lsid:marinespecies.org:taxname:1760924","https://www.inaturalist.org/observations/33168041","Donna Pomeroy","1610898","Cavite City, Philippines","","","","","","","","","","","","","","","","","","","","","","","","","","","","","","","","","","","","","","","","","","","","","",""
"","PreservedSpecimen","","true","NMI- 570","Teleostei","293496","SEAOBIS-795932","Philippines","","","","","","14.340603","120.762623","","","Muraenesocidae","125430","Muraenesox","125633","Actinopterygii","10194","1","Gnathostomata","1828","SEAOBIS","Animalia","2","","true","","","","Anguilliformes","10295","Osteichthyes","152352","Chordata","1821","Muraenesox cinereus","","Muraenesox cinereus","126296","","","Vertebrata","146419","Actinopteri","843664","","","true","1948","dab99770-b55c-44bc-9aeb-f7d4a9c2b233","288e63af-5f94-43d4-a039-f238b432129c","[""e19d3c02-134f-45b8-9577-e34e8d89cc22""]","false","false","Muraenesox cinereus","126296","[""NO_DEPTH""]","1","1093","28.51","31.51","","","","","","","","","","","","","","2003-06-25","","795932","","","","","","","","","","","","","","","","","","","Umali, A.F.","Cavite","","","","","","","","","","","","","PH","","","","","","","","","","45880","","","","","","","","","unsexed","","","","","","","","","","","","","","","","","","","Umali, A.F.","","","Cavite","298","","","","","","","","","","",""
"","PreservedSpecimen","","","84989","Cephalopoda","11707","IZ","Philippines","-1011657600000","-1011657600000","-1011657600000","1937","11","14.147945","120.590675","","1937-12-11","Octopodidae","11782","Octopus","138268","","","","","","CAS","Animalia","2","Nasugbu","true","","","12","Octopoda","11718","","","Mollusca","51","Octopus","","","","","","","","","","","","true","1937","dc37ae25-8008-4193-a16a-cf9eb45606e7","aa16d305-d413-4c4a-90be-b1ec3298d58d","[""b7c47783-a020-4173-b390-7b57c4fa1426""]","false","false","Octopus","138268","[""NO_DEPTH""]","-3","493","28.43","31.84","https://www.gbif.org/grscicoll/collection/5d4a63d3-e994-4b19-b592-e853a8e3b470","Asia","19200","1991-10","019198","","[no precise location] Nasugbu, Batangas","Animalia, Mollusca, Cephalopoda, Coleoidea, Octopodiformes, Octopoda, Incirrata, Octopodoidea, Octopodidae","Asia, North Pacific Ocean, Philippines, Luzon Island","M. Norman","http://grscicoll.org/institution/california-academy-sciences","en","https://creativecommons.org/publicdomain/zero/1.0/","","ICZN","urn:catalog:CAS:IZ:84989","","Fluid-75% EtOH(4)","Cuvier, 1798","","345","Incirrata","11733","Biota","1","","Physical Object","14.147945","120.590675","","","WGS 84","05b8f4a3-2598-11ed-aace-005056be1b7a","Spec. notes: 4; NOTES:Identified as ""Octopus sp. 2.""","A.Wm.Chr.Th. Herre","Batangas Province","11 Dec 1937","","","Coleoidea","11709","","","Octopodoidea","14672","Octopodiformes","325343","","","","","","","","","","","","","","","","","","","","","","","","","","","","","","","","","","","","","","","","","","","","","","","","","","","","","","",""
"","PreservedSpecimen","","true","57154","Teleostei","293496","I","Philippines","","","","","11","14.433333","120.833333","","","Apogonidae","125518","Jaydia","206779","Actinopterygii","10194","","Gnathostomata","1828","KAUM","Animalia","2","","true","","","10","Kurtiformes","1517499","Osteichthyes","152352","Chordata","1821","Jaydia poeciloptera","urn:lsid:marinespecies.org:taxname:273074","Jaydia poeciloptera","1059799","Apogoninae","267079","Vertebrata","146419","Actinopteri","843664","273074","","","2013","dc4c4fca-d536-4287-929f-9a6dbe4b9cfc","2891a788-9f30-4413-8f73-9e7686890e9d","[""dcb0c76d-46a1-4e07-9a69-98cf3fd67576""]","false","false","Apogon poecilopterus","1059799","[""NO_DEPTH""]","9","2199","28.52","31.38","72","","","","","","","","","","","","(CC-BY NC) 4.0","2016-03-14T23:18:45+09:00","","FN2[31561996]:KAUM-72[273074:57154]","","","","","","","","","","","Collection","","","","","","","","","","","","","","","","","","","","","","","KAUM","","","","Tulane University","273074","","Non-commercial use only","TU","30240532","0 meters","","","","","","","","","","","","","","","","","","","","","","","","","","","","","","","","","","","","","","","","","",""
"National Museum of Natural History, Smithsonian Institution","PreservedSpecimen","Department of Vertebrate Zoology, Research and Collections Information System, NMNH, Smithsonian Institution","false","361118.5271944","Teleostei","293496","Vertebrate Zoology; Fishes","Philippines","-1921708800000","-1921708800000","-1921708800000","1909","8","14.3000001907","120.699996948","22","1909-02-08T12:00:00Z","Apogonidae","125518","Ostorhinchus","297317","Actinopterygii","10194","4.0","Gnathostomata","1828","USNM","Animalia","2","Corregidor Lt., N. 74 Degrees W., 6.9 Miles, Manila Bay","true","22","22","2","Kurtiformes","1517499","Osteichthyes","152352","Chordata","1821","Ostorhinchus pleuron","urn:lsid:marinespecies.org:taxname:273073","Ostorhinchus pleuron","712683","Apogoninae","267079","Vertebrata","146419","Actinopteri","843664","273073","Pacific","","1909","dd7c909e-e8e5-4fae-b768-eea845e2de83","d6d6fe4c-425f-4ce7-bf28-7a6befaeb413","[""310922b4-9d0c-4de1-92d7-9b442d34765b""]","false","false","Apogon pleuron","712683","[]","10","1370","28.48","31.6","","","","","","","","","","","","","","","","","","","Fraser","","","","","","","","","","","","","","","","","","","","","","","","","","","","","","","","","","","","","","","","","","","","","","","","","","","","","","","","","","","","","","","","","","","","","","","","","","","","","","","","","","",""
"","PreservedSpecimen","","false","NMI 1657","Teleostei","293496","SEAOBIS-795892","Philippines","","","","","","14.338538","120.761204","","","Ostraciidae","125611","Ostracion","206484","Actinopterygii","10194","1","Gnathostomata","1828","SEAOBIS","Animalia","2","","true","","","","Tetraodontiformes","10332","Osteichthyes","152352","Chordata","1821","Ostracion rhinorhynchos","","Ostracion rhinorhynchos","278935","","","Vertebrata","146419","Actinopteri","843664","403466","","","1947","de331418-cfe9-4e0a-9797-8f2512729ad5","288e63af-5f94-43d4-a039-f238b432129c","[""e19d3c02-134f-45b8-9577-e34e8d89cc22""]","false","false","Ostracion rhinorhynchus","278935","[""NO_DEPTH""]","1","828","28.51","31.51","","","","","","","","","","","","","","2003-06-18","","795892","","","","","","","","","","","","","","","","","","","Umali, A.F.","Cavite","","","","","","","","","","","","","PH","","","","","","","","","","45880","","","","","","","","","unsexed","","","","","","","","","","","","","","","","","","","Umali, A.F.","","","Cavite","","","","","","","","","","","",""
"","PreservedSpecimen","","false","108754","Malacostraca","1071","IZ","Philippines","794275200000","794275200000","794275200000","1995","4","14.1716666667","120.5833333333","","1995-03-04","Porcellanidae","106734","","","","","","","","CAS","Animalia","2","Nasugbu, Pinnacle Rock","true","","","3","Decapoda","1130","","","Arthropoda","1065","Porcellanidae","","","","","","Crustacea","1066","Multicrustacea","845959","","","true","1995","de65582d-930a-465f-8257-2943d6dd66a8","aa16d305-d413-4c4a-90be-b1ec3298d58d","[""b7c47783-a020-4173-b390-7b57c4fa1426""]","false","false","Porcellanidae","106734","[""NO_DEPTH"",""ON_LAND""]","-21","-183","28.48","31.91","https://www.gbif.org/grscicoll/collection/5d4a63d3-e994-4b19-b592-e853a8e3b470","Asia","","","045968","","","Animalia, Arthropoda, Crustacea, Malacostraca, Eumalacostraca, Eucarida, Decapoda, Pleocyemata, Anomura, Galatheoidea, Porcellanidae","Asia, North Pacific Ocean, Philippines, Luzon","","http://grscicoll.org/institution/california-academy-sciences","en","https://creativecommons.org/publicdomain/zero/1.0/","","ICZN","urn:catalog:CAS:IZ:108754","","Fluid-75% EtOH(12)","Haworth, 1825","","63","Pleocyemata","106670","Biota","1","","Physical Object","14° 10.3' N","120° 35' E","water temp: 78 deg F, Visibility: 30'+","","","06234727-2598-11ed-aace-005056be1b7a","","Gary C. Williams","Batangas Province","04 Mar 1995","","","Eumalacostraca","1086","","","Galatheoidea","106685","Eucarida","1089","","","","","","","","","","","","","","Anomura","106671","","","","","","","","","","","","","","","","","","","","","","","","","","","","","","","","","","","","","","","",""
"","PreservedSpecimen","","false","32861","Teleostei","293496","ICH","Philippines","-189388800000","-189388800000","-189388800000","1964","1","14.245076","120.610974","36.575","1964-01-01","Platycephalidae","125593","Rogadius","204376","Actinopterygii","10194","2","Gnathostomata","1828","CAS","Animalia","2","South of Manila Bay; E side of Limbones Cove","true","47.55","25.6","1","Perciformes","11014","Osteichthyes","152352","Chordata","1821","Rogadius asper","","Rogadius asper","218150","","","Vertebrata","146419","Actinopteri","843664","","","","1964","df8673a7-ee9d-48b0-8c67-4375a254f7a1","d6af0fac-8a21-4d77-8872-f10d471fc0cf","[""b7c47783-a020-4173-b390-7b57c4fa1426""]","false","false","Rogadius asper","218150","[]","25","1307","","","http://grscicoll.org/institutional-collection/cas-ichthyology","Pacific Ocean","3131","1986","Z32861","FishNet Collaborative Georeferencing Project","Polygon covers Limbones Cove. Coordinates placed at center of polygon.","Animalia, Chordata, Actinopteri, Perciformes, Scorpaenoidei, Platycephalidae","Pacific Ocean, Indo-West Pacific","L. W. Knapp","http://grscicoll.org/institution/california-academy-sciences","en","https://creativecommons.org/publicdomain/zero/1.0/","","ICZN","urn:catalog:CAS:ICH:32861","5","alcohol-75% EtOH","(Cuvier 1829)","asper","1","Scorpaenoidei","154247","Biota","1","species","Physical Object","14.245076°","120.610974°","","","","","","Norton, J. E.","","","","","","","","","","","","","","","","","","","","","","","","","14-26 fa","","","","","","","","","","","","","","","","Luzon I.","TRAWL","","","","","","","","","","","","","","","","","","","","","","","","",""
"","PreservedSpecimen","","false","Gal-II-1222","","","Galathea II","","","","","","","14.3666","120.75","21","1951-07-10 00:00:00.0000000","Phascolosomatidae","1645","Phascolosoma","136029","","","15","","","ZMUC","Animalia","2","Manila Bay, Phillipines","true","21","21","","Sipuncula","1268","","","Annelida","882","Phascolosoma (Phascolosoma) nigrescens","","Phascolosoma (Phascolosoma) nigrescens","220538","","","","","","","","","","","e00337d2-d21c-41c1-a49f-04341b0f707c","4b8ea120-4859-4645-a834-cc5b34c8416c","[""4bf79a01-65a9-4db6-b37b-18434f26ddfc""]","false","false","Phascolosoma nigrescens","220538","[]","10","3837","28.51","31.51","","","1750","","","","","","","","","","","2009-09-30 00:00:00.0000000","","urn:catalog:ZMUC:Galathea II:Gal-II-1222","","","Keferstein 1865","nigrescens","","","","","","","","","","","","","","","Galathea II Danish Deep Sea Expedition 1950-52","","","","","","","","","","","","","","","","","","","","","","","","","","","","","","","","","","","","","","","","","","","","","","","","","","","","","","","","","","","","","","","","37",". Record published in http://www.zmuc.dk/InverWeb/","Phascolosoma (Phascolosoma)","410752"
"","PreservedSpecimen","","","104014","Octocorallia","1341","IZ","Philippines","794275200000","794275200000","794275200000","1995","4","14.170135","120.575502","12.190000000000001","1995-03-04","Plexauridae","125277","","","","","","","","CAS","Animalia","2","Nasugbu, Hamilo Cove, Hamilo Cove Point","true","16.76","7.62","3","Malacalcyonacea","1609357","","","Cnidaria","1267","Plexauridae","","","","","","Anthozoa","1292","","","","","","1995","e1d66721-049b-4f13-83d4-42ca888d2dab","aa16d305-d413-4c4a-90be-b1ec3298d58d","[""b7c47783-a020-4173-b390-7b57c4fa1426""]","false","false","Plexauridae","125277","[]","-21","78","28.48","31.91","https://www.gbif.org/grscicoll/collection/5d4a63d3-e994-4b19-b592-e853a8e3b470","Asia","5729","1995-04-01","046288","","[needs verification] Hamilo Cove. Placed marker near Hamilo Point.","Animalia, Cnidaria, Anthozoa, Octocorallia, Alcyonacea, Holaxonia, Plexauridae","Asia, North Pacific Ocean, Philippines, Luzon","G.C. Williams","http://grscicoll.org/institution/california-academy-sciences","en","https://creativecommons.org/publicdomain/zero/1.0/","","ICZN","urn:catalog:CAS:IZ:104014","","Fluid-75% EtOH(1)","Gray, 1859","","63","","","Biota","1","","Physical Object","14.170135","120.575502","Water temp: 78deg F, Visibility 15', ""murky"" conditions; Eleutherobia collected at 45 ft; many gorgonians (plexaurids).","4 Mar 1995","WGS 84","06269608-2598-11ed-aace-005056be1b7a","","Gary C. Williams","Batangas Province","4 Mar 1995","","","","","","","","","","","","","","","","","","","","","","","","","","","","","","","","","","","","","","","","","","","","","","","","","","","","","","","","","","","","","","","","",""
"","PreservedSpecimen","","","568411-Mollusca","Gastropoda","101","Invertebrate Zoology","Philippines","-631152000000","-631152000000","-631152000000","1950","","14.4766","120.8795","","1950-01-01","Naticidae","145","Sinum","138244","","","","","","UF","Animalia","2","Cavite","true","","","","Littorinimorpha","382213","","","Mollusca","51","Sinum planulatum","","Sinum planulatum","569948","Sininae","411696","","","","","","","","","e2000b28-f128-4d2d-ae30-d9e082f67dcc","c5687a17-e454-40f9-9a4b-d04b2c812d74","[""b7c47783-a020-4173-b390-7b57c4fa1426""]","false","false","Sinum planulatum","569948","[""NO_DEPTH""]","2","811","28.52","31.48","","Asia","","","","","","","Philippines, Cavite Province","","","","","2023-06-15 13:27:43","","40f1a46e-6d7b-4618-bffb-03d8413e41a2","1174","dry - 2","","planulatum","","","","Biota","1","","","","","","","","c4c4c2a6-6771-42bb-bb84-86642f6407d4","","de Mesa, Pedro","Cavite Province","","","","Caenogastropoda","224570","","","Naticoidea","14776","","","","","","","","","","","","","","","","","","","","","","","","","","","","","","","","","","","","","","","","","","","","","","","","","","","","","","","","",""
"","HumanObservation","","false","1524389","Asteroidea","123080","Observations","","1431734400000","1431734400000","1431734400000","2015","","14.2897","120.7168","","2015-05-16","Ophidiasteridae","123137","Linckia","178186","","","","","","iNaturalist","Animalia","2","","true","","","","Valvatida","123090","","","Echinodermata","1806","Linckia laevigata","urn:lsid:marinespecies.org:taxname:207610","Linckia laevigata","207610","","","Asterozoa","148743","","","","","","","e503607b-8a91-4a53-a201-a4f28a037a5e","eaea291a-1e1d-4382-b86f-ac3cc15b8d5a","[""f92d5d7f-47a6-4605-9fd0-a8538dfde3fd""]","false","false","Linckia laevigata","207610","[""NO_DEPTH"",""ON_LAND""]","-10","-579","28.48","31.6","","","","2015-12-07T21:26:54Z","","","","","","echinoblog","","","https://creativecommons.org/licenses/by-nc/4.0/","2017-02-24T06:46:46Z","","http://www.inaturalist.org/observations/1524389","","","","","","","","Biota","1","species","","","","","","EPSG:4326","","sea animals","Louella Villanueva","Cavite","2015-05-16","Neoasteroidea","1562576","Ambuloasteroidea","1562575","","","","","Valvatacea","582528","","PH","iNaturalist research-grade observations","4536558","urn:lsid:marinespecies.org:taxname:207610","https://www.inaturalist.org/observations/1524389","Louella Villanueva","57745","Ternate, PH-CV, PH","","","","","","","","","","","","","","","","","","","","","","","","","","","","","","","","","","","","","","","","","","","","","",""
"","HumanObservation","","","113072272","","","Observations","","1637971200000","1637971200000","1637971200000","2021","","14.2054823155","120.6514392594","","2021-11-27T22:18:39+08:00","Cheloniidae","136999","Lepidochelys","137069","","","","Gnathostomata","1828","iNaturalist","Animalia","2","","true","","","","Testudines","2689","","","Chordata","1821","Lepidochelys olivacea","urn:lsid:marinespecies.org:taxname:220293","Lepidochelys olivacea","220293","","","Vertebrata","146419","Reptilia","1838","","","true","","e5e9c35c-57a8-4fb7-a750-482b43b3b74d","eaea291a-1e1d-4382-b86f-ac3cc15b8d5a","[""f92d5d7f-47a6-4605-9fd0-a8538dfde3fd""]","false","false","Lepidochelys olivacea","220293","[""NO_DEPTH"",""ON_LAND""]","-212","-3558","","","","","30968","2022-04-27T09:55:45Z","","","","","","Mark David","","","https://creativecommons.org/licenses/by-nc/4.0/","2022-05-02T12:26:58Z","","https://www.inaturalist.org/observations/113072272","","","","","","Cryptodira","148741","Biota","1","species","","","","","22:18:39+08:00","EPSG:4326","","","Mark David","Cavite","2021-11-27 22:18:39+08:00","","","","","","","Chelonioidea","987094","","","","PH","iNaturalist research-grade observations","252886899","urn:lsid:marinespecies.org:taxname:220293","https://www.inaturalist.org/observations/113072272","Mark David","39670","Philippines","","","","","","","","","","Coordinate uncertainty increased to 30968m to protect threatened taxon","","","","","","","","Tetrapoda","1831","","","","","","","","","","","","","","","","","","","VU","","","","","","","",""
"","PreservedSpecimen","","","105690","Gastropoda","101","IZ","Philippines","794275200000","794275200000","794275200000","1995","4","14.170135","120.575502","0.61","1995-03-04","Chromodorididae","23003","Hypselodoris","137784","","","","","","CAS","Animalia","2","Hamilo Bay, back bay","true","","0.61","3","Doridida","1829294","","","Mollusca","51","Hypselodoris infucata","","Hypselodoris infucata","139151","Miamirinae","549835","","","","","","","true","1995","e6dfccf8-6b20-4fd2-bda1-df43df193c4d","aa16d305-d413-4c4a-90be-b1ec3298d58d","[""b7c47783-a020-4173-b390-7b57c4fa1426""]","false","false","Hypselodoris infucata","139151","[]","-21","78","28.48","31.91","https://www.gbif.org/grscicoll/collection/5d4a63d3-e994-4b19-b592-e853a8e3b470","Asia","5729","1995-03-04","046514","","[needs verification] Hamilo Bay. Placed marker near Hamilo Point.","Animalia, Mollusca, Gastropoda, Heterobranchia, Euthyneura, Ringipleura, Nudipleura, Nudibranchia, Doridina, Doridoidei, Chromodoridoidea, Chromodorididae, Miamirinae","Asia, North Pacific Ocean, Philippines, Luzon Island","T.M. Gosliner","http://grscicoll.org/institution/california-academy-sciences","en","https://creativecommons.org/publicdomain/zero/1.0/","","ICZN","urn:catalog:CAS:IZ:105690","","Fluid-75% EtOH(2)","(Rüppell & Leuckart, 1830)","infucata","63","","","Biota","1","species","Physical Object","14.170135","120.575502","snorkelling","","WGS 84","06279b22-2598-11ed-aace-005056be1b7a","dissected. radula and jaws removed and mounted on stub. stub not present at time of cataloging.","D.W. Behrens","Batangas Province","","Euthyneura","1057247","Heterobranchia","14712","Ringipleura","1057249","Chromodoridoidea","1370609","Nudipleura","411966","VOUCHER","","","","","","","","","","","","","Doridoidei","246038","","","","","","","","","","","","","","","","","","","","","","","","","","","","","","","","","","","","","","","",""
"","PreservedSpecimen","","","103750","Gastropoda","101","IZ","Philippines","794275200000","794275200000","794275200000","1995","4","14.170135","120.575502","10","1995-03-04","Chromodorididae","23003","Chromodoris","137782","","","","","","CAS","Animalia","2","Hamilo Bay, Pinnacle Rock","true","","10","3","Doridida","1829294","","","Mollusca","51","Chromodoris joshi","","Chromodoris joshi","457496","Chromodoridinae","1370610","","","","","","","","1995","e8a38bd2-94aa-4d37-b9cc-36b591925542","aa16d305-d413-4c4a-90be-b1ec3298d58d","[""b7c47783-a020-4173-b390-7b57c4fa1426""]","false","false","Chromodoris joshi","457496","[]","-21","78","28.48","31.91","https://www.gbif.org/grscicoll/collection/5d4a63d3-e994-4b19-b592-e853a8e3b470","Asia","5729","1998-02-11","046533","","[needs verification] Hamilo Bay. Placed marker near Hamilo Point.","Animalia, Mollusca, Gastropoda, Heterobranchia, Euthyneura, Ringipleura, Nudipleura, Nudibranchia, Doridina, Doridoidei, Chromodoridoidea, Chromodorididae, Chromodoridinae","Asia, North Pacific Ocean, Philippines, Luzon Island","T.M. Gosliner and D.W. Behrens","http://grscicoll.org/institution/california-academy-sciences","en","https://creativecommons.org/publicdomain/zero/1.0/","","ICZN","urn:catalog:CAS:IZ:103750","","Fluid-75% EtOH(2)","Gosliner & Behrens, 1998","joshi","63","","","Biota","1","species","Physical Object","14.170135","120.575502","","","WGS 84","0627b0de-2598-11ed-aace-005056be1b7a","one specimen dissected.","M.T. Ghiselin","Batangas Province","04 Mar 1995","Euthyneura","1057247","Heterobranchia","14712","Ringipleura","1057249","Chromodoridoidea","1370609","Nudipleura","411966","PARATYPE","","","","","","","","","","","","","Doridoidei","246038","","","","","","","","","","","","","","","","","","","","","","","","","","","","","","","","","","","","","","","",""
"","PreservedSpecimen","","false","455383","Gastropoda","101","IZ","Philippines","289526400000","289440000000","289353600000","1979","4","14.115468","120.612432","0.61","1979-03-04/06","Acmaeidae","114","","","","","","","","CAS","Animalia","2","Nasugbu, in front of the ""Maya-Maya Reef Club""","true","1.22","0","3","","","","","Mollusca","51","Acmaeidae","","","","","","","","","","","","","1979","ea2d9453-2b42-4e50-bc59-088781231bd0","aa16d305-d413-4c4a-90be-b1ec3298d58d","[""b7c47783-a020-4173-b390-7b57c4fa1426""]","false","false","Acmaeidae","114","[]","-3","15","28.43","31.84","https://www.gbif.org/grscicoll/collection/5d4a63d3-e994-4b19-b592-e853a8e3b470","Asia","667","","003115","","Placed marker near Maya-maya Club, Given coordinates are located inland.","Animalia, Mollusca, Gastropoda, Patellogastropoda, Lottioidea, Acmaeidae","Asia, North Pacific Ocean, Philippines, Luzon","","http://grscicoll.org/institution/california-academy-sciences","en","https://creativecommons.org/publicdomain/zero/1.0/","2024-08-14 08:53:27","ICZN","urn:catalog:CAS:IZ:455383","","Fluid-75% EtOH(6)","Forbes, 1850","","63","","","Biota","1","","Physical Object","14.115468","120.612432","Specimens in 2-8 oz. bottles and in very good condition.Original accession date 3 Apr 1979.","","WGS 84","0573d53e-2598-11ed-aace-005056be1b7a","Determination is Group No. 36-1-1: Acmaeidae, Lottiidae or Eoacmaeidae.","Antonio J. Ferreira","Batangas Province","4-6 Mar 1979","","","Patellogastropoda","382158","","","Lottioidea","391063","","","","","","","","","","","","","","","","","","65","","","","","","","","","","","","","","","","","","","","","","","","","","","","","","","","","","","","","","",""
"","PreservedSpecimen","","true","422644","Malacostraca","1071","IZ","Philippines","-1043193600000","-1043193600000","-1043193600000","1936","11","14.147945","120.590675","","1936-12-11","Penaeidae","106727","","","","","","","","CAS","Animalia","2","Nasugbu","true","","","12","Decapoda","1130","","","Arthropoda","1065","Penaeidae","","","","","","Crustacea","1066","Multicrustacea","845959","","","true","1936","ea856d2e-88af-4177-99a4-14f362630c58","aa16d305-d413-4c4a-90be-b1ec3298d58d","[""b7c47783-a020-4173-b390-7b57c4fa1426""]","false","false","Penaeidae","106727","[""NO_DEPTH""]","-3","493","28.43","31.84","https://www.gbif.org/grscicoll/collection/5d4a63d3-e994-4b19-b592-e853a8e3b470","Asia","19200","","027681","","[no precise location] Nasugbu, Batangas","Animalia, Arthropoda, Crustacea, Malacostraca, Eumalacostraca, Eucarida, Decapoda, Dendrobranchiata, Penaeoidea, Penaeidae","Asia, North Pacific Ocean, Philippines, Luzon","","http://grscicoll.org/institution/california-academy-sciences","en","https://creativecommons.org/publicdomain/zero/1.0/","2023-06-20 14:49:33","ICZN","urn:catalog:CAS:IZ:422644","","Fluid-75% EtOH(1)","Rafinesque, 1815","","346","Dendrobranchiata","106669","Biota","1","","Physical Object","14.147945","120.590675","","","WGS 84","05e5467c-2598-11ed-aace-005056be1b7a","","A. W. C. T. Herre","Batangas Province","11 Dec 1936","","","Eumalacostraca","1086","","","Penaeoidea","106683","Eucarida","1089","","","","","","","","","","","","","","","","","","","","","","","","","","","","","","","","","","","","","","","","","","","","","","","","","","","","","","",""
"","PreservedSpecimen","","true","57162","Teleostei","293496","I","Philippines","","","","","11","14.433333","120.833333","","","Apogonidae","125518","Jaydia","206779","Actinopterygii","10194","","Gnathostomata","1828","KAUM","Animalia","2","","true","","","10","Kurtiformes","1517499","Osteichthyes","152352","Chordata","1821","Jaydia poeciloptera","urn:lsid:marinespecies.org:taxname:273074","Jaydia poeciloptera","1059799","Apogoninae","267079","Vertebrata","146419","Actinopteri","843664","273074","","","2013","ec41b996-6c93-40a1-acb0-794a3c6682a8","2891a788-9f30-4413-8f73-9e7686890e9d","[""dcb0c76d-46a1-4e07-9a69-98cf3fd67576""]","false","false","Apogon poecilopterus","1059799","[""NO_DEPTH""]","9","2199","28.52","31.38","72","","","","","","","","","","","","(CC-BY NC) 4.0","2016-03-14T23:19:11+09:00","","FN2[31562004]:KAUM-72[273074:57162]","","","","","","","","","","","Collection","","","","","","","","","","","","","","","","","","","","","","","KAUM","","","","Tulane University","273074","","Non-commercial use only","TU","30240540","0 meters","","","","","","","","","","","","","","","","","","","","","","","","","","","","","","","","","","","","","","","","","",""
"","PreservedSpecimen","","false","455527","Gastropoda","101","IZ","Philippines","289267200000","289267200000","289267200000","1979","3","14.409493","120.838067","0","1979-03-03","Acmaeidae","114","","","","","","","","CAS","Animalia","2","55 km S of Manila, Ternate, from a small beach on cove near a river, at water's edge.","true","","0","3","","","","","Mollusca","51","Acmaeidae","","","","","","","","","","","","","1979","ed7ce6b4-548a-406f-a936-1e655a1a7248","aa16d305-d413-4c4a-90be-b1ec3298d58d","[""b7c47783-a020-4173-b390-7b57c4fa1426""]","false","false","Acmaeidae","114","[]","2","560","","","https://www.gbif.org/grscicoll/collection/5d4a63d3-e994-4b19-b592-e853a8e3b470","Asia","17050","","003118","","[no precise location] Cavite Province. Placed marker at the coast of Cavite.","Animalia, Mollusca, Gastropoda, Patellogastropoda, Lottioidea, Acmaeidae","Asia, North Pacific Ocean, Philippines, Luzon","","http://grscicoll.org/institution/california-academy-sciences","en","https://creativecommons.org/publicdomain/zero/1.0/","2024-08-29 12:23:44","ICZN","urn:catalog:CAS:IZ:455527","","Fluid-75% EtOH(1)","Forbes, 1850","","62","","","Biota","1","","Physical Object","14.409493","120.838067","Specimens in 1-8 oz. bottle and in very good condition. Ecological data: murky water, a few stones at water's edge.Original accession date 5 Apr 1979.","","WGS 84","0573d704-2598-11ed-aace-005056be1b7a","Determination is Group No. 36-1-1: Acmaeidae, Lottiidae or Eoacmaeidae.","Antonio J. Ferreira","Cavite Province","3 Mar 1979","","","Patellogastropoda","382158","","","Lottioidea","391063","","","","","","","","","","","","","","","","","","","rock","","","","","","","","","","","","","","","","","","","","","","","","","","","","","","","","","","","","","",""
"","PreservedSpecimen","","false","93701","Gastropoda","101","IZ","Philippines","794275200000","794275200000","794275200000","1995","4","14.170135","120.575502","","1995-03-04","Chromodorididae","23003","Goniobranchus","558453","","","","","","CAS","Animalia","2","Hamilo Bay, The Head","true","","","3","Doridida","1829294","","","Mollusca","51","Goniobranchus fidelis","","Goniobranchus fidelis","597334","Chromodoridinae","1370610","","","","","","","","1995","ee705b81-dc36-4232-b9a2-86e395db7b72","aa16d305-d413-4c4a-90be-b1ec3298d58d","[""b7c47783-a020-4173-b390-7b57c4fa1426""]","false","false","Goniobranchus fidelis","597334","[""NO_DEPTH""]","-21","78","28.48","31.91","https://www.gbif.org/grscicoll/collection/5d4a63d3-e994-4b19-b592-e853a8e3b470","Asia","5729","1995-03-04","045955","","[needs verification] Hamilo Bay. Placed marker near Hamilo Point.","Animalia, Mollusca, Gastropoda, Heterobranchia, Euthyneura, Ringipleura, Nudipleura, Nudibranchia, Doridina, Doridoidei, Chromodoridoidea, Chromodorididae, Chromodoridinae","Asia, North Pacific Ocean, Philippines, Luzon Island","T.M. Gosliner","http://grscicoll.org/institution/california-academy-sciences","en","https://creativecommons.org/publicdomain/zero/1.0/","","ICZN","urn:catalog:CAS:IZ:93701","","Fluid-75% EtOH(1)|Image(s)(1)","(Kelaart, 1858)","fidelis","63","","","Biota","1","species","Physical Object","14.170135","120.575502","","","WGS 84","062342d9-2598-11ed-aace-005056be1b7a","formerly Chromodoris.","T.M. Gosliner","Batangas Province","04 Mar 1995","Euthyneura","1057247","Heterobranchia","14712","Ringipleura","1057249","Chromodoridoidea","1370609","Nudipleura","411966","","","","","","","","","","","","","","Doridoidei","246038","","","","","","","","","","","","","","","","","","","","","","","","","","","","","","","","","","","","","","","",""
"","PreservedSpecimen","","false","30434","Cephalopoda","11707","IZ","Philippines","","","","","","14.409493","120.838067","","","Loliginidae","11734","Sepioteuthis","204951","","","","","","CAS","Animalia","2","Cavite","true","","","","Myopsida","11728","","","Mollusca","51","Sepioteuthis lessoniana","","Sepioteuthis lessoniana","220317","","","","","","","","","true","","ee70b42a-c5e5-4c5d-ae26-c3d08c5cb2ca","aa16d305-d413-4c4a-90be-b1ec3298d58d","[""b7c47783-a020-4173-b390-7b57c4fa1426""]","false","false","Sepioteuthis lessoniana","220317","[""NO_DEPTH""]","2","560","","","https://www.gbif.org/grscicoll/collection/5d4a63d3-e994-4b19-b592-e853a8e3b470","Asia","17050","1982-06-16","019337","","[no precise location] Cavite Province. Placed marker at the coast of Cavite.","Animalia, Mollusca, Cephalopoda, Coleoidea, Decapodiformes, Myopsida, Loliginidae","Asia, North Pacific Ocean, Philippines, Luzon Island","F.G. Hochberg","http://grscicoll.org/institution/california-academy-sciences","en","https://creativecommons.org/publicdomain/zero/1.0/","","ICZN","urn:catalog:CAS:IZ:30434","","Dry-dry(1)","Lesson, 1830","lessoniana","","","","Biota","1","species","Physical Object","14.409493","120.838067","","","WGS 84","05b9aead-2598-11ed-aace-005056be1b7a","Spec. notes: 1; NOTES:Female.","Dr. Lung","Cavite [Province]","","","","Coleoidea","11709","","","","","Decapodiformes","325342","","","","","","","","","","","","","","","","","","","","","","","","","","","","","","","","","","","","","","","","","","","","","","","","","","","","","","",""
"","PreservedSpecimen","","true","114716","Gastropoda","101","IZ","Philippines","289526400000","289440000000","289353600000","1979","4","14.115468","120.612432","0.61","1979-03-04/06","Siphonariidae","23118","","","","","","","","CAS","Animalia","2","Nasugbu, in front of the ""Maya-Maya Reef Club""","true","1.22","0","3","Siphonariida","1057459","","","Mollusca","51","Siphonariidae","","","","","","","","","","","","true","1979","ef28b204-b6a2-4b24-b659-2bac2063c60c","aa16d305-d413-4c4a-90be-b1ec3298d58d","[""b7c47783-a020-4173-b390-7b57c4fa1426""]","false","false","Siphonariidae","23118","[]","-3","15","28.43","31.84","https://www.gbif.org/grscicoll/collection/5d4a63d3-e994-4b19-b592-e853a8e3b470","Asia","667","","003115","","Placed marker near Maya-maya Club, Given coordinates are located inland.","Animalia, Mollusca, Gastropoda, Heterobranchia, Euthyneura, Tectipleura, Siphonarimorpha, Siphonariida, Siphonarioidea, Siphonariidae","Asia, North Pacific Ocean, Philippines, Luzon","","http://grscicoll.org/institution/california-academy-sciences","en","https://creativecommons.org/publicdomain/zero/1.0/","","ICZN","urn:catalog:CAS:IZ:114716","","Fluid-75% EtOH(1)","Gray, 1827","","63","","","Biota","1","","Physical Object","14.115468","120.612432","Specimens in 2-8 oz. bottles and in very good condition.Original accession date 3 Apr 1979.","","WGS 84","0573d53e-2598-11ed-aace-005056be1b7a","","Antonio J. Ferreira","Batangas Province","4-6 Mar 1979","Euthyneura","1057247","Heterobranchia","14712","Tectipleura","1057250","Siphonarioidea","382225","Siphonarimorpha","1057458","","","","","","","","","","","","","","","","65","","","","","","","","","","","","","","","","","","","","","","","","","","","","","","","","","","","","","","",""
"","HumanObservation","","","109732350","Bivalvia","105","Observations","","1648425600000","1648425600000","1648425600000","2022","","14.3041102304","120.7257992774","","2022-03-28T11:44:29+01:00","Veneridae","243","Anomalodiscus","492478","","","","","","iNaturalist","Animalia","2","","true","","","","Venerida","217","","","Mollusca","51","Anomalodiscus squamosus","urn:lsid:marinespecies.org:taxname:507445","Anomalodiscus squamosus","507445","Venerinae","152410","","","","","","","","","f01873ad-7053-4023-b912-8dcd3055cf58","eaea291a-1e1d-4382-b86f-ac3cc15b8d5a","[""f92d5d7f-47a6-4605-9fd0-a8538dfde3fd""]","false","false","Anomalodiscus squamosus","507445","[""NO_DEPTH"",""ON_LAND""]","-6","-73","28.48","31.6","","","25","2022-07-14T08:33:08Z","","","","","","Gavin","","","https://creativecommons.org/licenses/by/4.0/","2023-12-29T03:57:03Z","","https://www.inaturalist.org/observations/109732350","","","","","","","","Biota","1","species","","","","","11:44:29+01:00","EPSG:4326","","","John P","Cavite","2022-03-28 11:44:29","Heteroconchia","1424949","Autobranchia","1424948","Euheterodonta","382296","Veneroidea","14638","Imparidentia","869600","","PH","iNaturalist research-grade observations","278940547","urn:lsid:marinespecies.org:taxname:507445","https://www.inaturalist.org/observations/109732350","John P","631140","Ternate, PH-CV, PH","","","","","","","","","","","","","","","","","","","","","","","","","","","","","","","","","","","","","","","","","","","","","",""
"","PreservedSpecimen","","false","45860","Teleostei","293496","ICH","Philippines","","","","","1","14.358786","120.760205","","","Anthiadidae","1758484","Pseudanthias","204513","Actinopterygii","10194","2","Gnathostomata","1828","CAS","Animalia","2","","true","","","10","Perciformes","11014","Osteichthyes","152352","Chordata","1821","Pseudanthias tuka","urn:lsid:marinespecies.org:taxname:312510","Pseudanthias tuka","218272","","","Vertebrata","146419","Actinopteri","843664","312510","","true","1947","f132057b-db55-4173-9b72-de6740c89470","2891a788-9f30-4413-8f73-9e7686890e9d","[""dcb0c76d-46a1-4e07-9a69-98cf3fd67576""]","false","false","Mirolabrichthys tuka","218272","[""NO_DEPTH""]","8","2461","28.51","31.51","62","","24829","","","","","","","","","","(CC-BY NC) 4.0","51:00.0","","FN2[31196095]:CAS-62[312510:45860]","","","","","","Percoidei","151751","","","","Collection","","","","","","","","Herre, Albert W.","","","","","","","","","","","","","","","CAS","","","","Tulane University","312510","","Non-commercial use only","TU","31059893","","","","","","","","","","","","","","","","","Luzon I.","","","","","","","","","","","","","","","","","","","","","","","","","",""
"","PreservedSpecimen","","","103801","Octocorallia","1341","IZ","Philippines","794275200000","794275200000","794275200000","1995","4","14.170135","120.575502","12.19","1995-03-04","Carijoidae","1749523","Carijoa","205447","","","","","","CAS","Animalia","2","Nasugbu, Hamilo Cove, 14deg-10'N, 120 deg,33'E,","true","","12.19","3","Malacalcyonacea","1609357","","","Cnidaria","1267","Carijoa","","","","Carijoinae","1792671","Anthozoa","1292","","","","","true","1995","f5b91ec6-b961-4b1e-a262-cd47af8f0f0f","aa16d305-d413-4c4a-90be-b1ec3298d58d","[""b7c47783-a020-4173-b390-7b57c4fa1426""]","false","false","Carijoa","205447","[]","-21","78","28.48","31.91","https://www.gbif.org/grscicoll/collection/5d4a63d3-e994-4b19-b592-e853a8e3b470","Asia","5729","1995-04-01","046286","","[needs verification] Hamilo Cove. Placed marker near Hamilo Point.","Animalia, Cnidaria, Anthozoa, Octocorallia, Alcyonacea, Stolonifera, Clavulariidae","Asia, North Pacific Ocean, Philippines, Luzon","G.C. Williams","http://grscicoll.org/institution/california-academy-sciences","en","https://creativecommons.org/publicdomain/zero/1.0/","","ICZN","urn:catalog:CAS:IZ:103801","","Fluid-75% EtOH(2)","Müller, 1867","","63","","","Biota","1","","Physical Object","14.170135","120.575502","Water temp: 78deg F, Visibility 25-30'","","WGS 84","062693ea-2598-11ed-aace-005056be1b7a","","G.C. Williams","Batangas Province","","","","","","","","","","","","","","","","","","","","","","","","","","","","","","","","","","","","","","","","","","","","","","","","","","","","","","","","","","","","","","","","","",""
"","PreservedSpecimen","","","580934-Mollusca","Bivalvia","105","Invertebrate Zoology","Philippines","441763200000","441763200000","441763200000","1984","","14.4098","120.8429","","1984-01-01","Pectinidae","213","Annachlamys","393860","","","","","","UF","Animalia","2","Manila Bay","true","","","","Pectinida","387324","","","Mollusca","51","Annachlamys striatula","","Annachlamys striatula","393967","Pectininae","393857","","","","","","","","","f6abc2db-1c86-4082-9dc7-fc41b6ec72de","c5687a17-e454-40f9-9a4b-d04b2c812d74","[""b7c47783-a020-4173-b390-7b57c4fa1426""]","false","false","Annachlamys striatula","393967","[""NO_DEPTH""]","-3","97","","","","Asia","","","","","","","Philippines","","","","","2023-05-03 19:29:50","","9c5aca30-cff9-49af-9d66-223fa4d58a65","1203","dry - 2","(Linnaeus 1758)","striatula","","","","Biota","1","","","","","","","","ef677f92-d695-4392-bdf3-3d52309efefe","","","","","Pteriomorphia","206","Autobranchia","1424948","","","Pectinoidea","151320","","","","","","","","","","","","","","","","","","","","","","","","","","","","","","","","","","","","","","","","","","","","","","","Pectinini","393858","","","","","","","","",""
"","HumanObservation","","","33168040","Bivalvia","105","Observations","","347155200000","347155200000","347155200000","1981","","14.4791297","120.8894102994","","1981-01-01T17:55:00-08:00","Donacidae","236","Latona","511077","","","","","","iNaturalist","Animalia","2","","true","","","","Cardiida","869602","","","Mollusca","51","Latona bicolor","urn:lsid:marinespecies.org:taxname:1760924","Latona bicolor","1760924","","","","","","","","","","","f7a88414-6453-41ce-8883-81328477b038","eaea291a-1e1d-4382-b86f-ac3cc15b8d5a","[""f92d5d7f-47a6-4605-9fd0-a8538dfde3fd""]","false","false","Latona bicolor","1760924","[""NO_DEPTH"",""ON_LAND""]","-1","-22","28.52","31.48","","","4000","2025-03-02T00:45:54Z","","","","","","amr_mn","","","https://creativecommons.org/licenses/by-nc/4.0/","2025-04-02T13:20:08Z","","https://www.inaturalist.org/observations/33168040","","","","","","","","Biota","1","species","","","","","17:55:00-08:00","EPSG:4326","","Collected by my father","Donna Pomeroy","Cavite","1981/01/01 5:55 PM -0800","Heteroconchia","1424949","Autobranchia","1424948","Euheterodonta","382296","Tellinoidea","14636","Imparidentia","869600","","PH","iNaturalist research-grade observations","597287517","urn:lsid:marinespecies.org:taxname:1760924","https://www.inaturalist.org/observations/33168040","Donna Pomeroy","1610898","Cavite City, Philippines","","","","","","","","","","","","","","","","","","","","","","","","","","","","","","","","","","","","","","","","","","","","","",""
"","PreservedSpecimen","","false","105682","Gastropoda","101","IZ","Philippines","794275200000","794275200000","794275200000","1995","4","14.170135","120.575502","","1995-03-04","Phyllidiidae","23093","Phyllidia","138347","","","","","","CAS","Animalia","2","Hamilo Bay, Pinnacle Rock","true","","","3","Doridida","1829294","","","Mollusca","51","Phyllidia exquisita","","Phyllidia exquisita","536631","","","","","","","","","","1995","f7f1eae8-3236-40e6-8d15-57c166384b37","aa16d305-d413-4c4a-90be-b1ec3298d58d","[""b7c47783-a020-4173-b390-7b57c4fa1426""]","false","false","Phyllidia exquisita","536631","[""NO_DEPTH""]","-21","78","28.48","31.91","https://www.gbif.org/grscicoll/collection/5d4a63d3-e994-4b19-b592-e853a8e3b470","Asia","5729","1995-03-04","046509","","[needs verification] Hamilo Bay. Placed marker near Hamilo Point.","Animalia, Mollusca, Gastropoda, Heterobranchia, Euthyneura, Ringipleura, Nudipleura, Nudibranchia, Doridina, Doridoidei, Phyllidioidea, Phyllidiidae","Asia, North Pacific Ocean, Philippines, Luzon Island","T.M. Gosliner","http://grscicoll.org/institution/california-academy-sciences","en","https://creativecommons.org/publicdomain/zero/1.0/","","ICZN","urn:catalog:CAS:IZ:105682","","Fluid-75% EtOH(1)","Brunckhorst, 1993","exquisita","63","","","Biota","1","species","Physical Object","14.170135","120.575502","","","WGS 84","062799b5-2598-11ed-aace-005056be1b7a","original label erroneously reads ""ST 40 Ligpo night 3 March"".","T.M. Gosliner","Batangas Province","","Euthyneura","1057247","Heterobranchia","14712","Ringipleura","1057249","Phyllidioidea","412563","Nudipleura","411966","","","","","","","","","","","","","","Doridoidei","246038","","","","","","","","","","","","","","","","","","","","","","","","","","","","","","","","","","","","","","","",""
"","PreservedSpecimen","","","104008","Octocorallia","1341","IZ","Philippines","794275200000","794275200000","794275200000","1995","4","14.170135","120.575502","12.190000000000001","1995-03-04","Plexauridae","125277","","","","","","","","CAS","Animalia","2","Nasugbu, Hamilo Cove, Hamilo Cove Point","true","16.76","7.62","3","Malacalcyonacea","1609357","","","Cnidaria","1267","Plexauridae","","","","","","Anthozoa","1292","","","","","","1995","f89100cb-4f69-47d1-a65f-5baf101245ff","aa16d305-d413-4c4a-90be-b1ec3298d58d","[""b7c47783-a020-4173-b390-7b57c4fa1426""]","false","false","Plexauridae","125277","[]","-21","78","28.48","31.91","https://www.gbif.org/grscicoll/collection/5d4a63d3-e994-4b19-b592-e853a8e3b470","Asia","5729","1995-04-01","046288","","[needs verification] Hamilo Cove. Placed marker near Hamilo Point.","Animalia, Cnidaria, Anthozoa, Octocorallia, Alcyonacea, Holaxonia, Plexauridae","Asia, North Pacific Ocean, Philippines, Luzon","G.C. Williams","http://grscicoll.org/institution/california-academy-sciences","en","https://creativecommons.org/publicdomain/zero/1.0/","","ICZN","urn:catalog:CAS:IZ:104008","","Fluid-75% EtOH(2)","Gray, 1859","","63","","","Biota","1","","Physical Object","14.170135","120.575502","Water temp: 78deg F, Visibility 15', ""murky"" conditions; Eleutherobia collected at 45 ft; many gorgonians (plexaurids).","4 Mar 1995","WGS 84","06269608-2598-11ed-aace-005056be1b7a","","Gary C. Williams","Batangas Province","4 Mar 1995","","","","","","","","","","","","","","","","","","","","","","","","","","","","","","","","","","","","","","","","","","","","","","","","","","","","","","","","","","","","","","","","",""
"","PreservedSpecimen","","false","695","Teleostei","293496","Fish","Philippines","","","","","7","14.107651","120.623249","","","Kyphosidae","125540","Girella","269217","Actinopterygii","10194","","Gnathostomata","1828","LACM","Animalia","2","","true","","","3","Centrarchiformes","1517557","Osteichthyes","152352","Chordata","1821","Girella elevata","urn:lsid:marinespecies.org:taxname:280858","Girella elevata","280858","Girellinae","151776","Vertebrata","146419","Actinopteri","843664","","","","1957","fb60f89c-53e8-4614-a51d-101cf92d0814","2891a788-9f30-4413-8f73-9e7686890e9d","[""dcb0c76d-46a1-4e07-9a69-98cf3fd67576""]","false","false","Girella elevata","280858","[""NO_DEPTH""]","-21","74","28.43","31.84","9","","1121686","","","","","","","","","","(CC-BY NC) 4.0","10/8/2018","","FN2[32535864]:LACM-9[280858:695]","","","","","","","","","","","Collection","","","","","","","","","","","","","","","","","","","","","","","LACM","","","","Tulane University","280858","","Non-commercial use only","TU","38003412","","","","","","","","","","","","","","","","","","","","","","","","","","","","","","","","","","","","","","","","","","",""
"","PreservedSpecimen","","true","57161","Teleostei","293496","I","Philippines","","","","","11","14.433333","120.833333","","","Apogonidae","125518","Jaydia","206779","Actinopterygii","10194","","Gnathostomata","1828","KAUM","Animalia","2","","true","","","10","Kurtiformes","1517499","Osteichthyes","152352","Chordata","1821","Jaydia poeciloptera","urn:lsid:marinespecies.org:taxname:273074","Jaydia poeciloptera","1059799","Apogoninae","267079","Vertebrata","146419","Actinopteri","843664","273074","","","2013","fefadf1b-4562-4842-8e1e-31e5acad1ddb","2891a788-9f30-4413-8f73-9e7686890e9d","[""dcb0c76d-46a1-4e07-9a69-98cf3fd67576""]","false","false","Apogon poecilopterus","1059799","[""NO_DEPTH""]","9","2199","28.52","31.38","72","","","","","","","","","","","","(CC-BY NC) 4.0","2016-03-14T23:19:08+09:00","","FN2[31562003]:KAUM-72[273074:57161]","","","","","","","","","","","Collection","","","","","","","","","","","","","","","","","","","","","","","KAUM","","","","Tulane University","273074","","Non-commercial use only","TU","30240539","0 meters","","","","","","","","","","","","","","","","","","","","","","","","","","","","","","","","","","","","","","","","","",""